"STATION","NAME","LATITUDE","LONGITUDE","ELEVATION","DATE","AWND","PGTM","PRCP","SNOW","SNWD","TAVG","TMAX","TMIN","WDF2","WDF5","WSF2","WSF5","WT01","WT02","WT03","WT04","WT05","WT06","WT08","WT09"
"USW00014742","BURLINGTON INTERNATIONAL AIRPORT, VT US","44.46825","-73.1499","101.1","2022-09-01","4.2",,"0.0","0.0","0.0",,"19.4","10.6","  330","  290","8.1","10.7",,,,,,,,
"USW00014742","BURLINGTON INTERNATIONAL AIRPORT, VT US","44.46825","-73.1499","101.1","2022-09-02","2.5",,"0.0","0.0","0.0",,"25.0","8.3","  160","  200","6.7","8.5",,,,,,,,
"USW00014742","BURLINGTON INTERNATIONAL AIRPORT, VT US","44.46825","-73.1499","101.1","2022-09-03","3.8",,"0.0","0.0","0.0",,"28.3","13.3","  200","  200","9.4","11.2",,,,,,,,
"USW00014742","BURLINGTON INTERNATIONAL AIRPORT, VT US","44.46825","-73.1499","101.1","2022-09-04","3.0",,"0.0","0.0","0.0",,"22.8","14.4","  340","  340","8.9","10.3","    1",,,,,,"    1",
"USW00014742","BURLINGTON INTERNATIONAL AIRPORT, VT US","44.46825","-73.1499","101.1","2022-09-05","1.9",,"0.3","0.0","0.0",,"16.7","14.4","   10","  340","4.0","4.5","    1",,,,,,,
"USW00014742","BURLINGTON INTERNATIONAL AIRPORT, VT US","44.46825","-73.1499","101.1","2022-09-06","1.3",,"2.8","0.0","0.0",,"20.6","16.1","  110","   30","4.0","6.3","    1",,,,,,,
"USW00014742","BURLINGTON INTERNATIONAL AIRPORT, VT US","44.46825","-73.1499","101.1","2022-09-07","1.4",,"0.0","0.0","0.0",,"25.0","16.1","  320","  260","4.5","9.4",,,,,,,,
"USW00014742","BURLINGTON INTERNATIONAL AIRPORT, VT US","44.46825","-73.1499","101.1","2022-09-08","0.9",,"0.0","0.0","0.0",,"27.2","13.9","  300","  300","4.0","4.9","    1","    1",,,,,,
"USW00014742","BURLINGTON INTERNATIONAL AIRPORT, VT US","44.46825","-73.1499","101.1","2022-09-09","0.6",,"0.0","0.0","0.0",,"28.3","13.9","  220","  190","3.6","4.5",,,,,,,,
"USW00014742","BURLINGTON INTERNATIONAL AIRPORT, VT US","44.46825","-73.1499","101.1","2022-09-10","1.7",,"0.0","0.0","0.0",,"29.4","14.4","  200","  190","5.8","7.2",,,,,,,,
"USW00014742","BURLINGTON INTERNATIONAL AIRPORT, VT US","44.46825","-73.1499","101.1","2022-09-11","2.3",,"0.0","0.0","0.0",,"28.3","16.1","  190","  190","6.7","8.9",,,,,,,,
"USW00014742","BURLINGTON INTERNATIONAL AIRPORT, VT US","44.46825","-73.1499","101.1","2022-09-12","1.0",,"0.0","0.0","0.0",,"28.3","18.9","  290","  260","4.0","5.4",,,,,,,,
"USW00014742","BURLINGTON INTERNATIONAL AIRPORT, VT US","44.46825","-73.1499","101.1","2022-09-13","1.5",,"65.0","0.0","0.0",,"24.4","17.2","  130","  130","7.2","8.9","    1",,"    1",,,,,
"USW00014742","BURLINGTON INTERNATIONAL AIRPORT, VT US","44.46825","-73.1499","101.1","2022-09-14","4.6",,"1.3","0.0","0.0",,"25.6","13.9","  350","  350","11.2","13.9","    1",,,,,,,
"USW00014742","BURLINGTON INTERNATIONAL AIRPORT, VT US","44.46825","-73.1499","101.1","2022-09-15","4.3",,"0.0","0.0","0.0",,"17.8","9.4","  330","  320","8.9","11.6",,,,,,,,
"USW00014742","BURLINGTON INTERNATIONAL AIRPORT, VT US","44.46825","-73.1499","101.1","2022-09-16","2.7",,"0.0","0.0","0.0",,"18.9","8.9","  330","   20","8.1","10.3",,,,,,,,
"USW00014742","BURLINGTON INTERNATIONAL AIRPORT, VT US","44.46825","-73.1499","101.1","2022-09-17","2.0",,"0.0","0.0","0.0",,"20.6","7.2","  200","  200","5.8","8.1",,,,,,,,
"USW00014742","BURLINGTON INTERNATIONAL AIRPORT, VT US","44.46825","-73.1499","101.1","2022-09-18","3.6",,"3.0","0.0","0.0",,"22.8","13.9","  190","  190","7.6","11.6","    1",,,,,,,
"USW00014742","BURLINGTON INTERNATIONAL AIRPORT, VT US","44.46825","-73.1499","101.1","2022-09-19","2.2",,"43.4","0.0","0.0",,"21.1","13.9","  230","  240","5.8","7.2","    1",,"    1",,,,,
"USW00014742","BURLINGTON INTERNATIONAL AIRPORT, VT US","44.46825","-73.1499","101.1","2022-09-20","2.1",,"6.4","0.0","0.0",,"17.8","13.3","   10","   20","6.3","8.1","    1",,,,,,,
"USW00014742","BURLINGTON INTERNATIONAL AIRPORT, VT US","44.46825","-73.1499","101.1","2022-09-21","3.3",,"1.3","0.0","0.0",,"21.1","13.3","  190","  190","9.4","13.9","    1",,,,,,,
"USW00014742","BURLINGTON INTERNATIONAL AIRPORT, VT US","44.46825","-73.1499","101.1","2022-09-22","6.1",,"23.4","0.0","0.0",,"21.1","10.0","  330","  330","13.4","17.0","    1",,"    1",,,,"    1",
"USW00014742","BURLINGTON INTERNATIONAL AIRPORT, VT US","44.46825","-73.1499","101.1","2022-09-23","6.4",,"0.0","0.0","0.0",,"12.8","7.2","  340","  330","10.3","13.0",,,,,,,,
"USW00014742","BURLINGTON INTERNATIONAL AIRPORT, VT US","44.46825","-73.1499","101.1","2022-09-24","3.0",,"0.0","0.0","0.0",,"19.4","5.0","  350","  320","8.9","10.7",,,,,,,,
"USW00014742","BURLINGTON INTERNATIONAL AIRPORT, VT US","44.46825","-73.1499","101.1","2022-09-25","1.9",,"9.1","0.0","0.0",,"15.0","7.8","  190","  190","6.7","8.9","    1",,,,,,,
"USW00014742","BURLINGTON INTERNATIONAL AIRPORT, VT US","44.46825","-73.1499","101.1","2022-09-26","3.4",,"2.3","0.0","0.0",,"20.6","13.3","  200","  200","7.2","10.3","    1",,,,,,,
"USW00014742","BURLINGTON INTERNATIONAL AIRPORT, VT US","44.46825","-73.1499","101.1","2022-09-27","4.9",,"0.8","0.0","0.0",,"16.1","11.7","  200","  200","9.8","13.4",,,,,,,,
"USW00014742","BURLINGTON INTERNATIONAL AIRPORT, VT US","44.46825","-73.1499","101.1","2022-09-28","3.9",,"5.1","0.0","0.0",,"17.8","12.2","  340","  330","8.1","10.3","    1",,,,,,,
"USW00014742","BURLINGTON INTERNATIONAL AIRPORT, VT US","44.46825","-73.1499","101.1","2022-09-29","3.4",,"0.0","0.0","0.0",,"13.9","5.0","  350","  360","8.1","10.3",,,,,,,,
"USW00014742","BURLINGTON INTERNATIONAL AIRPORT, VT US","44.46825","-73.1499","101.1","2022-09-30","0.8",,"0.0","0.0","0.0",,"17.8","3.3","  320","  320","3.1","4.0","    1",,,,,,,
"USW00014742","BURLINGTON INTERNATIONAL AIRPORT, VT US","44.46825","-73.1499","101.1","2022-10-01","2.7",,"0.0","0.0","0.0",,"18.3","6.7","  360","   10","7.2","8.9",,,,,,,,
"USW00014742","BURLINGTON INTERNATIONAL AIRPORT, VT US","44.46825","-73.1499","101.1","2022-10-02","4.5",,"0.0","0.0","0.0",,"13.9","4.4","  330","  330","10.7","13.0",,,,,,,,
"USW00014742","BURLINGTON INTERNATIONAL AIRPORT, VT US","44.46825","-73.1499","101.1","2022-10-03","2.0",,"0.0","0.0","0.0",,"15.0","1.1","  320","  310","6.3","8.1",,,,,,,,
"USW00014742","BURLINGTON INTERNATIONAL AIRPORT, VT US","44.46825","-73.1499","101.1","2022-10-04","1.2",,"0.0","0.0","0.0",,"16.1","3.3","  330","  330","4.0","5.4",,,,,,,,
"USW00014742","BURLINGTON INTERNATIONAL AIRPORT, VT US","44.46825","-73.1499","101.1","2022-10-05","0.8",,"0.0","0.0","0.0",,"21.1","6.7","  320","  290","3.6","4.5",,,,,,,,
"USW00014742","BURLINGTON INTERNATIONAL AIRPORT, VT US","44.46825","-73.1499","101.1","2022-10-06","1.5",,"0.0","0.0","0.0",,"23.9","6.7","  220","  200","5.4","6.3",,,,,,,,
"USW00014742","BURLINGTON INTERNATIONAL AIRPORT, VT US","44.46825","-73.1499","101.1","2022-10-07","4.0",,"5.1","0.0","0.0",,"19.4","7.8","  330","  330","9.8","13.4","    1",,,,,,,
"USW00014742","BURLINGTON INTERNATIONAL AIRPORT, VT US","44.46825","-73.1499","101.1","2022-10-08","3.2",,"0.3","0.0","0.0",,"11.1","4.4","  290","  320","6.3","8.1",,,,,,,,
"USW00014742","BURLINGTON INTERNATIONAL AIRPORT, VT US","44.46825","-73.1499","101.1","2022-10-09","3.7",,"1.0","0.0","0.0",,"12.2","4.4","  200","  200","9.4","12.1","    1",,,,,,,
"USW00014742","BURLINGTON INTERNATIONAL AIRPORT, VT US","44.46825","-73.1499","101.1","2022-10-10","1.1",,"0.3","0.0","0.0",,"13.3","2.2","  360","  350","4.5","5.8",,,,,,,,
"USW00014742","BURLINGTON INTERNATIONAL AIRPORT, VT US","44.46825","-73.1499","101.1","2022-10-11","1.8",,"0.0","0.0","0.0",,"17.2","0.6","  200","  180","6.3","8.1",,,,,,,,
"USW00014742","BURLINGTON INTERNATIONAL AIRPORT, VT US","44.46825","-73.1499","101.1","2022-10-12","3.9",,"0.0","0.0","0.0",,"21.7","5.0","  200","  190","10.7","14.3",,,,,,,,
"USW00014742","BURLINGTON INTERNATIONAL AIRPORT, VT US","44.46825","-73.1499","101.1","2022-10-13","4.9",,"30.7","0.0","0.0",,"21.7","11.1","  180","  180","11.6","16.5","    1",,,,,,,
"USW00014742","BURLINGTON INTERNATIONAL AIRPORT, VT US","44.46825","-73.1499","101.1","2022-10-14","0.9",,"13.7","0.0","0.0",,"17.2","6.7","  110","  100","4.0","5.8","    1",,,,,,,
"USW00014742","BURLINGTON INTERNATIONAL AIRPORT, VT US","44.46825","-73.1499","101.1","2022-10-15","3.0",,"0.0","0.0","0.0",,"20.0","5.0","  200","  200","9.8","13.9","    1","    1",,,,,,
"USW00014742","BURLINGTON INTERNATIONAL AIRPORT, VT US","44.46825","-73.1499","101.1","2022-10-16","1.2",,"0.0","0.0","0.0",,"17.2","5.0","  340","  340","5.4","5.8",,,,,,,,
"USW00014742","BURLINGTON INTERNATIONAL AIRPORT, VT US","44.46825","-73.1499","101.1","2022-10-17","2.0",,"3.8","0.0","0.0",,"14.4","3.3","  150","  150","6.3","7.6",,,,,,,,
"USW00014742","BURLINGTON INTERNATIONAL AIRPORT, VT US","44.46825","-73.1499","101.1","2022-10-18","2.7",,"0.3","0.0","0.0",,"14.4","6.7","  200","  200","6.7","9.8","    1",,,,,,,
"USW00014742","BURLINGTON INTERNATIONAL AIRPORT, VT US","44.46825","-73.1499","101.1","2022-10-19","3.8",,"0.0","0.0","0.0",,"12.2","2.2","  190","  210","8.9","11.6",,,,,,,,
"USW00014742","BURLINGTON INTERNATIONAL AIRPORT, VT US","44.46825","-73.1499","101.1","2022-10-20","4.8",,"0.0","0.0","0.0",,"10.0","5.6","  190","  180","9.4","12.5",,,,,,,,
"USW00014742","BURLINGTON INTERNATIONAL AIRPORT, VT US","44.46825","-73.1499","101.1","2022-10-21","4.5",,"0.0","0.0","0.0",,"15.0","3.9","  180","  230","8.1","11.2",,,,,,,,
"USW00014742","BURLINGTON INTERNATIONAL AIRPORT, VT US","44.46825","-73.1499","101.1","2022-10-22","5.5",,"0.0","0.0","0.0",,"20.6","10.0","  200","  190","9.8","13.4",,,,,,,,
"USW00014742","BURLINGTON INTERNATIONAL AIRPORT, VT US","44.46825","-73.1499","101.1","2022-10-23","0.9",,"0.0","0.0","0.0",,"20.6","5.0","  190","  190","3.6","5.4",,,,,,,,
"USW00014742","BURLINGTON INTERNATIONAL AIRPORT, VT US","44.46825","-73.1499","101.1","2022-10-24","1.1",,"7.4","0.0","0.0",,"19.4","9.4","  130","  130","5.4","6.3","    1",,,,,,,
"USW00014742","BURLINGTON INTERNATIONAL AIRPORT, VT US","44.46825","-73.1499","101.1","2022-10-25","3.1",,"0.8","0.0","0.0",,"23.9","15.0","  190","  190","7.2","9.4","    1",,,,,,,
"USW00014742","BURLINGTON INTERNATIONAL AIRPORT, VT US","44.46825","-73.1499","101.1","2022-10-26","3.0",,"3.3","0.0","0.0",,"25.6","15.0","  210","  210","7.2","11.2","    1",,,,,,,
"USW00014742","BURLINGTON INTERNATIONAL AIRPORT, VT US","44.46825","-73.1499","101.1","2022-10-27","4.9",,"0.0","0.0","0.0",,"16.7","4.4","  320","  320","11.2","14.3",,,,,,,,
"USW00014742","BURLINGTON INTERNATIONAL AIRPORT, VT US","44.46825","-73.1499","101.1","2022-10-28","1.2",,"0.0","0.0","0.0",,"10.6","-0.5","  320","  350","4.0","4.9","    1",,,,,,,
"USW00014742","BURLINGTON INTERNATIONAL AIRPORT, VT US","44.46825","-73.1499","101.1","2022-10-29","1.6",,"0.0","0.0","0.0",,"16.7","-0.5","  200","  200","6.3","8.1",,,,,,,,
"USW00014742","BURLINGTON INTERNATIONAL AIRPORT, VT US","44.46825","-73.1499","101.1","2022-10-30","2.6",,"0.0","0.0","0.0",,"18.3","-0.5","  200","  190","6.7","9.4",,,,,,,,
"USW00014742","BURLINGTON INTERNATIONAL AIRPORT, VT US","44.46825","-73.1499","101.1","2022-10-31","3.6",,"0.0","0.0","0.0",,"17.2","3.9","  200","  200","7.6","10.3",,,,,,,,
"USW00014742","BURLINGTON INTERNATIONAL AIRPORT, VT US","44.46825","-73.1499","101.1","2022-11-01","1.4",,"0.5","0.0","0.0",,"17.2","7.8","  200","  210","5.4","7.2","    1",,,,,,,
"USW00014742","BURLINGTON INTERNATIONAL AIRPORT, VT US","44.46825","-73.1499","101.1","2022-11-02","1.0",,"0.0","0.0","0.0",,"16.1","3.3","  330","  350","4.5","5.8","    1","    1",,,,,,
"USW00014742","BURLINGTON INTERNATIONAL AIRPORT, VT US","44.46825","-73.1499","101.1","2022-11-03","3.1",,"0.0","0.0","0.0",,"20.0","1.1","  200","  210","7.6","10.7",,,,,,,,
"USW00014742","BURLINGTON INTERNATIONAL AIRPORT, VT US","44.46825","-73.1499","101.1","2022-11-04","5.7",,"0.0","0.0","0.0",,"20.6","12.2","  190","  190","10.7","14.3",,,,,,,,
"USW00014742","BURLINGTON INTERNATIONAL AIRPORT, VT US","44.46825","-73.1499","101.1","2022-11-05","7.4",,"0.0","0.0","0.0",,"23.3","15.6","  190","  190","12.5","16.5",,,,,,,,
"USW00014742","BURLINGTON INTERNATIONAL AIRPORT, VT US","44.46825","-73.1499","101.1","2022-11-06","6.1",,"18.3","0.0","0.0",,"24.4","16.7","  190","  190","11.6","17.4","    1",,,,,,,
"USW00014742","BURLINGTON INTERNATIONAL AIRPORT, VT US","44.46825","-73.1499","101.1","2022-11-07","5.8",,"0.0","0.0","0.0",,"19.4","8.3","  320","  280","11.6","16.1","    1",,,,,,,
"USW00014742","BURLINGTON INTERNATIONAL AIRPORT, VT US","44.46825","-73.1499","101.1","2022-11-08","5.9",,"0.0","0.0","0.0",,"8.3","1.1","  340","  340","13.0","14.3",,,,,,,,
"USW00014742","BURLINGTON INTERNATIONAL AIRPORT, VT US","44.46825","-73.1499","101.1","2022-11-09","3.7",,"0.0","0.0","0.0",,"11.1","-2.7","  200","  210","10.3","14.3",,,,,,,,
"USW00014742","BURLINGTON INTERNATIONAL AIRPORT, VT US","44.46825","-73.1499","101.1","2022-11-10","7.2",,"0.0","0.0","0.0",,"17.8","8.3","  200","  200","10.7","14.8",,,,,,,,
"USW00014742","BURLINGTON INTERNATIONAL AIRPORT, VT US","44.46825","-73.1499","101.1","2022-11-11","4.5",,"12.4","0.0","0.0",,"20.6","13.3","  200","  190","9.4","13.4","    1",,,,,,,
"USW00014742","BURLINGTON INTERNATIONAL AIRPORT, VT US","44.46825","-73.1499","101.1","2022-11-12","3.6",,"24.9","0.0","0.0",,"21.7","9.4","  200","  190","8.9","12.1","    1",,,,,,,
"USW00014742","BURLINGTON INTERNATIONAL AIRPORT, VT US","44.46825","-73.1499","101.1","2022-11-13","3.6",,"0.5","0.0","0.0",,"9.4","1.1","  320","  310","9.8","12.1","    1",,,,,,,
"USW00014742","BURLINGTON INTERNATIONAL AIRPORT, VT US","44.46825","-73.1499","101.1","2022-11-14","4.5",,"0.0","0.0","0.0",,"3.9","-2.7","  320","  320","8.9","12.1",,,,,,,,
"USW00014742","BURLINGTON INTERNATIONAL AIRPORT, VT US","44.46825","-73.1499","101.1","2022-11-15","0.9",,"0.3","0.0","0.0",,"3.3","-4.3","  180","  180","4.5","5.8","    1",,,,,,,
"USW00014742","BURLINGTON INTERNATIONAL AIRPORT, VT US","44.46825","-73.1499","101.1","2022-11-16","2.0",,"10.7","76.0","50.0",,"2.8","0.0","  330","  330","6.7","7.6","    1",,,,,,,
"USW00014742","BURLINGTON INTERNATIONAL AIRPORT, VT US","44.46825","-73.1499","101.1","2022-11-17","4.9",,"0.3","0.0","50.0",,"2.2","-2.1","  300","  310","9.4","12.5",,,,,,,,
"USW00014742","BURLINGTON INTERNATIONAL AIRPORT, VT US","44.46825","-73.1499","101.1","2022-11-18","3.9",,"0.0","0.0","30.0",,"3.9","-2.7","  230","  220","7.6","10.7",,,,,,,,
"USW00014742","BURLINGTON INTERNATIONAL AIRPORT, VT US","44.46825","-73.1499","101.1","2022-11-19","4.8",,"0.0","0.0","0.0",,"3.3","-1.6","  200","  210","7.6","11.6",,,,,,,,
"USW00014742","BURLINGTON INTERNATIONAL AIRPORT, VT US","44.46825","-73.1499","101.1","2022-11-20","6.5",,"0.0","0.0","0.0",,"0.6","-7.1","  290","  300","12.5","18.8","    1",,,,,,"    1",
"USW00014742","BURLINGTON INTERNATIONAL AIRPORT, VT US","44.46825","-73.1499","101.1","2022-11-21","6.7",,"0.0","0.0","0.0",,"5.6","-9.3","  190","  200","13.0","17.9",,,,,,,,
"USW00014742","BURLINGTON INTERNATIONAL AIRPORT, VT US","44.46825","-73.1499","101.1","2022-11-22","2.4",,"0.0","0.0","0.0",,"5.0","-2.1","  330","  270","10.3","13.4",,,,,,,,
"USW00014742","BURLINGTON INTERNATIONAL AIRPORT, VT US","44.46825","-73.1499","101.1","2022-11-23","1.6",,"0.0","0.0","0.0",,"2.8","-0.5","   40","   40","4.5","5.8",,,,,,,,
"USW00014742","BURLINGTON INTERNATIONAL AIRPORT, VT US","44.46825","-73.1499","101.1","2022-11-24","2.5",,"0.0","0.0","0.0",,"6.7","-4.3","  190","  180","7.2","9.4",,,,,,,,
"USW00014742","BURLINGTON INTERNATIONAL AIRPORT, VT US","44.46825","-73.1499","101.1","2022-11-25","6.9",,"0.0","0.0","0.0",,"8.3","3.3","  340","  330","10.7","14.8",,,,,,,,
"USW00014742","BURLINGTON INTERNATIONAL AIRPORT, VT US","44.46825","-73.1499","101.1","2022-11-26","4.2",,"0.0","0.0","0.0",,"9.4","2.2","  310","  340","9.4","14.8",,,,,,,,
"USW00014742","BURLINGTON INTERNATIONAL AIRPORT, VT US","44.46825","-73.1499","101.1","2022-11-27","2.6",,"12.4","0.0","0.0",,"12.2","0.0","  200","  190","8.9","11.6","    1",,,,,,,
"USW00014742","BURLINGTON INTERNATIONAL AIRPORT, VT US","44.46825","-73.1499","101.1","2022-11-28","5.4",,"1.3","0.0","0.0",,"5.0","0.6","  320","  340","9.4","11.6","    1",,,,,,,
"USW00014742","BURLINGTON INTERNATIONAL AIRPORT, VT US","44.46825","-73.1499","101.1","2022-11-29","2.6",,"0.0","0.0","0.0",,"2.2","0.0","  170","  170","5.8","7.2",,,,,,,,
"USW00014742","BURLINGTON INTERNATIONAL AIRPORT, VT US","44.46825","-73.1499","101.1","2022-11-30","5.6",,"10.2","0.0","0.0",,"10.0","1.1","  280","  280","12.5","17.0","    1",,,,,,,
"USW00014742","BURLINGTON INTERNATIONAL AIRPORT, VT US","44.46825","-73.1499","101.1","2022-12-01","5.5",,"0.0","0.0","0.0",,"3.3","-0.5","  270","  300","11.2","17.0",,,,,,,,
"USW00014742","BURLINGTON INTERNATIONAL AIRPORT, VT US","44.46825","-73.1499","101.1","2022-12-02","4.3",,"0.0","0.0","0.0",,"5.6","-2.7","  180","  180","11.2","16.1",,,,,,,,
"USW00014742","BURLINGTON INTERNATIONAL AIRPORT, VT US","44.46825","-73.1499","101.1","2022-12-03","7.8",,"2.5","0.0","0.0",,"10.0","3.9","  190","  200","14.3","19.7","    1",,,,,,,
"USW00014742","BURLINGTON INTERNATIONAL AIRPORT, VT US","44.46825","-73.1499","101.1","2022-12-04","4.6",,"0.0","0.0","0.0",,"3.9","-1.0","  290","  290","9.8","12.5",,,,,,,,
"USW00014742","BURLINGTON INTERNATIONAL AIRPORT, VT US","44.46825","-73.1499","101.1","2022-12-05","6.6",,"0.0","0.0","0.0",,"6.1","0.0","  200","  200","10.7","15.2",,,,,,,,
"USW00014742","BURLINGTON INTERNATIONAL AIRPORT, VT US","44.46825","-73.1499","101.1","2022-12-06","3.4",,"3.3","0.0","0.0",,"11.1","5.0","  190","  200","9.4","12.5","    1",,,,,,,
"USW00014742","BURLINGTON INTERNATIONAL AIRPORT, VT US","44.46825","-73.1499","101.1","2022-12-07","3.0",,"13.7","0.0","0.0",,"13.3","6.7","  150","  140","6.3","8.5","    1",,,,,,,
"USW00014742","BURLINGTON INTERNATIONAL AIRPORT, VT US","44.46825","-73.1499","101.1","2022-12-08","3.5",,"0.0","0.0","0.0",,"6.7","-0.5","  340","   10","7.6","9.4",,,,,,,,
"USW00014742","BURLINGTON INTERNATIONAL AIRPORT, VT US","44.46825","-73.1499","101.1","2022-12-09","4.3",,"0.0","0.0","0.0",,"0.0","-7.1","  360","  340","7.2","9.4",,,,,,,,
"USW00014742","BURLINGTON INTERNATIONAL AIRPORT, VT US","44.46825","-73.1499","101.1","2022-12-10","2.2",,"0.0","0.0","0.0",,"-3.8","-9.9","  350","  340","5.8","7.6",,,,,,,,
"USW00014742","BURLINGTON INTERNATIONAL AIRPORT, VT US","44.46825","-73.1499","101.1","2022-12-11","2.0",,"2.3","25.0","0.0",,"0.0","-7.7","  120","  140","5.8","7.6","    1",,,,,,,
"USW00014742","BURLINGTON INTERNATIONAL AIRPORT, VT US","44.46825","-73.1499","101.1","2022-12-12","3.4",,"0.0","5.0","30.0",,"-3.2","-11.0","   10","   10","7.2","9.4","    1",,,,,,,
"USW00014742","BURLINGTON INTERNATIONAL AIRPORT, VT US","44.46825","-73.1499","101.1","2022-12-13","2.6",,"0.3","13.0","30.0",,"-1.0","-12.1","  330","  320","13.0","16.1","    1",,,,,,,
"USW00014742","BURLINGTON INTERNATIONAL AIRPORT, VT US","44.46825","-73.1499","101.1","2022-12-14","3.4",,"0.0","0.0","50.0",,"-1.6","-7.1","  350","  350","9.8","12.5",,,,,,,"    1",
"USW00014742","BURLINGTON INTERNATIONAL AIRPORT, VT US","44.46825","-73.1499","101.1","2022-12-15","1.6",,"0.0","0.0","30.0",,"4.4","-7.1","  130","  130","7.2","8.1",,,,,,,,
"USW00014742","BURLINGTON INTERNATIONAL AIRPORT, VT US","44.46825","-73.1499","101.1","2022-12-16","3.1",,"11.4","102.0","30.0",,"3.9","0.6","  140","  140","6.3","8.5","    1",,,,,,,
"USW00014742","BURLINGTON INTERNATIONAL AIRPORT, VT US","44.46825","-73.1499","101.1","2022-12-17","2.0",,"10.4","119.0","230.0",,"1.7","-1.6","  320","  330","5.4","6.3","    1",,,,,,,
"USW00014742","BURLINGTON INTERNATIONAL AIRPORT, VT US","44.46825","-73.1499","101.1","2022-12-18","2.2",,"0.0","0.0","200.0",,"1.1","-2.1","  300","  300","6.3","8.9",,,,,,,,
"USW00014742","BURLINGTON INTERNATIONAL AIRPORT, VT US","44.46825","-73.1499","101.1","2022-12-19","3.8",,"0.0","10.0","200.0",,"0.6","-3.8","  330","  330","10.3","12.5","    1",,,,,,,
"USW00014742","BURLINGTON INTERNATIONAL AIRPORT, VT US","44.46825","-73.1499","101.1","2022-12-20","2.4",,"0.0","5.0","180.0",,"0.0","-6.0","  340","  350","7.2","8.9",,,,,,,,
"USW00014742","BURLINGTON INTERNATIONAL AIRPORT, VT US","44.46825","-73.1499","101.1","2022-12-21","2.4",,"0.0","0.0","180.0",,"-0.5","-8.2","  200","  200","7.2","8.9","    1",,,,,,,
"USW00014742","BURLINGTON INTERNATIONAL AIRPORT, VT US","44.46825","-73.1499","101.1","2022-12-22","1.6",,"0.3","0.0","180.0",,"3.9","-7.7","  160","  160","7.6","10.3",,,,,,,,
"USW00014742","BURLINGTON INTERNATIONAL AIRPORT, VT US","44.46825","-73.1499","101.1","2022-12-23","8.2",,"20.1","81.0","150.0",,"13.3","-9.9","  120","  120","20.6","31.3","    1","    1",,,,,"    1","    1"
"USW00014742","BURLINGTON INTERNATIONAL AIRPORT, VT US","44.46825","-73.1499","101.1","2022-12-24","9.3",,"0.3","5.0","100.0",,"-9.9","-13.2","  200","  170","13.0","17.9","    1",,,,,,"    1","    1"
"USW00014742","BURLINGTON INTERNATIONAL AIRPORT, VT US","44.46825","-73.1499","101.1","2022-12-25","7.3",,"0.0","0.0","100.0",,"-2.7","-11.0","  200","  190","12.5","15.7",,,,,,,,"    1"
"USW00014742","BURLINGTON INTERNATIONAL AIRPORT, VT US","44.46825","-73.1499","101.1","2022-12-26","5.0",,"0.0","0.0","100.0",,"-2.7","-6.6","  190","  200","9.4","12.1",,,,,,,,
"USW00014742","BURLINGTON INTERNATIONAL AIRPORT, VT US","44.46825","-73.1499","101.1","2022-12-27","4.1",,"0.0","0.0","80.0",,"-1.0","-4.9","  190","  200","7.6","9.4",,,,,,,,
"USW00014742","BURLINGTON INTERNATIONAL AIRPORT, VT US","44.46825","-73.1499","101.1","2022-12-28","3.9",,"0.0","0.0","50.0",,"1.7","-3.2","  200","  210","8.1","11.2",,,,,,,,
"USW00014742","BURLINGTON INTERNATIONAL AIRPORT, VT US","44.46825","-73.1499","101.1","2022-12-29","3.9",,"0.0","0.0","30.0",,"8.9","-1.0","  200","  200","9.8","13.0",,,,,,,,
"USW00014742","BURLINGTON INTERNATIONAL AIRPORT, VT US","44.46825","-73.1499","101.1","2022-12-30","5.2",,"0.0","0.0","0.0",,"14.4","7.2","  190","  200","9.4","12.5",,,,,,,,
"USW00014742","BURLINGTON INTERNATIONAL AIRPORT, VT US","44.46825","-73.1499","101.1","2022-12-31","5.2",,"3.8","0.0","0.0",,"12.8","10.6","  200","  200","9.4","12.1","    1",,,,,,,
"USW00014742","BURLINGTON INTERNATIONAL AIRPORT, VT US","44.46825","-73.1499","101.1","2023-01-01","4.3",,"1.3","0.0","0.0",,"10.6","3.3","  310","  290","10.3","13.9","    1",,,,,,,
"USW00014742","BURLINGTON INTERNATIONAL AIRPORT, VT US","44.46825","-73.1499","101.1","2023-01-02","1.8",,"0.0","0.0","0.0",,"7.2","-1.0","  270","  300","5.8","8.1",,,,,,,,
"USW00014742","BURLINGTON INTERNATIONAL AIRPORT, VT US","44.46825","-73.1499","101.1","2023-01-03","0.5",,"0.5","0.0","0.0",,"5.6","-2.1","  320","  320","3.6","4.0","    1",,,,,,,
"USW00014742","BURLINGTON INTERNATIONAL AIRPORT, VT US","44.46825","-73.1499","101.1","2023-01-04","2.7",,"16.8","0.0","0.0",,"2.8","1.7","  310","  310","5.8","6.3","    1",,,,,,,
"USW00014742","BURLINGTON INTERNATIONAL AIRPORT, VT US","44.46825","-73.1499","101.1","2023-01-05","2.4",,"9.1","0.0","0.0",,"7.2","0.6","  190","  280","5.8","8.1","    1",,,,,,,
"USW00014742","BURLINGTON INTERNATIONAL AIRPORT, VT US","44.46825","-73.1499","101.1","2023-01-06","1.6",,"0.8","0.0","0.0",,"7.2","0.6","  190","  210","5.4","6.3","    1",,,,,,,
"USW00014742","BURLINGTON INTERNATIONAL AIRPORT, VT US","44.46825","-73.1499","101.1","2023-01-07","5.1",,"0.5","0.0","0.0",,"3.3","-6.0","  340","  360","9.8","13.0","    1",,,,,,,
"USW00014742","BURLINGTON INTERNATIONAL AIRPORT, VT US","44.46825","-73.1499","101.1","2023-01-08","2.1",,"0.3","3.0","0.0",,"-1.0","-7.1","  200","  190","5.8","8.1",,,,,,,,
"USW00014742","BURLINGTON INTERNATIONAL AIRPORT, VT US","44.46825","-73.1499","101.1","2023-01-09","2.1",,"0.0","0.0","0.0",,"2.2","-7.1","  300","  310","5.8","8.5",,,,,,,,
"USW00014742","BURLINGTON INTERNATIONAL AIRPORT, VT US","44.46825","-73.1499","101.1","2023-01-10","4.1",,"0.3","3.0","0.0",,"2.2","-9.3","  340","  340","10.7","13.9","    1",,,,,,"    1",
"USW00014742","BURLINGTON INTERNATIONAL AIRPORT, VT US","44.46825","-73.1499","101.1","2023-01-11","1.1",,"0.0","0.0","0.0",,"-2.1","-11.6","  170","  180","4.5","5.8",,,,,,,,
"USW00014742","BURLINGTON INTERNATIONAL AIRPORT, VT US","44.46825","-73.1499","101.1","2023-01-12","2.5",,"6.4","15.0","0.0",,"2.8","-2.1","  190","  200","6.3","8.5","    1",,,,,,,
"USW00014742","BURLINGTON INTERNATIONAL AIRPORT, VT US","44.46825","-73.1499","101.1","2023-01-13","4.6",,"14.7","58.0","0.0",,"2.8","-4.3","  340","  360","8.9","11.6","    1",,,"    1",,"    1",,
"USW00014742","BURLINGTON INTERNATIONAL AIRPORT, VT US","44.46825","-73.1499","101.1","2023-01-14","5.8",,"0.0","3.0","50.0",,"-4.3","-6.0","  360","   20","8.9","12.5","    1",,,,,,,
"USW00014742","BURLINGTON INTERNATIONAL AIRPORT, VT US","44.46825","-73.1499","101.1","2023-01-15","5.3",,"0.0","3.0","50.0",,"-4.9","-9.3","   10","   20","8.1","10.7","    1",,,,,,,
"USW00014742","BURLINGTON INTERNATIONAL AIRPORT, VT US","44.46825","-73.1499","101.1","2023-01-16","4.2",,"0.0","0.0","50.0",,"-4.3","-9.9","  350","  360","7.6","9.4",,,,,,,,
"USW00014742","BURLINGTON INTERNATIONAL AIRPORT, VT US","44.46825","-73.1499","101.1","2023-01-17","2.1",,"0.3","0.0","50.0",,"2.2","-6.6","  210","  200","4.5","6.3",,,,"    1",,"    1",,
"USW00014742","BURLINGTON INTERNATIONAL AIRPORT, VT US","44.46825","-73.1499","101.1","2023-01-18","1.2",,"0.0","0.0","50.0",,"3.3","-1.6","  230","  220","4.0","5.4",,,,,,,,
"USW00014742","BURLINGTON INTERNATIONAL AIRPORT, VT US","44.46825","-73.1499","101.1","2023-01-19","1.0",,"7.6","94.0","130.0",,"1.7","-2.1","  120","  120","3.6","4.9","    1",,,,,,,
"USW00014742","BURLINGTON INTERNATIONAL AIRPORT, VT US","44.46825","-73.1499","101.1","2023-01-20","2.7",,"6.1","53.0","130.0",,"2.2","-2.7","  340","  330","8.1","9.8","    1",,,"    1",,,,
"USW00014742","BURLINGTON INTERNATIONAL AIRPORT, VT US","44.46825","-73.1499","101.1","2023-01-21","1.7",,"0.0","0.0","150.0",,"-1.0","-4.9","  340","  360","7.2","8.9","    1",,,,,,,
"USW00014742","BURLINGTON INTERNATIONAL AIRPORT, VT US","44.46825","-73.1499","101.1","2023-01-22","3.2",,"2.5","30.0","180.0",,"-0.5","-2.1","  180","  180","8.1","11.2","    1",,,,,,,
"USW00014742","BURLINGTON INTERNATIONAL AIRPORT, VT US","44.46825","-73.1499","101.1","2023-01-23","4.0",,"2.8","41.0","200.0",,"-0.5","-1.6","  350","  350","9.4","12.1","    1",,,,,,"    1",
"USW00014742","BURLINGTON INTERNATIONAL AIRPORT, VT US","44.46825","-73.1499","101.1","2023-01-24","3.8",,"0.3","3.0","200.0",,"2.8","-1.6","  350","  280","7.6","10.3",,,,,,,,
"USW00014742","BURLINGTON INTERNATIONAL AIRPORT, VT US","44.46825","-73.1499","101.1","2023-01-25","2.4",,"8.9","84.0","200.0",,"0.0","-7.1","  120","  130","6.7","8.1","    1",,,,,,,
"USW00014742","BURLINGTON INTERNATIONAL AIRPORT, VT US","44.46825","-73.1499","101.1","2023-01-26","3.2",,"4.8","43.0","280.0",,"1.1","-3.8","  310","  310","9.8","13.9","    1","    1",,"    1",,"    1",,
"USW00014742","BURLINGTON INTERNATIONAL AIRPORT, VT US","44.46825","-73.1499","101.1","2023-01-27","3.4",,"0.0","0.0","280.0",,"1.7","-6.6","  190","  170","6.3","10.3",,,,,,,,
"USW00014742","BURLINGTON INTERNATIONAL AIRPORT, VT US","44.46825","-73.1499","101.1","2023-01-28","5.7",,"0.0","0.0","250.0",,"5.0","-0.5","  190","  190","11.2","16.1","    1",,,,,,,
"USW00014742","BURLINGTON INTERNATIONAL AIRPORT, VT US","44.46825","-73.1499","101.1","2023-01-29","3.1",,"1.0","13.0","250.0",,"4.4","-7.1","   10","  190","7.6","10.3","    1",,,,,,,
"USW00014742","BURLINGTON INTERNATIONAL AIRPORT, VT US","44.46825","-73.1499","101.1","2023-01-30","1.7",,"0.8","18.0","250.0",,"-5.5","-9.9","   20","   10","6.7","8.9","    1",,,,,,"    1",
"USW00014742","BURLINGTON INTERNATIONAL AIRPORT, VT US","44.46825","-73.1499","101.1","2023-01-31","3.2",,"0.8","43.0","280.0",,"-5.5","-13.8","  340","  340","9.4","10.7","    1",,,,,,"    1",
"USW00014742","BURLINGTON INTERNATIONAL AIRPORT, VT US","44.46825","-73.1499","101.1","2023-02-01","2.0",,"0.0","0.0","280.0",,"-4.9","-18.8","  210","  200","6.3","8.1",,,,,,,,
"USW00014742","BURLINGTON INTERNATIONAL AIRPORT, VT US","44.46825","-73.1499","101.1","2023-02-02","6.6",,"0.0","3.0","250.0",,"0.0","-7.1","  340","  340","13.4","17.4",,,,,,,,
"USW00014742","BURLINGTON INTERNATIONAL AIRPORT, VT US","44.46825","-73.1499","101.1","2023-02-03","9.3",,"0.0","0.0","230.0",,"-4.3","-25.5","  330","  330","14.3","17.4",,,,,,,"    1","    1"
"USW00014742","BURLINGTON INTERNATIONAL AIRPORT, VT US","44.46825","-73.1499","101.1","2023-02-04","5.5",,"0.0","0.0","230.0",,"-12.1","-26.0","  320","  190","11.6","14.3",,,,,,,"    1","    1"
"USW00014742","BURLINGTON INTERNATIONAL AIRPORT, VT US","44.46825","-73.1499","101.1","2023-02-05","6.6",,"0.0","0.0","230.0",,"3.9","-12.1","  190","  170","11.6","17.0",,,,,,,,
"USW00014742","BURLINGTON INTERNATIONAL AIRPORT, VT US","44.46825","-73.1499","101.1","2023-02-06","3.4",,"0.0","0.0","230.0",,"3.9","-9.9","  350","  350","9.4","11.2","    1",,,,,,"    1",
"USW00014742","BURLINGTON INTERNATIONAL AIRPORT, VT US","44.46825","-73.1499","101.1","2023-02-07","5.6",,"0.0","0.0","230.0",,"2.8","-14.3","  190","  180","14.3","22.4",,,,"    1","    1","    1",,
"USW00014742","BURLINGTON INTERNATIONAL AIRPORT, VT US","44.46825","-73.1499","101.1","2023-02-08","2.6",,"0.5","0.0","230.0",,"6.7","-2.1","  200","  210","9.4","12.5","    1",,,,,,,
"USW00014742","BURLINGTON INTERNATIONAL AIRPORT, VT US","44.46825","-73.1499","101.1","2023-02-09","3.0",,"11.7","5.0","200.0",,"5.6","-4.9","  180","  170","9.8","13.4","    1",,,,,,,
"USW00014742","BURLINGTON INTERNATIONAL AIRPORT, VT US","44.46825","-73.1499","101.1","2023-02-10","4.5",,"2.0","0.0","100.0",,"7.2","2.2","  250","  240","9.4","14.3","    1",,,,,,,
"USW00014742","BURLINGTON INTERNATIONAL AIRPORT, VT US","44.46825","-73.1499","101.1","2023-02-11","4.3",,"0.0","3.0","100.0",,"2.8","-3.8","  190","  290","9.8","13.4","    1",,,,,,,
"USW00014742","BURLINGTON INTERNATIONAL AIRPORT, VT US","44.46825","-73.1499","101.1","2023-02-12","2.6",,"0.0","0.0","100.0",,"7.2","-2.1","  200","  210","7.6","11.6",,,,,,,,
"USW00014742","BURLINGTON INTERNATIONAL AIRPORT, VT US","44.46825","-73.1499","101.1","2023-02-13","1.6",,"0.0","0.0","100.0",,"7.8","-4.3","  340","  180","5.4","6.3",,,,,,,,
"USW00014742","BURLINGTON INTERNATIONAL AIRPORT, VT US","44.46825","-73.1499","101.1","2023-02-14","2.4",,"0.0","0.0","100.0",,"7.8","-2.1","  310","  310","7.6","10.3",,,,,,,,
"USW00014742","BURLINGTON INTERNATIONAL AIRPORT, VT US","44.46825","-73.1499","101.1","2023-02-15","5.5",,"0.0","0.0","80.0",,"13.9","-2.1","  200","  190","13.0","17.4",,,,,,,,
"USW00014742","BURLINGTON INTERNATIONAL AIRPORT, VT US","44.46825","-73.1499","101.1","2023-02-16","3.8",,"0.0","0.0","0.0",,"13.3","1.7","  310","  310","11.2","16.1",,,,,,,,
"USW00014742","BURLINGTON INTERNATIONAL AIRPORT, VT US","44.46825","-73.1499","101.1","2023-02-17","5.4",,"2.5","20.0","0.0",,"1.7","-7.7","  330","  360","13.0","15.7","    1",,,"    1",,"    1","    1","    1"
"USW00014742","BURLINGTON INTERNATIONAL AIRPORT, VT US","44.46825","-73.1499","101.1","2023-02-18","3.0",,"0.0","0.0","30.0",,"0.6","-10.5","  200","  190","7.6","9.8",,,,,,,,
"USW00014742","BURLINGTON INTERNATIONAL AIRPORT, VT US","44.46825","-73.1499","101.1","2023-02-19","5.1",,"0.0","0.0","0.0",,"7.2","-0.5","  200","  190","11.6","16.1",,,,,,,,
"USW00014742","BURLINGTON INTERNATIONAL AIRPORT, VT US","44.46825","-73.1499","101.1","2023-02-20","4.9",,"0.0","0.0","0.0",,"7.8","-2.1","  190","  180","9.4","13.4",,,,,,,,
"USW00014742","BURLINGTON INTERNATIONAL AIRPORT, VT US","44.46825","-73.1499","101.1","2023-02-21","3.6",,"0.0","0.0","0.0",,"5.6","-8.2","  250","  250","8.9","12.1",,,,,,,"    1",
"USW00014742","BURLINGTON INTERNATIONAL AIRPORT, VT US","44.46825","-73.1499","101.1","2023-02-22","3.9",,"1.5","13.0","0.0",,"2.8","-6.6","  360","  350","8.1","11.2","    1",,,,,,,
"USW00014742","BURLINGTON INTERNATIONAL AIRPORT, VT US","44.46825","-73.1499","101.1","2023-02-23","3.2",,"13.7","157.0","150.0",,"-6.6","-8.8","  340","  330","6.3","8.5","    1",,,"    1","    1","    1","    1",
"USW00014742","BURLINGTON INTERNATIONAL AIRPORT, VT US","44.46825","-73.1499","101.1","2023-02-24","4.5",,"0.0","5.0","150.0",,"-8.2","-13.8","  350","  350","9.8","12.5","    1",,,,,,"    1","    1"
"USW00014742","BURLINGTON INTERNATIONAL AIRPORT, VT US","44.46825","-73.1499","101.1","2023-02-25","1.0",,"1.3","10.0","150.0",,"-10.5","-21.0","  190","  200","4.5","7.2","    1",,,,,,"    1",
"USW00014742","BURLINGTON INTERNATIONAL AIRPORT, VT US","44.46825","-73.1499","101.1","2023-02-26","2.1",,"1.0","28.0","130.0",,"-1.6","-17.7","  200","  210","8.1","11.2","    1",,,,,,,
"USW00014742","BURLINGTON INTERNATIONAL AIRPORT, VT US","44.46825","-73.1499","101.1","2023-02-27","2.0",,"0.0","3.0","150.0",,"-2.1","-8.2","  340","  350","6.7","8.9","    1",,,,,,,
"USW00014742","BURLINGTON INTERNATIONAL AIRPORT, VT US","44.46825","-73.1499","101.1","2023-02-28","4.7",,"5.1","74.0","130.0",,"2.2","-4.3","  200","  200","9.4","12.5","    1",,,"    1",,"    1",,
"USW00014742","BURLINGTON INTERNATIONAL AIRPORT, VT US","44.46825","-73.1499","101.1","2023-03-01","2.6",,"0.3","8.0","180.0",,"4.4","-2.1","  190","  210","7.2","9.8","    1",,,,,,,
"USW00014742","BURLINGTON INTERNATIONAL AIRPORT, VT US","44.46825","-73.1499","101.1","2023-03-02","3.9",,"0.3","5.0","150.0",,"3.9","0.6","  340","  330","8.9","10.7","    1",,,,,,,
"USW00014742","BURLINGTON INTERNATIONAL AIRPORT, VT US","44.46825","-73.1499","101.1","2023-03-03","2.6",,"0.8","8.0","130.0",,"0.6","-5.5","  330","  330","9.8","12.5","    1",,,,,,,"    1"
"USW00014742","BURLINGTON INTERNATIONAL AIRPORT, VT US","44.46825","-73.1499","101.1","2023-03-04","3.1",,"16.5","168.0","230.0",,"1.7","-1.0","  130","  140","6.7","8.9","    1","    1",,,,,,"    1"
"USW00014742","BURLINGTON INTERNATIONAL AIRPORT, VT US","44.46825","-73.1499","101.1","2023-03-05","1.4",,"0.0","0.0","250.0",,"4.4","-1.0","   20","   10","4.5","6.3","    1",,,,,,,
"USW00014742","BURLINGTON INTERNATIONAL AIRPORT, VT US","44.46825","-73.1499","101.1","2023-03-06","5.2",,"0.0","0.0","180.0",,"4.4","-2.1","  330","  340","10.7","13.4",,,,,,,,
"USW00014742","BURLINGTON INTERNATIONAL AIRPORT, VT US","44.46825","-73.1499","101.1","2023-03-07","6.2",,"0.0","5.0","180.0",,"-1.0","-4.3","  340","  320","10.3","13.0",,,,,,,,
"USW00014742","BURLINGTON INTERNATIONAL AIRPORT, VT US","44.46825","-73.1499","101.1","2023-03-08","3.6",,"0.3","3.0","180.0",,"0.0","-4.3","   20","   20","7.2","9.4","    1",,,,,,,
"USW00014742","BURLINGTON INTERNATIONAL AIRPORT, VT US","44.46825","-73.1499","101.1","2023-03-09","3.1",,"0.0","0.0","180.0",,"1.1","-4.9","  360","   20","6.7","8.9",,,,,,,,
"USW00014742","BURLINGTON INTERNATIONAL AIRPORT, VT US","44.46825","-73.1499","101.1","2023-03-10","2.6",,"0.0","0.0","150.0",,"1.1","-9.3","  340","  330","6.3","7.6",,,,,,,,
"USW00014742","BURLINGTON INTERNATIONAL AIRPORT, VT US","44.46825","-73.1499","101.1","2023-03-11","2.7",,"0.0","0.0","150.0",,"0.6","-5.5","  320","  340","6.3","7.2",,,,,,,,
"USW00014742","BURLINGTON INTERNATIONAL AIRPORT, VT US","44.46825","-73.1499","101.1","2023-03-12","1.1",,"0.0","0.0","150.0",,"7.8","-8.8","  320","  320","4.5","5.4",,,,,,,,
"USW00014742","BURLINGTON INTERNATIONAL AIRPORT, VT US","44.46825","-73.1499","101.1","2023-03-13","1.8",,"0.8","0.0","150.0",,"5.0","-1.6","  210","  200","5.4","6.7",,,,"    1",,,,
"USW00014742","BURLINGTON INTERNATIONAL AIRPORT, VT US","44.46825","-73.1499","101.1","2023-03-14","5.2",,"25.4","241.0","130.0",,"2.2","0.0","  360","   10","13.4","16.1","    1","    1",,,,,,
"USW00014742","BURLINGTON INTERNATIONAL AIRPORT, VT US","44.46825","-73.1499","101.1","2023-03-15","7.0",,"5.6","107.0","380.0",,"3.9","-1.0","  340","  350","13.4","17.9","    1",,,,,,,
"USW00014742","BURLINGTON INTERNATIONAL AIRPORT, VT US","44.46825","-73.1499","101.1","2023-03-16","1.1",,"0.5","8.0","300.0",,"2.8","-6.6","  330","  330","5.8","7.6","    1",,,,,,,
"USW00014742","BURLINGTON INTERNATIONAL AIRPORT, VT US","44.46825","-73.1499","101.1","2023-03-17","3.4",,"2.8","0.0","300.0",,"7.2","1.1","  190","  190","7.6","10.3","    1",,,,,,,
"USW00014742","BURLINGTON INTERNATIONAL AIRPORT, VT US","44.46825","-73.1499","101.1","2023-03-18","3.5",,"0.0","0.0","230.0",,"5.6","-1.6","  300","  300","8.9","12.1",,,,,,,"    1",
"USW00014742","BURLINGTON INTERNATIONAL AIRPORT, VT US","44.46825","-73.1499","101.1","2023-03-19","5.1",,"0.0","3.0","200.0",,"-0.5","-6.0","  280","  290","10.7","14.3","    1",,,,,,"    1","    1"
"USW00014742","BURLINGTON INTERNATIONAL AIRPORT, VT US","44.46825","-73.1499","101.1","2023-03-20","4.0",,"0.0","0.0","200.0",,"7.2","-5.5","  200","  200","8.9","12.1",,,,,,,,
"USW00014742","BURLINGTON INTERNATIONAL AIRPORT, VT US","44.46825","-73.1499","101.1","2023-03-21","3.4",,"0.0","0.0","180.0",,"7.8","-1.0","  190","  200","7.6","11.6",,,,,,,,
"USW00014742","BURLINGTON INTERNATIONAL AIRPORT, VT US","44.46825","-73.1499","101.1","2023-03-22",,,"0.0","0.0","150.0",,"6.1","-3.2",,,,,,,,,,,,
"USW00014742","BURLINGTON INTERNATIONAL AIRPORT, VT US","44.46825","-73.1499","101.1","2023-03-23","1.8",,"5.1","0.0","100.0",,"8.3","1.7","  190","  200","5.8","8.1","    1",,,,,,,
"USW00014742","BURLINGTON INTERNATIONAL AIRPORT, VT US","44.46825","-73.1499","101.1","2023-03-24",,,"0.3","0.0","30.0",,"6.1","-1.0",,,,,"    1",,,,,,,
"USW00014742","BURLINGTON INTERNATIONAL AIRPORT, VT US","44.46825","-73.1499","101.1","2023-03-25","4.0",,"1.3","8.0","0.0",,"4.4","-3.2","  160","  180","11.2","14.8","    1",,,,,,,
"USW00014742","BURLINGTON INTERNATIONAL AIRPORT, VT US","44.46825","-73.1499","101.1","2023-03-26","3.9",,"2.0","0.0","0.0",,"7.2","1.7","  270","  250","9.4","13.4","    1",,,,,,,
"USW00014742","BURLINGTON INTERNATIONAL AIRPORT, VT US","44.46825","-73.1499","101.1","2023-03-27","1.7",,"0.0","0.0","0.0",,"9.4","-2.1","   10","   10","5.4","6.7",,,,,,,,
"USW00014742","BURLINGTON INTERNATIONAL AIRPORT, VT US","44.46825","-73.1499","101.1","2023-03-28","3.0",,"0.0","0.0","0.0",,"7.2","-2.1","  350","  350","7.2","10.3",,,,,,,,
"USW00014742","BURLINGTON INTERNATIONAL AIRPORT, VT US","44.46825","-73.1499","101.1","2023-03-29","4.3",,"0.8","0.0","0.0",,"11.1","-4.3","  260","  250","11.2","14.8",,,,,,,,
"USW00014742","BURLINGTON INTERNATIONAL AIRPORT, VT US","44.46825","-73.1499","101.1","2023-03-30","5.7",,"0.0","0.0","0.0",,"2.8","-6.0","  310","  330","11.6","15.7",,,,,,,,
"USW00014742","BURLINGTON INTERNATIONAL AIRPORT, VT US","44.46825","-73.1499","101.1","2023-03-31","2.9",,"6.1","20.0","0.0",,"5.6","-6.0","  190","  180","8.9","13.0","    1",,,,,,,
"USW00014742","BURLINGTON INTERNATIONAL AIRPORT, VT US","44.46825","-73.1499","101.1","2023-04-01","5.4",,"5.6","0.0","0.0",,"20.0","1.7","  190","  200","13.0","17.0","    1",,,,,,,
"USW00014742","BURLINGTON INTERNATIONAL AIRPORT, VT US","44.46825","-73.1499","101.1","2023-04-02","6.4",,"0.0","0.0","0.0",,"3.9","-3.8","  330","  320","13.9","17.9",,,,,,,,
"USW00014742","BURLINGTON INTERNATIONAL AIRPORT, VT US","44.46825","-73.1499","101.1","2023-04-03","4.9",,"0.8","0.0","0.0",,"12.8","-4.3","  190","  200","13.9","18.8",,,,,,,,
"USW00014742","BURLINGTON INTERNATIONAL AIRPORT, VT US","44.46825","-73.1499","101.1","2023-04-04","1.9",,"0.0","0.0","0.0",,"10.6","2.2","  340","  350","5.4","5.8",,,,,,,,
"USW00014742","BURLINGTON INTERNATIONAL AIRPORT, VT US","44.46825","-73.1499","101.1","2023-04-05","4.5",,"14.2","0.0","0.0",,"10.0","1.7","  180","  180","13.4","17.9","    1",,"    1",,,,,
"USW00014742","BURLINGTON INTERNATIONAL AIRPORT, VT US","44.46825","-73.1499","101.1","2023-04-06","5.1",,"0.0","0.0","0.0",,"18.9","8.3","  180","  200","13.0","18.3",,,,,,,,
"USW00014742","BURLINGTON INTERNATIONAL AIRPORT, VT US","44.46825","-73.1499","101.1","2023-04-07","5.7",,"0.0","0.0","0.0",,"8.3","0.6","  330","  310","11.6","14.8",,,,,,,,
"USW00014742","BURLINGTON INTERNATIONAL AIRPORT, VT US","44.46825","-73.1499","101.1","2023-04-08","2.5",,"0.0","0.0","0.0",,"7.2","-2.1","  360","  360","8.1","11.6",,,,,,,,
"USW00014742","BURLINGTON INTERNATIONAL AIRPORT, VT US","44.46825","-73.1499","101.1","2023-04-09","1.1",,"0.0","0.0","0.0",,"12.2","-4.3","  360","   30","5.8","7.2",,,,,,,,
"USW00014742","BURLINGTON INTERNATIONAL AIRPORT, VT US","44.46825","-73.1499","101.1","2023-04-10","3.4",,"0.0","0.0","0.0",,"18.9","-2.1","  180","  200","7.2","9.8",,,,,,,,
"USW00014742","BURLINGTON INTERNATIONAL AIRPORT, VT US","44.46825","-73.1499","101.1","2023-04-11","5.5",,"0.0","0.0","0.0",,"21.1","10.6","  210","  200","10.3","14.8",,,,,,,,
"USW00014742","BURLINGTON INTERNATIONAL AIRPORT, VT US","44.46825","-73.1499","101.1","2023-04-12","4.0",,"0.0","0.0","0.0",,"17.8","7.8","  330","  320","11.2","14.8",,,,,,,,
"USW00014742","BURLINGTON INTERNATIONAL AIRPORT, VT US","44.46825","-73.1499","101.1","2023-04-13","2.2",,"0.0","0.0","0.0",,"31.1","7.8","  300","  310","7.2","9.8",,,,,,,,
"USW00014742","BURLINGTON INTERNATIONAL AIRPORT, VT US","44.46825","-73.1499","101.1","2023-04-14","3.1",,"0.0","0.0","0.0",,"25.0","12.2","  330","  330","6.7","8.5",,,,,,,,
"USW00014742","BURLINGTON INTERNATIONAL AIRPORT, VT US","44.46825","-73.1499","101.1","2023-04-15","2.8",,"0.0","0.0","0.0",,"29.4","8.3","  190","  200","8.1","11.2",,,,,,,,
"USW00014742","BURLINGTON INTERNATIONAL AIRPORT, VT US","44.46825","-73.1499","101.1","2023-04-16","4.1",,"0.0","0.0","0.0",,"28.3","15.0","  150","  220","7.2","10.3",,,,,,,,
"USW00014742","BURLINGTON INTERNATIONAL AIRPORT, VT US","44.46825","-73.1499","101.1","2023-04-17","3.6",,"15.7","0.0","0.0",,"17.8","8.3","  330","  330","9.8","11.2","    1",,,,,,,
"USW00014742","BURLINGTON INTERNATIONAL AIRPORT, VT US","44.46825","-73.1499","101.1","2023-04-18","3.3",,"2.0","0.0","0.0",,"10.0","5.0","  280","  270","8.1","11.2","    1",,,,,,,
"USW00014742","BURLINGTON INTERNATIONAL AIRPORT, VT US","44.46825","-73.1499","101.1","2023-04-19","3.4",,"0.3","0.0","0.0",,"10.0","2.2","  340","  280","7.6","9.8","    1",,,,,,,
"USW00014742","BURLINGTON INTERNATIONAL AIRPORT, VT US","44.46825","-73.1499","101.1","2023-04-20","2.9",,"0.0","0.0","0.0",,"11.1","2.8","  320","  290","7.2","9.8",,,,,,,,
"USW00014742","BURLINGTON INTERNATIONAL AIRPORT, VT US","44.46825","-73.1499","101.1","2023-04-21","2.7",,"0.0","0.0","0.0",,"25.6","5.0","  200","  130","8.9","11.2",,,,,,,,
"USW00014742","BURLINGTON INTERNATIONAL AIRPORT, VT US","44.46825","-73.1499","101.1","2023-04-22","6.9",,"0.3","0.0","0.0",,"18.9","10.0","  140","  120","10.7","13.9",,,,,,,,
"USW00014742","BURLINGTON INTERNATIONAL AIRPORT, VT US","44.46825","-73.1499","101.1","2023-04-23","3.6",,"19.3","0.0","0.0",,"11.7","7.2","  140","  130","9.8","12.1","    1",,,,,,,
"USW00014742","BURLINGTON INTERNATIONAL AIRPORT, VT US","44.46825","-73.1499","101.1","2023-04-24","1.8",,"3.3","0.0","0.0",,"10.0","6.1","  330","  320","4.5","5.8","    1",,,,,,"    1",
"USW00014742","BURLINGTON INTERNATIONAL AIRPORT, VT US","44.46825","-73.1499","101.1","2023-04-25","1.9",,"0.0","0.0","0.0",,"12.8","3.9","  280","  290","7.6","9.8","    1","    1",,,,,,
"USW00014742","BURLINGTON INTERNATIONAL AIRPORT, VT US","44.46825","-73.1499","101.1","2023-04-26","2.7",,"0.8","0.0","0.0",,"16.1","1.1","  320","  340","8.9","12.5","    1",,,,,,,
"USW00014742","BURLINGTON INTERNATIONAL AIRPORT, VT US","44.46825","-73.1499","101.1","2023-04-27","2.2",,"4.6","0.0","0.0",,"15.6","5.0","  300","  280","7.6","9.4","    1",,,,,,,
"USW00014742","BURLINGTON INTERNATIONAL AIRPORT, VT US","44.46825","-73.1499","101.1","2023-04-28","1.7",,"0.0","0.0","0.0",,"19.4","2.2","  290","  140","6.7","8.5",,,,,,,,
"USW00014742","BURLINGTON INTERNATIONAL AIRPORT, VT US","44.46825","-73.1499","101.1","2023-04-29","4.9",,"1.0","0.0","0.0",,"15.6","8.9","  160","  170","9.8","14.3","    1",,,,,,,
"USW00014742","BURLINGTON INTERNATIONAL AIRPORT, VT US","44.46825","-73.1499","101.1","2023-04-30","5.6",,"3.6","0.0","0.0",,"15.0","8.3","  130","  130","12.5","17.9",,,,,,,,
"USW00014742","BURLINGTON INTERNATIONAL AIRPORT, VT US","44.46825","-73.1499","101.1","2023-05-01","3.3",,"22.4","0.0","0.0",,"13.9","4.4","  130","  120","10.7","13.9","    1",,,,,,,
"USW00014742","BURLINGTON INTERNATIONAL AIRPORT, VT US","44.46825","-73.1499","101.1","2023-05-02","2.3",,"6.9","0.0","0.0",,"13.3","4.4","  210","  190","10.3","13.4","    1",,,,,,,
"USW00014742","BURLINGTON INTERNATIONAL AIRPORT, VT US","44.46825","-73.1499","101.1","2023-05-03","1.7",,"4.6","0.0","0.0",,"12.2","8.3","  150","  150","8.1","10.3",,,,,,,,
"USW00014742","BURLINGTON INTERNATIONAL AIRPORT, VT US","44.46825","-73.1499","101.1","2023-05-04","2.3",,"0.0","0.0","0.0",,"11.7","7.2","  320","  340","6.7","8.1",,,,,,,,
"USW00014742","BURLINGTON INTERNATIONAL AIRPORT, VT US","44.46825","-73.1499","101.1","2023-05-05","2.2",,"0.0","0.0","0.0",,"17.8","6.7","  340","  340","7.2","8.9",,,,,,,,
"USW00014742","BURLINGTON INTERNATIONAL AIRPORT, VT US","44.46825","-73.1499","101.1","2023-05-06","2.6",,"0.0","0.0","0.0",,"22.8","4.4","  340","  330","9.4","12.5",,,,,,,,
"USW00014742","BURLINGTON INTERNATIONAL AIRPORT, VT US","44.46825","-73.1499","101.1","2023-05-07","2.6",,"0.0","0.0","0.0",,"24.4","7.2","  280","  270","6.7","9.8",,,,,,,,
"USW00014742","BURLINGTON INTERNATIONAL AIRPORT, VT US","44.46825","-73.1499","101.1","2023-05-08","3.7",,"0.0","0.0","0.0",,"17.8","6.7","  360","  350","9.8","13.4",,,,,,,,
"USW00014742","BURLINGTON INTERNATIONAL AIRPORT, VT US","44.46825","-73.1499","101.1","2023-05-09","2.2",,"0.0","0.0","0.0",,"16.7","2.2","   20","   20","8.1","11.2",,,,,,,"    1",
"USW00014742","BURLINGTON INTERNATIONAL AIRPORT, VT US","44.46825","-73.1499","101.1","2023-05-10","2.2",,"0.0","0.0","0.0",,"23.3","2.2","  210","  200","6.3","7.6",,,,,,,,
"USW00014742","BURLINGTON INTERNATIONAL AIRPORT, VT US","44.46825","-73.1499","101.1","2023-05-11","2.7",,"0.0","0.0","0.0",,"26.7","8.9","  200","  200","6.3","8.1",,,,,,,,
"USW00014742","BURLINGTON INTERNATIONAL AIRPORT, VT US","44.46825","-73.1499","101.1","2023-05-12","3.2",,"0.3","0.0","0.0",,"27.8","13.3","  340","  330","7.6","9.8",,,,,,,,
"USW00014742","BURLINGTON INTERNATIONAL AIRPORT, VT US","44.46825","-73.1499","101.1","2023-05-13","5.1",,"0.0","0.0","0.0",,"22.8","8.9","  350","  350","11.6","15.2",,,,,,,,
"USW00014742","BURLINGTON INTERNATIONAL AIRPORT, VT US","44.46825","-73.1499","101.1","2023-05-14","4.7",,"0.0","0.0","0.0",,"17.8","6.1","  340","  330","9.4","13.0",,,,,,,,
"USW00014742","BURLINGTON INTERNATIONAL AIRPORT, VT US","44.46825","-73.1499","101.1","2023-05-15","2.8",,"0.0","0.0","0.0",,"22.8","2.8","  290","  280","6.7","8.9",,,,,,,,
"USW00014742","BURLINGTON INTERNATIONAL AIRPORT, VT US","44.46825","-73.1499","101.1","2023-05-16","4.7",,"0.3","0.0","0.0",,"22.8","5.6","  330","  340","13.0","15.7","    1",,,,,,,
"USW00014742","BURLINGTON INTERNATIONAL AIRPORT, VT US","44.46825","-73.1499","101.1","2023-05-17","5.9",,"0.0","0.0","0.0",,"8.9","0.6","  340","  340","10.7","13.9",,,,,,,,
"USW00014742","BURLINGTON INTERNATIONAL AIRPORT, VT US","44.46825","-73.1499","101.1","2023-05-18","2.0",,"0.0","0.0","0.0",,"17.8","-1.6","  190","  180","5.8","7.6",,,,,,,,
"USW00014742","BURLINGTON INTERNATIONAL AIRPORT, VT US","44.46825","-73.1499","101.1","2023-05-19","7.9",,"0.0","0.0","0.0",,"23.3","11.1","  200","  200","11.6","16.5",,,,,,,,
"USW00014742","BURLINGTON INTERNATIONAL AIRPORT, VT US","44.46825","-73.1499","101.1","2023-05-20","5.5",,"8.4","0.0","0.0",,"23.3","14.4","  200","  190","10.3","13.4","    1",,,,,,,
"USW00014742","BURLINGTON INTERNATIONAL AIRPORT, VT US","44.46825","-73.1499","101.1","2023-05-21","2.2",,"1.3","0.0","0.0",,"22.8","10.0","  340","  340","11.2","13.9",,,,,,,,
"USW00014742","BURLINGTON INTERNATIONAL AIRPORT, VT US","44.46825","-73.1499","101.1","2023-05-22","3.6",,"0.0","0.0","0.0",,"18.3","7.2","  330","  330","7.2","10.3",,,,,,,,
"USW00014742","BURLINGTON INTERNATIONAL AIRPORT, VT US","44.46825","-73.1499","101.1","2023-05-23","3.3",,"0.0","0.0","0.0",,"25.6","5.0","  190","  200","8.1","11.2",,,,,,,,
"USW00014742","BURLINGTON INTERNATIONAL AIRPORT, VT US","44.46825","-73.1499","101.1","2023-05-24","4.3",,"6.1","0.0","0.0",,"20.0","6.7","  340","  190","9.8","13.9","    1",,,,,,,
"USW00014742","BURLINGTON INTERNATIONAL AIRPORT, VT US","44.46825","-73.1499","101.1","2023-05-25","3.9",,"0.0","0.0","0.0",,"17.2","5.6","  340","  360","9.4","12.5","    1","    1",,,,,,
"USW00014742","BURLINGTON INTERNATIONAL AIRPORT, VT US","44.46825","-73.1499","101.1","2023-05-26","2.2",,"0.0","0.0","0.0",,"21.7","3.9","  360","  360","7.2","10.3",,,,,,,,
"USW00014742","BURLINGTON INTERNATIONAL AIRPORT, VT US","44.46825","-73.1499","101.1","2023-05-27","1.6",,"0.0","0.0","0.0",,"27.8","6.7","  200","  190","4.5","6.3",,,,,,,,
"USW00014742","BURLINGTON INTERNATIONAL AIRPORT, VT US","44.46825","-73.1499","101.1","2023-05-28","2.6",,"0.0","0.0","0.0",,"31.7","11.1","  330","  340","6.7","8.9",,,,,,,,
"USW00014742","BURLINGTON INTERNATIONAL AIRPORT, VT US","44.46825","-73.1499","101.1","2023-05-29","3.0",,"0.0","0.0","0.0",,"26.1","12.2","  330","  340","8.9","9.8",,,,,,,,
"USW00014742","BURLINGTON INTERNATIONAL AIRPORT, VT US","44.46825","-73.1499","101.1","2023-05-30","4.5",,"0.0","0.0","0.0",,"28.9","12.2","  180","  180","8.1","12.1",,,,,,,,
"USW00014742","BURLINGTON INTERNATIONAL AIRPORT, VT US","44.46825","-73.1499","101.1","2023-05-31","3.4",,"0.0","0.0","0.0",,"31.7","17.8","  200","  190","7.6","10.7",,,,,,,,
"USW00014742","BURLINGTON INTERNATIONAL AIRPORT, VT US","44.46825","-73.1499","101.1","2023-06-01","1.8",,"0.0","0.0","0.0",,"35.6","14.4","  350","  350","6.7","8.9",,,,,,,,
"USW00014742","BURLINGTON INTERNATIONAL AIRPORT, VT US","44.46825","-73.1499","101.1","2023-06-02","3.7",,"0.0","0.0","0.0",,"32.8","15.0","  340","  350","9.4","11.6",,,"    1",,,,,
"USW00014742","BURLINGTON INTERNATIONAL AIRPORT, VT US","44.46825","-73.1499","101.1","2023-06-03","5.1",,"0.0","0.0","0.0",,"20.0","10.6","  340","  360","8.9","11.2",,,,,,,,
"USW00014742","BURLINGTON INTERNATIONAL AIRPORT, VT US","44.46825","-73.1499","101.1","2023-06-04","3.9",,"0.0","0.0","0.0",,"18.9","8.3","  360","  340","8.9","11.2",,,,,,,,
"USW00014742","BURLINGTON INTERNATIONAL AIRPORT, VT US","44.46825","-73.1499","101.1","2023-06-05","3.5",,"0.0","0.0","0.0",,"22.8","10.0","  330","  330","11.2","13.4",,,,,,,,
"USW00014742","BURLINGTON INTERNATIONAL AIRPORT, VT US","44.46825","-73.1499","101.1","2023-06-06","3.8",,"5.6","0.0","0.0",,"21.7","9.4","  330","   40","10.3","13.9","    1",,"    1",,,,"    1",
"USW00014742","BURLINGTON INTERNATIONAL AIRPORT, VT US","44.46825","-73.1499","101.1","2023-06-07","3.8",,"2.0","0.0","0.0",,"15.6","11.1","  340","  350","9.4","10.7","    1",,,,,,,
"USW00014742","BURLINGTON INTERNATIONAL AIRPORT, VT US","44.46825","-73.1499","101.1","2023-06-08","2.1",,"10.2","0.0","0.0",,"16.7","10.6","  340","  340","5.8","7.6","    1","    1",,,,,"    1",
"USW00014742","BURLINGTON INTERNATIONAL AIRPORT, VT US","44.46825","-73.1499","101.1","2023-06-09","2.2",,"0.0","0.0","0.0",,"20.0","10.6","  300","  300","6.3","8.1","    1","    1",,,,,,
"USW00014742","BURLINGTON INTERNATIONAL AIRPORT, VT US","44.46825","-73.1499","101.1","2023-06-10","1.5",,"0.0","0.0","0.0",,"22.2","11.7","  280","  290","5.4","7.2",,,,,,,,
"USW00014742","BURLINGTON INTERNATIONAL AIRPORT, VT US","44.46825","-73.1499","101.1","2023-06-11","1.3",,"0.0","0.0","0.0",,"27.8","10.6","  180","  210","4.5","6.3",,,,,,,,
"USW00014742","BURLINGTON INTERNATIONAL AIRPORT, VT US","44.46825","-73.1499","101.1","2023-06-12","3.7",,"0.0","0.0","0.0",,"30.6","17.8","  130","  190","8.1","9.8",,,,,,,,
"USW00014742","BURLINGTON INTERNATIONAL AIRPORT, VT US","44.46825","-73.1499","101.1","2023-06-13","2.6",,"21.6","0.0","0.0",,"23.3","17.8","  140","  140","8.1","11.2","    1",,,,,,,
"USW00014742","BURLINGTON INTERNATIONAL AIRPORT, VT US","44.46825","-73.1499","101.1","2023-06-14","1.5",,"12.7","0.0","0.0",,"23.9","15.0","  230","  230","7.6","11.2","    1","    1","    1",,,,,
"USW00014742","BURLINGTON INTERNATIONAL AIRPORT, VT US","44.46825","-73.1499","101.1","2023-06-15","1.6",,"0.0","0.0","0.0",,"27.2","15.6","  330","  330","11.2","13.4","    1",,"    1",,,,,
"USW00014742","BURLINGTON INTERNATIONAL AIRPORT, VT US","44.46825","-73.1499","101.1","2023-06-16","1.7",,"6.6","0.0","0.0",,"25.0","15.0","  320","  320","6.7","8.9","    1",,"    1",,,,,
"USW00014742","BURLINGTON INTERNATIONAL AIRPORT, VT US","44.46825","-73.1499","101.1","2023-06-17","3.6",,"8.6","0.0","0.0",,"16.7","15.0","  360","   10","7.6","9.8","    1",,,,,,,
"USW00014742","BURLINGTON INTERNATIONAL AIRPORT, VT US","44.46825","-73.1499","101.1","2023-06-18","3.6",,"0.0","0.0","0.0",,"17.2","12.2","  350","  360","7.2","9.4","    1",,,,,,,
"USW00014742","BURLINGTON INTERNATIONAL AIRPORT, VT US","44.46825","-73.1499","101.1","2023-06-19","1.8",,"0.0","0.0","0.0",,"23.3","10.6","  360","  340","5.4","7.2","    1","    1",,,,,,
"USW00014742","BURLINGTON INTERNATIONAL AIRPORT, VT US","44.46825","-73.1499","101.1","2023-06-20","2.5",,"0.0","0.0","0.0",,"26.7","11.7","  340","  320","6.7","7.6",,,,,,,,
"USW00014742","BURLINGTON INTERNATIONAL AIRPORT, VT US","44.46825","-73.1499","101.1","2023-06-21","2.1",,"0.0","0.0","0.0",,"27.8","14.4","  150","  360","4.5","5.8",,,,,,,,
"USW00014742","BURLINGTON INTERNATIONAL AIRPORT, VT US","44.46825","-73.1499","101.1","2023-06-22","1.9",,"0.0","0.0","0.0",,"28.9","14.4","  250","  320","4.5","7.6",,,,,,,,
"USW00014742","BURLINGTON INTERNATIONAL AIRPORT, VT US","44.46825","-73.1499","101.1","2023-06-23","2.2",,"0.0","0.0","0.0",,"30.6","14.4","  200","  200","5.4","7.2",,,,,,,,
"USW00014742","BURLINGTON INTERNATIONAL AIRPORT, VT US","44.46825","-73.1499","101.1","2023-06-24","3.0",,"19.0","0.0","0.0",,"26.1","21.7","  200","  200","6.3","8.9","    1",,"    1",,,,"    1",
"USW00014742","BURLINGTON INTERNATIONAL AIRPORT, VT US","44.46825","-73.1499","101.1","2023-06-25","2.1",,"1.8","0.0","0.0",,"28.3","20.6","   30","  350","5.4","6.7","    1",,,,,,"    1",
"USW00014742","BURLINGTON INTERNATIONAL AIRPORT, VT US","44.46825","-73.1499","101.1","2023-06-26","3.1",,"1.5","0.0","0.0",,"29.4","19.4","  150","  190","9.8","13.9","    1",,"    1",,,,"    1",
"USW00014742","BURLINGTON INTERNATIONAL AIRPORT, VT US","44.46825","-73.1499","101.1","2023-06-27","2.8",,"3.8","0.0","0.0",,"26.7","18.9","  160","  150","6.7","8.9","    1",,"    1",,,,,
"USW00014742","BURLINGTON INTERNATIONAL AIRPORT, VT US","44.46825","-73.1499","101.1","2023-06-28","3.9",,"6.4","0.0","0.0",,"25.6","18.3","  190","  200","8.9","11.6","    1",,"    1",,,,,
"USW00014742","BURLINGTON INTERNATIONAL AIRPORT, VT US","44.46825","-73.1499","101.1","2023-06-29","1.9",,"0.0","0.0","0.0",,"23.3","17.8","  190","  190","4.5","5.4",,,,,,,,
"USW00014742","BURLINGTON INTERNATIONAL AIRPORT, VT US","44.46825","-73.1499","101.1","2023-06-30","1.6",,"0.0","0.0","0.0",,"30.0","16.1","  190","  190","5.4","5.8","    1",,,,,,"    1",
"USW00014742","BURLINGTON INTERNATIONAL AIRPORT, VT US","44.46825","-73.1499","101.1","2023-07-01","3.8",,"1.0","0.0","0.0",,"30.0","18.9","  170","  180","9.4","12.1","    1",,,,,,"    1",
"USW00014742","BURLINGTON INTERNATIONAL AIRPORT, VT US","44.46825","-73.1499","101.1","2023-07-02","3.7",,"1.8","0.0","0.0",,"22.8","18.9","  190","  190","9.8","13.9","    1",,,,,,"    1",
"USW00014742","BURLINGTON INTERNATIONAL AIRPORT, VT US","44.46825","-73.1499","101.1","2023-07-03","1.6",,"0.0","0.0","0.0",,"26.1","20.0","  330","  340","4.0","5.4",,,,,,,,
"USW00014742","BURLINGTON INTERNATIONAL AIRPORT, VT US","44.46825","-73.1499","101.1","2023-07-04","2.0",,"0.0","0.0","0.0",,"32.2","19.4","  330","  330","13.4","17.0","    1",,"    1",,,,"    1",
"USW00014742","BURLINGTON INTERNATIONAL AIRPORT, VT US","44.46825","-73.1499","101.1","2023-07-05","1.6",,"0.0","0.0","0.0",,"33.3","18.3","  260","  310","5.4","7.6",,,,,,,,
"USW00014742","BURLINGTON INTERNATIONAL AIRPORT, VT US","44.46825","-73.1499","101.1","2023-07-06","2.4",,"0.0","0.0","0.0",,"33.9","22.2","  200","  190","6.3","7.6",,,,,,,,
"USW00014742","BURLINGTON INTERNATIONAL AIRPORT, VT US","44.46825","-73.1499","101.1","2023-07-07","2.6",,"1.0","0.0","0.0",,"30.6","21.7","  200","  200","7.2","9.8","    1",,"    1",,,,,
"USW00014742","BURLINGTON INTERNATIONAL AIRPORT, VT US","44.46825","-73.1499","101.1","2023-07-08","1.5",,"0.0","0.0","0.0",,"31.7","20.0","  360","  360","5.4","6.3","    1",,,,,,,
"USW00014742","BURLINGTON INTERNATIONAL AIRPORT, VT US","44.46825","-73.1499","101.1","2023-07-09","2.1",,"6.1","0.0","0.0",,"30.0","17.2","  130","  140","14.3","17.4","    1",,"    1",,,,"    1",
"USW00014742","BURLINGTON INTERNATIONAL AIRPORT, VT US","44.46825","-73.1499","101.1","2023-07-10","2.4",,"41.7","0.0","0.0",,"21.7","19.4","   10","   10","6.3","8.5","    1",,,,,,,
"USW00014742","BURLINGTON INTERNATIONAL AIRPORT, VT US","44.46825","-73.1499","101.1","2023-07-11","2.8",,"12.7","0.0","0.0",,"30.0","19.4","  190","  320","7.2","11.2","    1",,,,,,,
"USW00014742","BURLINGTON INTERNATIONAL AIRPORT, VT US","44.46825","-73.1499","101.1","2023-07-12","2.9",,"0.0","0.0","0.0",,"28.9","18.3","  330","   70","6.7","10.7",,,,,,,,
"USW00014742","BURLINGTON INTERNATIONAL AIRPORT, VT US","44.46825","-73.1499","101.1","2023-07-13","3.7",,"1.3","0.0","0.0",,"32.2","17.8","  190","  170","11.6","17.0","    1",,"    1",,,,,
"USW00014742","BURLINGTON INTERNATIONAL AIRPORT, VT US","44.46825","-73.1499","101.1","2023-07-14","2.0",,"3.6","0.0","0.0",,"28.9","17.8","  290","  270","6.7","8.9","    1",,"    1",,,,,
"USW00014742","BURLINGTON INTERNATIONAL AIRPORT, VT US","44.46825","-73.1499","101.1","2023-07-15","2.2",,"0.0","0.0","0.0",,"30.6","18.3","  230","  320","6.7","11.2","    1",,,,,,,
"USW00014742","BURLINGTON INTERNATIONAL AIRPORT, VT US","44.46825","-73.1499","101.1","2023-07-16","2.0",,"24.6","0.0","0.0",,"28.9","21.1","  320","  230","6.7","9.8","    1",,"    1",,,,,
"USW00014742","BURLINGTON INTERNATIONAL AIRPORT, VT US","44.46825","-73.1499","101.1","2023-07-17","3.2",,"0.0","0.0","0.0",,"30.6","21.1","  200","  200","7.6","9.8","    1",,,,,,"    1",
"USW00014742","BURLINGTON INTERNATIONAL AIRPORT, VT US","44.46825","-73.1499","101.1","2023-07-18","2.2",,"2.5","0.0","0.0",,"29.4","20.0","  270","  260","8.9","12.1","    1",,"    1",,,,"    1",
"USW00014742","BURLINGTON INTERNATIONAL AIRPORT, VT US","44.46825","-73.1499","101.1","2023-07-19","2.3",,"0.0","0.0","0.0",,"27.8","17.2","   10","   20","6.7","8.1","    1",,,,,,"    1",
"USW00014742","BURLINGTON INTERNATIONAL AIRPORT, VT US","44.46825","-73.1499","101.1","2023-07-20","1.8",,"0.0","0.0","0.0",,"28.9","15.6","  190","  210","4.5","7.2",,,,,,,,
"USW00014742","BURLINGTON INTERNATIONAL AIRPORT, VT US","44.46825","-73.1499","101.1","2023-07-21","3.5",,"20.6","0.0","0.0",,"27.2","18.3","  320","  200","9.8","13.4","    1",,"    1",,,,,
"USW00014742","BURLINGTON INTERNATIONAL AIRPORT, VT US","44.46825","-73.1499","101.1","2023-07-22","1.7",,"0.0","0.0","0.0",,"25.6","17.2","  180","  270","4.0","6.3",,,,,,,,
"USW00014742","BURLINGTON INTERNATIONAL AIRPORT, VT US","44.46825","-73.1499","101.1","2023-07-23","1.3",,"0.0","0.0","0.0",,"29.4","15.0","  190","  200","5.8","7.2",,,,,,,,
"USW00014742","BURLINGTON INTERNATIONAL AIRPORT, VT US","44.46825","-73.1499","101.1","2023-07-24","2.3",,"1.8","0.0","0.0",,"29.4","16.7","  210","  130","7.2","10.7",,,"    1",,,,,
"USW00014742","BURLINGTON INTERNATIONAL AIRPORT, VT US","44.46825","-73.1499","101.1","2023-07-25","2.2",,"0.0","0.0","0.0",,"28.9","18.9","  200","  190","6.3","7.6",,,"    1",,,,,
"USW00014742","BURLINGTON INTERNATIONAL AIRPORT, VT US","44.46825","-73.1499","101.1","2023-07-26","4.4",,"0.0","0.0","0.0",,"30.6","20.0","  200","  190","8.1","9.8",,,,,,,,
"USW00014742","BURLINGTON INTERNATIONAL AIRPORT, VT US","44.46825","-73.1499","101.1","2023-07-27","2.6",,"18.5","0.0","0.0",,"26.7","20.0","  340","  190","7.2","8.9","    1",,"    1",,,,"    1",
"USW00014742","BURLINGTON INTERNATIONAL AIRPORT, VT US","44.46825","-73.1499","101.1","2023-07-28","2.5",,"0.0","0.0","0.0",,"32.8","18.9","  200","  190","8.1","11.2","    1",,,,,,,
"USW00014742","BURLINGTON INTERNATIONAL AIRPORT, VT US","44.46825","-73.1499","101.1","2023-07-29","3.4",,"11.2","0.0","0.0",,"23.9","14.4","  340","  340","7.6","12.1","    1",,"    1",,,,,
"USW00014742","BURLINGTON INTERNATIONAL AIRPORT, VT US","44.46825","-73.1499","101.1","2023-07-30","3.0",,"0.0","0.0","0.0",,"25.0","13.9","  340","  350","7.6","9.4",,,,,,,,
"USW00014742","BURLINGTON INTERNATIONAL AIRPORT, VT US","44.46825","-73.1499","101.1","2023-07-31","2.2",,"1.3","0.0","0.0",,"23.3","13.9","  340","   10","8.1","10.3",,,,,,,,
"USW00014742","BURLINGTON INTERNATIONAL AIRPORT, VT US","44.46825","-73.1499","101.1","2023-08-01","1.8",,"0.0","0.0","0.0",,"23.3","11.1","  350","  350","6.7","8.5",,,,,,,,
"USW00014742","BURLINGTON INTERNATIONAL AIRPORT, VT US","44.46825","-73.1499","101.1","2023-08-02","1.5",,"0.0","0.0","0.0",,"25.6","10.6","  140","  360","3.6","5.8",,,,,,,,
"USW00014742","BURLINGTON INTERNATIONAL AIRPORT, VT US","44.46825","-73.1499","101.1","2023-08-03","5.8",,"8.4","0.0","0.0",,"25.0","15.6","  190","  210","9.8","14.3","    1",,"    1",,,,,
"USW00014742","BURLINGTON INTERNATIONAL AIRPORT, VT US","44.46825","-73.1499","101.1","2023-08-04","3.2",,"9.4","0.0","0.0",,"21.7","17.2","  190","  180","10.3","13.0","    1",,"    1",,,,,
"USW00014742","BURLINGTON INTERNATIONAL AIRPORT, VT US","44.46825","-73.1499","101.1","2023-08-05","1.5",,"0.0","0.0","0.0",,"26.1","14.4","   10","  330","5.8","8.1","    1","    1",,,,,"    1",
"USW00014742","BURLINGTON INTERNATIONAL AIRPORT, VT US","44.46825","-73.1499","101.1","2023-08-06","1.6",,"0.0","0.0","0.0",,"27.8","13.3","  340","  340","6.3","7.6",,,,,,,,
"USW00014742","BURLINGTON INTERNATIONAL AIRPORT, VT US","44.46825","-73.1499","101.1","2023-08-07","3.3",,"1.0","0.0","0.0",,"23.3","17.2","  150","  130","8.9","11.6","    1",,,,,,"    1",
"USW00014742","BURLINGTON INTERNATIONAL AIRPORT, VT US","44.46825","-73.1499","101.1","2023-08-08","3.3",,"22.9","0.0","0.0",,"25.0","20.0","  190","  190","9.4","13.4","    1",,,,,,,
"USW00014742","BURLINGTON INTERNATIONAL AIRPORT, VT US","44.46825","-73.1499","101.1","2023-08-09","2.7",,"0.0","0.0","0.0",,"28.3","18.9","  350","   10","5.8","7.6",,,,,,,,
"USW00014742","BURLINGTON INTERNATIONAL AIRPORT, VT US","44.46825","-73.1499","101.1","2023-08-10","3.6",,"15.5","0.0","0.0",,"28.3","16.1","  200","  200","9.8","12.5","    1",,"    1",,,,"    1",
"USW00014742","BURLINGTON INTERNATIONAL AIRPORT, VT US","44.46825","-73.1499","101.1","2023-08-11","3.2",,"0.0","0.0","0.0",,"25.0","15.0","  330","  310","9.4","12.5","    1","    1",,,,,,
"USW00014742","BURLINGTON INTERNATIONAL AIRPORT, VT US","44.46825","-73.1499","101.1","2023-08-12","3.0",,"3.3","0.0","0.0",,"27.2","14.4","  190","  180","7.2","9.8","    1",,"    1",,,,,
"USW00014742","BURLINGTON INTERNATIONAL AIRPORT, VT US","44.46825","-73.1499","101.1","2023-08-13","3.8",,"0.5","0.0","0.0",,"27.2","19.4","  290","  300","8.1","12.1",,,"    1",,,,,
"USW00014742","BURLINGTON INTERNATIONAL AIRPORT, VT US","44.46825","-73.1499","101.1","2023-08-14","2.2",,"0.0","0.0","0.0",,"26.1","17.8","  270","  180","5.8","13.9",,,,,,,,
"USW00014742","BURLINGTON INTERNATIONAL AIRPORT, VT US","44.46825","-73.1499","101.1","2023-08-15","2.0",,"5.8","0.0","0.0",,"26.7","17.2","  200","   50","4.5","7.2","    1",,,,,,,
"USW00014742","BURLINGTON INTERNATIONAL AIRPORT, VT US","44.46825","-73.1499","101.1","2023-08-16","1.7",,"11.9","0.0","0.0",,"26.1","18.9","  180","  190","4.5","5.8","    1",,,,,,,
"USW00014742","BURLINGTON INTERNATIONAL AIRPORT, VT US","44.46825","-73.1499","101.1","2023-08-17","4.7",,"1.5","0.0","0.0",,"28.3","19.4","  130","  200","7.2","10.3",,,,,,,,
"USW00014742","BURLINGTON INTERNATIONAL AIRPORT, VT US","44.46825","-73.1499","101.1","2023-08-18","3.7",,"5.1","0.0","0.0",,"24.4","16.7","  300","  300","7.2","10.3","    1",,"    1",,,,,
"USW00014742","BURLINGTON INTERNATIONAL AIRPORT, VT US","44.46825","-73.1499","101.1","2023-08-19","2.4",,"10.7","0.0","0.0",,"18.3","15.6","  200","  200","6.3","8.5","    1",,,,,,,
"USW00014742","BURLINGTON INTERNATIONAL AIRPORT, VT US","44.46825","-73.1499","101.1","2023-08-20","3.7",,"0.0","0.0","0.0",,"27.2","15.6","  200","  190","7.6","11.2",,,,,,,,
"USW00014742","BURLINGTON INTERNATIONAL AIRPORT, VT US","44.46825","-73.1499","101.1","2023-08-21","2.6",,"0.5","0.0","0.0",,"23.3","15.0","  360","  360","7.2","9.8","    1",,,,,,,
"USW00014742","BURLINGTON INTERNATIONAL AIRPORT, VT US","44.46825","-73.1499","101.1","2023-08-22","2.5",,"0.0","0.0","0.0",,"24.4","11.7","  340","  340","8.1","10.7",,,,,,,,
"USW00014742","BURLINGTON INTERNATIONAL AIRPORT, VT US","44.46825","-73.1499","101.1","2023-08-23","1.5",,"0.0","0.0","0.0",,"26.1","11.7","  250","  210","4.0","6.3",,,,,,,,
"USW00014742","BURLINGTON INTERNATIONAL AIRPORT, VT US","44.46825","-73.1499","101.1","2023-08-24","3.6",,"10.7","0.0","0.0",,"27.2","12.2","  190","  200","8.9","11.6","    1",,,,,,,
"USW00014742","BURLINGTON INTERNATIONAL AIRPORT, VT US","44.46825","-73.1499","101.1","2023-08-25","2.5",,"11.2","0.0","0.0",,"23.3","16.1","  350","  350","5.8","7.2","    1",,,,,,,
"USW00014742","BURLINGTON INTERNATIONAL AIRPORT, VT US","44.46825","-73.1499","101.1","2023-08-26","2.9",,"4.8","0.0","0.0",,"25.6","17.2","   10","   10","9.4","11.2","    1",,"    1",,,,,
"USW00014742","BURLINGTON INTERNATIONAL AIRPORT, VT US","44.46825","-73.1499","101.1","2023-08-27","2.3",,"0.0","0.0","0.0",,"22.2","15.0","  350","  360","6.3","6.7","    1","    1",,,,,,
"USW00014742","BURLINGTON INTERNATIONAL AIRPORT, VT US","44.46825","-73.1499","101.1","2023-08-28","2.8",,"0.0","0.0","0.0",,"27.2","13.3","  190","  200","8.9","12.1","    1","    1",,,,,,
"USW00014742","BURLINGTON INTERNATIONAL AIRPORT, VT US","44.46825","-73.1499","101.1","2023-08-29","3.9",,"0.0","0.0","0.0",,"27.8","18.9","  200","  210","8.1","11.2",,,,,,,,
"USW00014742","BURLINGTON INTERNATIONAL AIRPORT, VT US","44.46825","-73.1499","101.1","2023-08-30","4.2",,"1.3","0.0","0.0",,"27.2","15.6","  330","  330","11.2","14.3","    1",,,,,,,
"USW00014742","BURLINGTON INTERNATIONAL AIRPORT, VT US","44.46825","-73.1499","101.1","2023-08-31","3.4",,"0.0","0.0","0.0",,"20.6","11.7","  340","  340","7.6","10.3",,,,,,,,
"USW00014742","BURLINGTON INTERNATIONAL AIRPORT, VT US","44.46825","-73.1499","101.1","2023-09-01","1.1",,"0.0","0.0","0.0",,"24.4","10.0","  270","  150","3.6","4.9",,,,,,,,
"USW00014742","BURLINGTON INTERNATIONAL AIRPORT, VT US","44.46825","-73.1499","101.1","2023-09-02","3.8",,"0.0","0.0","0.0",,"26.1","11.7","  180","  200","8.1","11.2",,,,,,,,
"USW00014742","BURLINGTON INTERNATIONAL AIRPORT, VT US","44.46825","-73.1499","101.1","2023-09-03","2.7",,"0.0","0.0","0.0",,"28.9","20.0","  200","  190","5.8","6.7",,,,,,,,
"USW00014742","BURLINGTON INTERNATIONAL AIRPORT, VT US","44.46825","-73.1499","101.1","2023-09-04","1.2",,"0.0","0.0","0.0",,"32.2","17.8","  330","  180","3.6","4.9",,,,,,,,
"USW00014742","BURLINGTON INTERNATIONAL AIRPORT, VT US","44.46825","-73.1499","101.1","2023-09-05","1.0",,"0.0","0.0","0.0",,"32.2","20.6","  300","  300","4.0","5.4",,,,,,,,
"USW00014742","BURLINGTON INTERNATIONAL AIRPORT, VT US","44.46825","-73.1499","101.1","2023-09-06","1.1",,"0.0","0.0","0.0",,"33.3","20.6","   30","   20","3.6","5.4","    1",,,,,,,
"USW00014742","BURLINGTON INTERNATIONAL AIRPORT, VT US","44.46825","-73.1499","101.1","2023-09-07","2.3",,"30.2","0.0","0.0",,"31.7","20.6","  290","  280","10.7","13.9","    1",,"    1",,,,,
"USW00014742","BURLINGTON INTERNATIONAL AIRPORT, VT US","44.46825","-73.1499","101.1","2023-09-08","3.5",,"9.1","0.0","0.0",,"28.9","20.6","  200","  210","7.6","9.8","    1",,"    1",,,,,
"USW00014742","BURLINGTON INTERNATIONAL AIRPORT, VT US","44.46825","-73.1499","101.1","2023-09-09","2.6",,"0.0","0.0","0.0",,"23.9","17.2","  340","   20","5.4","6.7",,,,,,,,
"USW00014742","BURLINGTON INTERNATIONAL AIRPORT, VT US","44.46825","-73.1499","101.1","2023-09-10","2.4",,"18.3","0.0","0.0",,"21.1","17.2","  350","  260","5.4","7.2","    1",,"    1",,,,,
"USW00014742","BURLINGTON INTERNATIONAL AIRPORT, VT US","44.46825","-73.1499","101.1","2023-09-11","2.4",,"0.0","0.0","0.0",,"19.4","16.7","  350","  350","5.8","6.7","    1",,,,,,,
"USW00014742","BURLINGTON INTERNATIONAL AIRPORT, VT US","44.46825","-73.1499","101.1","2023-09-12","1.7",,"0.0","0.0","0.0",,"26.1","16.1","  200","  190","5.8","7.6","    1",,,,,,,
"USW00014742","BURLINGTON INTERNATIONAL AIRPORT, VT US","44.46825","-73.1499","101.1","2023-09-13","1.3",,"7.4","0.0","0.0",,"21.7","14.4","  280","  290","5.8","7.6","    1",,,,,,,
"USW00014742","BURLINGTON INTERNATIONAL AIRPORT, VT US","44.46825","-73.1499","101.1","2023-09-14","2.8",,"0.0","0.0","0.0",,"21.1","11.7","  330","  330","8.1","10.3",,,,,,,,
"USW00014742","BURLINGTON INTERNATIONAL AIRPORT, VT US","44.46825","-73.1499","101.1","2023-09-15","2.4",,"0.0","0.0","0.0",,"20.6","10.6","  330","  340","7.6","8.9",,,,,,,,
"USW00014742","BURLINGTON INTERNATIONAL AIRPORT, VT US","44.46825","-73.1499","101.1","2023-09-16","4.0",,"0.0","0.0","0.0",,"22.8","12.2","  330","  330","10.3","12.5",,,,,,,,
"USW00014742","BURLINGTON INTERNATIONAL AIRPORT, VT US","44.46825","-73.1499","101.1","2023-09-17","1.7",,"0.0","0.0","0.0",,"23.3","10.0","  220","  210","4.5","6.3",,,,,,,,
"USW00014742","BURLINGTON INTERNATIONAL AIRPORT, VT US","44.46825","-73.1499","101.1","2023-09-18","1.4",,"2.5","0.0","0.0",,"17.8","14.4","  190","  190","4.5","5.8","    1",,,,,,,
"USW00014742","BURLINGTON INTERNATIONAL AIRPORT, VT US","44.46825","-73.1499","101.1","2023-09-19","3.5",,"6.4","0.0","0.0",,"17.8","15.6","  300","  310","7.6","10.3","    1",,,,,,,
"USW00014742","BURLINGTON INTERNATIONAL AIRPORT, VT US","44.46825","-73.1499","101.1","2023-09-20","1.6",,"0.0","0.0","0.0",,"21.1","10.0","  310","  320","5.8","7.6",,,,,,,,
"USW00014742","BURLINGTON INTERNATIONAL AIRPORT, VT US","44.46825","-73.1499","101.1","2023-09-21","1.2",,"0.0","0.0","0.0",,"21.7","8.3","  360","  330","4.5","6.3",,,,,,,,
"USW00014742","BURLINGTON INTERNATIONAL AIRPORT, VT US","44.46825","-73.1499","101.1","2023-09-22","1.4",,"0.0","0.0","0.0",,"23.9","8.3","  220","  230","4.5","7.6","    1",,,,,,,
"USW00014742","BURLINGTON INTERNATIONAL AIRPORT, VT US","44.46825","-73.1499","101.1","2023-09-23","0.9",,"0.0","0.0","0.0",,"21.7","11.1","   90","  160","4.0","5.8",,,,,,,,
"USW00014742","BURLINGTON INTERNATIONAL AIRPORT, VT US","44.46825","-73.1499","101.1","2023-09-24","1.0",,"0.0","0.0","0.0",,"22.2","11.7","  150","  140","3.6","4.0",,,,,,,,
"USW00014742","BURLINGTON INTERNATIONAL AIRPORT, VT US","44.46825","-73.1499","101.1","2023-09-25","1.5",,"0.0","0.0","0.0",,"22.2","9.4","  320","  310","5.4","6.7","    1",,,,,,"    1",
"USW00014742","BURLINGTON INTERNATIONAL AIRPORT, VT US","44.46825","-73.1499","101.1","2023-09-26","2.2",,"0.0","0.0","0.0",,"19.4","8.9","  330","  330","6.7","8.5",,,,,,,,
"USW00014742","BURLINGTON INTERNATIONAL AIRPORT, VT US","44.46825","-73.1499","101.1","2023-09-27","1.1",,"0.0","0.0","0.0",,"20.6","7.2","  300","  300","4.0","4.9","    1","    1",,,,,"    1",
"USW00014742","BURLINGTON INTERNATIONAL AIRPORT, VT US","44.46825","-73.1499","101.1","2023-09-28","0.8",,"0.0","0.0","0.0",,"23.3","7.8","  330","  320","3.1","4.0",,,,,,,,
"USW00014742","BURLINGTON INTERNATIONAL AIRPORT, VT US","44.46825","-73.1499","101.1","2023-09-29","1.7",,"0.0","0.0","0.0",,"18.9","10.6","  130","  170","4.0","4.9",,,,,,,,
"USW00014742","BURLINGTON INTERNATIONAL AIRPORT, VT US","44.46825","-73.1499","101.1","2023-09-30","1.8",,"0.0","0.0","0.0",,"22.8","11.7","  320","  330","6.7","8.5","    1",,,,,,,
"USW00014742","BURLINGTON INTERNATIONAL AIRPORT, VT US","44.46825","-73.1499","101.1","2023-10-01","1.4",,"0.0","0.0","0.0",,"25.6","10.6","   10","   10","6.7","8.1","    1",,,,,,,
"USW00014742","BURLINGTON INTERNATIONAL AIRPORT, VT US","44.46825","-73.1499","101.1","2023-10-02","0.5",,"0.0","0.0","0.0",,"23.9","9.4","  290","  330","3.1","4.0","    1","    1",,,,,,
"USW00014742","BURLINGTON INTERNATIONAL AIRPORT, VT US","44.46825","-73.1499","101.1","2023-10-03","1.4",,"0.0","0.0","0.0",,"28.9","11.1","  200","  190","6.7","8.1",,,,,,,,
"USW00014742","BURLINGTON INTERNATIONAL AIRPORT, VT US","44.46825","-73.1499","101.1","2023-10-04","1.7",,"0.0","0.0","0.0",,"30.0","13.9","  200","  190","4.5","5.8",,,,,,,,
"USW00014742","BURLINGTON INTERNATIONAL AIRPORT, VT US","44.46825","-73.1499","101.1","2023-10-05","5.1",,"0.0","0.0","0.0",,"28.3","16.7","  190","  200","9.8","13.0",,,,,,,,
"USW00014742","BURLINGTON INTERNATIONAL AIRPORT, VT US","44.46825","-73.1499","101.1","2023-10-06","3.6",,"0.0","0.0","0.0",,"23.9","17.2","  180","  180","9.4","12.1",,,,,,,,
"USW00014742","BURLINGTON INTERNATIONAL AIRPORT, VT US","44.46825","-73.1499","101.1","2023-10-07","3.1",,"71.1","0.0","0.0",,"21.1","9.4","  350","  300","8.1","9.8","    1",,,,,,,
"USW00014742","BURLINGTON INTERNATIONAL AIRPORT, VT US","44.46825","-73.1499","101.1","2023-10-08","5.3",,"3.8","0.0","0.0",,"15.6","9.4","  200","  200","10.7","14.8","    1",,,,,,,
"USW00014742","BURLINGTON INTERNATIONAL AIRPORT, VT US","44.46825","-73.1499","101.1","2023-10-09","5.6",,"0.0","0.0","0.0",,"15.6","8.9","  200","  210","9.8","12.5",,,,,,,,
"USW00014742","BURLINGTON INTERNATIONAL AIRPORT, VT US","44.46825","-73.1499","101.1","2023-10-10","3.7",,"0.0","0.0","0.0",,"16.7","8.9","  200","  210","8.1","11.6",,,,,,,,
"USW00014742","BURLINGTON INTERNATIONAL AIRPORT, VT US","44.46825","-73.1499","101.1","2023-10-11","2.4",,"0.5","0.0","0.0",,"13.9","9.4","  180","  190","6.3","8.5",,,,,,,,
"USW00014742","BURLINGTON INTERNATIONAL AIRPORT, VT US","44.46825","-73.1499","101.1","2023-10-12","2.1",,"0.0","0.0","0.0",,"16.7","5.6","  330","  320","9.4","11.2",,,,,,,,
"USW00014742","BURLINGTON INTERNATIONAL AIRPORT, VT US","44.46825","-73.1499","101.1","2023-10-13","2.4",,"0.0","0.0","0.0",,"16.1","3.9","  350","  330","6.7","8.5",,,,,,,,
"USW00014742","BURLINGTON INTERNATIONAL AIRPORT, VT US","44.46825","-73.1499","101.1","2023-10-14","1.5",,"0.0","0.0","0.0",,"15.0","7.8","  340","  360","4.5","6.3",,,,,,,,
"USW00014742","BURLINGTON INTERNATIONAL AIRPORT, VT US","44.46825","-73.1499","101.1","2023-10-15","3.2",,"1.8","0.0","0.0",,"12.2","8.9","  360","  340","7.2","9.4","    1",,,,,,,
"USW00014742","BURLINGTON INTERNATIONAL AIRPORT, VT US","44.46825","-73.1499","101.1","2023-10-16","3.1",,"0.5","0.0","0.0",,"15.0","10.0","   20","   20","7.6","9.8",,,,,,,,
"USW00014742","BURLINGTON INTERNATIONAL AIRPORT, VT US","44.46825","-73.1499","101.1","2023-10-17","1.2",,"0.0","0.0","0.0",,"13.3","8.9","  340","  350","3.6","4.5",,,,,,,,
"USW00014742","BURLINGTON INTERNATIONAL AIRPORT, VT US","44.46825","-73.1499","101.1","2023-10-18","2.2",,"0.0","0.0","0.0",,"15.6","8.9","  240","  190","5.4","7.2",,,,,,,,
"USW00014742","BURLINGTON INTERNATIONAL AIRPORT, VT US","44.46825","-73.1499","101.1","2023-10-19","3.9",,"0.0","0.0","0.0",,"17.8","8.9","  200","  190","8.9","11.6",,,,,,,,
"USW00014742","BURLINGTON INTERNATIONAL AIRPORT, VT US","44.46825","-73.1499","101.1","2023-10-20","5.0",,"1.8","0.0","0.0",,"18.9","13.3","  190","  190","9.8","13.0","    1",,,,,,,
"USW00014742","BURLINGTON INTERNATIONAL AIRPORT, VT US","44.46825","-73.1499","101.1","2023-10-21","2.2",,"59.2","0.0","0.0",,"14.4","9.4","  290","  280","7.6","10.7","    1",,,,,,,
"USW00014742","BURLINGTON INTERNATIONAL AIRPORT, VT US","44.46825","-73.1499","101.1","2023-10-22","3.5",,"3.6","0.0","0.0",,"9.4","6.1","  290","  290","8.1","12.5","    1",,,,,,,
"USW00014742","BURLINGTON INTERNATIONAL AIRPORT, VT US","44.46825","-73.1499","101.1","2023-10-23","2.1",,"0.3","0.0","0.0",,"10.0","2.8","  310","  340","5.4","6.3","    1",,,,,,,
"USW00014742","BURLINGTON INTERNATIONAL AIRPORT, VT US","44.46825","-73.1499","101.1","2023-10-24","3.3",,"0.0","0.0","0.0",,"14.4","1.7","  180","  190","5.8","9.4","    1",,,,,,,
"USW00014742","BURLINGTON INTERNATIONAL AIRPORT, VT US","44.46825","-73.1499","101.1","2023-10-25","4.8",,"0.0","0.0","0.0",,"20.0","13.9","  210","  200","7.6","11.2",,,,,,,,
"USW00014742","BURLINGTON INTERNATIONAL AIRPORT, VT US","44.46825","-73.1499","101.1","2023-10-26","2.2",,"0.8","0.0","0.0",,"19.4","13.9","  200","  210","6.7","8.1","    1",,,,,,,
"USW00014742","BURLINGTON INTERNATIONAL AIRPORT, VT US","44.46825","-73.1499","101.1","2023-10-27","3.6",,"0.0","0.0","0.0",,"22.8","11.7","  200","  200","6.7","9.4","    1",,,,,,,
"USW00014742","BURLINGTON INTERNATIONAL AIRPORT, VT US","44.46825","-73.1499","101.1","2023-10-28","4.3",,"1.8","0.0","0.0",,"19.4","7.8","  340","  330","10.7","12.5","    1",,,,,,,
"USW00014742","BURLINGTON INTERNATIONAL AIRPORT, VT US","44.46825","-73.1499","101.1","2023-10-29","1.7",,"0.0","0.0","0.0",,"7.8","5.6","   20","   10","4.5","5.8",,,,,,,,
"USW00014742","BURLINGTON INTERNATIONAL AIRPORT, VT US","44.46825","-73.1499","101.1","2023-10-30","2.8",,"17.8","0.0","0.0",,"6.1","2.8","  330","  340","7.2","8.5","    1",,,,,,"    1",
"USW00014742","BURLINGTON INTERNATIONAL AIRPORT, VT US","44.46825","-73.1499","101.1","2023-10-31","2.4",,"0.0","0.0","0.0",,"6.1","-1.0","  330","  320","6.3","8.5",,,,,,,,
"USW00014742","BURLINGTON INTERNATIONAL AIRPORT, VT US","44.46825","-73.1499","101.1","2023-11-01","2.6",,"0.8","3.0","0.0",,"3.3","-1.0","  340","  350","7.2","8.1","    1",,,,,,,
"USW00014742","BURLINGTON INTERNATIONAL AIRPORT, VT US","44.46825","-73.1499","101.1","2023-11-02","3.9",,"0.0","0.0","0.0",,"7.2","-1.6","  200","  210","7.6","11.2",,,,,,,,
"USW00014742","BURLINGTON INTERNATIONAL AIRPORT, VT US","44.46825","-73.1499","101.1","2023-11-03","7.3",,"0.0","0.0","0.0",,"12.8","5.6","  190","  200","11.6","16.1",,,,,,,,
"USW00014742","BURLINGTON INTERNATIONAL AIRPORT, VT US","44.46825","-73.1499","101.1","2023-11-04","2.3",,"0.0","0.0","0.0",,"11.1","5.6","  200","  190","9.8","13.0",,,,,,,,
"USW00014742","BURLINGTON INTERNATIONAL AIRPORT, VT US","44.46825","-73.1499","101.1","2023-11-05","2.2",,"0.0","0.0","0.0",,"9.4","3.3","  350","  350","7.6","8.9",,,,,,,,
"USW00014742","BURLINGTON INTERNATIONAL AIRPORT, VT US","44.46825","-73.1499","101.1","2023-11-06","3.6",,"0.0","0.0","0.0",,"9.4","-1.6","  190","  180","11.6","16.1",,,,,,,,
"USW00014742","BURLINGTON INTERNATIONAL AIRPORT, VT US","44.46825","-73.1499","101.1","2023-11-07","7.5",,"2.0","0.0","0.0",,"12.2","1.7","  190","  170","13.9","18.3","    1",,,,,,"    1",
"USW00014742","BURLINGTON INTERNATIONAL AIRPORT, VT US","44.46825","-73.1499","101.1","2023-11-08","4.9",,"0.0","0.0","0.0",,"3.9","-1.0","  320","  320","11.2","15.2",,,,,,,,
"USW00014742","BURLINGTON INTERNATIONAL AIRPORT, VT US","44.46825","-73.1499","101.1","2023-11-09","3.1",,"6.6","51.0","50.0",,"5.6","-0.5","  310","  320","7.6","9.8","    1",,,,,"    1",,
"USW00014742","BURLINGTON INTERNATIONAL AIRPORT, VT US","44.46825","-73.1499","101.1","2023-11-10","2.7",,"1.0","0.0","0.0",,"8.3","2.8","  350","  300","7.6","10.3","    1",,,,,,,
"USW00014742","BURLINGTON INTERNATIONAL AIRPORT, VT US","44.46825","-73.1499","101.1","2023-11-11","4.6",,"0.0","0.0","0.0",,"3.3","1.1","  340","  340","9.8","12.1",,,,,,,,
"USW00014742","BURLINGTON INTERNATIONAL AIRPORT, VT US","44.46825","-73.1499","101.1","2023-11-12","2.1",,"0.0","0.0","0.0",,"2.2","-2.1","  330","  330","5.8","6.3",,,,,,,,
"USW00014742","BURLINGTON INTERNATIONAL AIRPORT, VT US","44.46825","-73.1499","101.1","2023-11-13","2.6",,"0.0","0.0","0.0",,"2.8","-2.7","  200","  200","6.3","8.5",,,,,,,,
"USW00014742","BURLINGTON INTERNATIONAL AIRPORT, VT US","44.46825","-73.1499","101.1","2023-11-14","1.4",,"1.0","0.0","0.0",,"3.3","1.1","   20","  350","5.4","6.7","    1",,,,,,,
"USW00014742","BURLINGTON INTERNATIONAL AIRPORT, VT US","44.46825","-73.1499","101.1","2023-11-15","5.2",,"0.0","0.0","0.0",,"7.8","0.6","  190","  190","11.6","14.8",,,,,,,,
"USW00014742","BURLINGTON INTERNATIONAL AIRPORT, VT US","44.46825","-73.1499","101.1","2023-11-16","1.7",,"0.0","0.0","0.0",,"13.3","0.6","  190","  180","6.7","9.8",,,,,,,,
"USW00014742","BURLINGTON INTERNATIONAL AIRPORT, VT US","44.46825","-73.1499","101.1","2023-11-17","6.7",,"6.6","0.0","0.0",,"16.7","5.6","  200","  180","11.6","17.0","    1",,,,,,,
"USW00014742","BURLINGTON INTERNATIONAL AIRPORT, VT US","44.46825","-73.1499","101.1","2023-11-18","3.4",,"3.8","0.0","0.0",,"6.7","-1.6","  340","  360","7.6","10.3","    1",,,,,,,
"USW00014742","BURLINGTON INTERNATIONAL AIRPORT, VT US","44.46825","-73.1499","101.1","2023-11-19","5.1",,"0.0","3.0","0.0",,"7.2","-0.5","  340","  350","10.3","12.1",,,,,,,,
"USW00014742","BURLINGTON INTERNATIONAL AIRPORT, VT US","44.46825","-73.1499","101.1","2023-11-20","3.3",,"0.0","0.0","0.0",,"0.6","-6.6","  330","  330","8.9","10.7",,,,,,,,
"USW00014742","BURLINGTON INTERNATIONAL AIRPORT, VT US","44.46825","-73.1499","101.1","2023-11-21","2.5",,"6.4","61.0","0.0",,"3.3","-7.7","  190","  190","7.2","10.3","    1",,,,,,,
"USW00014742","BURLINGTON INTERNATIONAL AIRPORT, VT US","44.46825","-73.1499","101.1","2023-11-22","1.8",,"2.5","0.0","80.0",,"5.0","1.1","  170","  190","5.4","6.7","    1",,,,,,,
"USW00014742","BURLINGTON INTERNATIONAL AIRPORT, VT US","44.46825","-73.1499","101.1","2023-11-23","2.8",,"0.5","0.0","0.0",,"7.2","2.8","  290","  300","7.6","9.8","    1",,,,,,,
"USW00014742","BURLINGTON INTERNATIONAL AIRPORT, VT US","44.46825","-73.1499","101.1","2023-11-24","5.1",,"0.5","3.0","0.0",,"7.2","-4.3","  340","  340","9.8","12.1",,,,,,,,
"USW00014742","BURLINGTON INTERNATIONAL AIRPORT, VT US","44.46825","-73.1499","101.1","2023-11-25","3.5",,"0.0","0.0","0.0",,"2.2","-7.7","  350","  320","7.6","10.7",,,,,,,,
"USW00014742","BURLINGTON INTERNATIONAL AIRPORT, VT US","44.46825","-73.1499","101.1","2023-11-26","3.9",,"6.6","8.0","0.0",,"6.1","-2.1","  200","  210","9.4","12.1","    1",,,,,,,
"USW00014742","BURLINGTON INTERNATIONAL AIRPORT, VT US","44.46825","-73.1499","101.1","2023-11-27","3.1",,"25.9","0.0","0.0",,"6.1","0.6","  270","  280","8.9","13.4","    1",,,,,,,
"USW00014742","BURLINGTON INTERNATIONAL AIRPORT, VT US","44.46825","-73.1499","101.1","2023-11-28","5.5",,"0.0","0.0","0.0",,"2.2","-3.8","  320","  280","9.8","13.9",,,,,,,,
"USW00014742","BURLINGTON INTERNATIONAL AIRPORT, VT US","44.46825","-73.1499","101.1","2023-11-29","4.8",,"0.0","0.0","0.0",,"0.0","-4.9","  190","  310","7.6","11.2",,,,,,,,
"USW00014742","BURLINGTON INTERNATIONAL AIRPORT, VT US","44.46825","-73.1499","101.1","2023-11-30","7.5",,"0.0","0.0","0.0",,"6.7","-1.0","  200","  190","12.5","16.5",,,,,,,,
"USW00014742","BURLINGTON INTERNATIONAL AIRPORT, VT US","44.46825","-73.1499","101.1","2023-12-01","4.2",,"6.9","0.0","0.0",,"8.9","4.4","  200","  190","9.8","13.9","    1",,,,,,,
"USW00014742","BURLINGTON INTERNATIONAL AIRPORT, VT US","44.46825","-73.1499","101.1","2023-12-02","1.8",,"1.8","0.0","0.0",,"5.6","1.7","  360","  360","4.5","5.4","    1",,,,,,,
"USW00014742","BURLINGTON INTERNATIONAL AIRPORT, VT US","44.46825","-73.1499","101.1","2023-12-03","1.4",,"11.2","0.0","0.0",,"3.3","0.6","  320","  320","4.0","4.5","    1","    1",,,,,,
"USW00014742","BURLINGTON INTERNATIONAL AIRPORT, VT US","44.46825","-73.1499","101.1","2023-12-04","3.0",,"8.4","10.0","0.0",,"5.0","-2.1","  350","  340","5.8","7.6","    1",,,,,,,
"USW00014742","BURLINGTON INTERNATIONAL AIRPORT, VT US","44.46825","-73.1499","101.1","2023-12-05","2.6",,"0.3","5.0","30.0",,"-1.6","-3.8","  350","  350","5.8","7.2","    1",,,,,,,
"USW00014742","BURLINGTON INTERNATIONAL AIRPORT, VT US","44.46825","-73.1499","101.1","2023-12-06","3.5",,"0.0","0.0","0.0",,"-3.2","-6.6","  330","  350","6.3","7.6","    1",,,,,,,
"USW00014742","BURLINGTON INTERNATIONAL AIRPORT, VT US","44.46825","-73.1499","101.1","2023-12-07","1.7",,"0.0","0.0","0.0",,"-2.1","-7.1","  190","  200","4.5","5.8",,,,,,,,
"USW00014742","BURLINGTON INTERNATIONAL AIRPORT, VT US","44.46825","-73.1499","101.1","2023-12-08","1.4",,"0.0","0.0","0.0",,"3.3","-2.7","  130","  130","4.5","5.4",,,,,,,,
"USW00014742","BURLINGTON INTERNATIONAL AIRPORT, VT US","44.46825","-73.1499","101.1","2023-12-09","4.9",,"0.0","0.0","0.0",,"10.6","2.8","  180","  190","9.8","13.0",,,,,,,,
"USW00014742","BURLINGTON INTERNATIONAL AIRPORT, VT US","44.46825","-73.1499","101.1","2023-12-10","5.1",,"23.1","0.0","0.0",,"12.2","1.1","  190","  190","10.7","15.7","    1",,,,,,,
"USW00014742","BURLINGTON INTERNATIONAL AIRPORT, VT US","44.46825","-73.1499","101.1","2023-12-11","2.4",,"14.5","48.0","50.0",,"2.8","-1.0","  300","  310","9.8","13.4","    1",,,,,,,
"USW00014742","BURLINGTON INTERNATIONAL AIRPORT, VT US","44.46825","-73.1499","101.1","2023-12-12","5.3",,"0.3","0.0","50.0",,"16.7","-4.3","  190","  190","11.2","15.2",,,,,,,,
"USW00014742","BURLINGTON INTERNATIONAL AIRPORT, VT US","44.46825","-73.1499","101.1","2023-12-13","5.4",,"0.8","10.0","50.0",,"3.9","-3.8","  300","  290","9.8","13.4","    1",,,,,,"    1",
"USW00014742","BURLINGTON INTERNATIONAL AIRPORT, VT US","44.46825","-73.1499","101.1","2023-12-14","4.0",,"0.0","0.0","50.0",,"0.6","-8.2","  330","  330","8.9","11.2",,,,,,,,
"USW00014742","BURLINGTON INTERNATIONAL AIRPORT, VT US","44.46825","-73.1499","101.1","2023-12-15","2.9",,"0.0","0.0","50.0",,"8.3","0.0","  190","  190","6.7","9.4",,,,,,,,
"USW00014742","BURLINGTON INTERNATIONAL AIRPORT, VT US","44.46825","-73.1499","101.1","2023-12-16","2.1",,"0.0","0.0","30.0",,"7.8","-2.1","  200","  210","6.3","7.6",,,,,,,,
"USW00014742","BURLINGTON INTERNATIONAL AIRPORT, VT US","44.46825","-73.1499","101.1","2023-12-17","3.6",,"6.4","0.0","0.0",,"8.3","3.3","  180","  200","7.6","10.7","    1",,,,,,,
"USW00014742","BURLINGTON INTERNATIONAL AIRPORT, VT US","44.46825","-73.1499","101.1","2023-12-18","2.8",,"55.9","0.0","0.0",,"11.7","6.7","  200","  280","5.8","8.9","    1",,,,,,,
"USW00014742","BURLINGTON INTERNATIONAL AIRPORT, VT US","44.46825","-73.1499","101.1","2023-12-19","5.2",,"0.0","0.0","0.0",,"6.7","-2.1","  320","  320","11.2","13.0",,,,,,,,
"USW00014742","BURLINGTON INTERNATIONAL AIRPORT, VT US","44.46825","-73.1499","101.1","2023-12-20","2.4",,"0.0","0.0","0.0",,"2.2","-4.3","  350","  360","7.2","9.8",,,,,,,,
"USW00014742","BURLINGTON INTERNATIONAL AIRPORT, VT US","44.46825","-73.1499","101.1","2023-12-21","5.1",,"0.0","0.0","0.0",,"-0.5","-7.1","  360","   30","10.3","13.0",,,,,,,,
"USW00014742","BURLINGTON INTERNATIONAL AIRPORT, VT US","44.46825","-73.1499","101.1","2023-12-22","1.2",,"0.0","0.0","0.0",,"-2.7","-9.9","   30","   40","4.0","5.4",,,,,,,,
"USW00014742","BURLINGTON INTERNATIONAL AIRPORT, VT US","44.46825","-73.1499","101.1","2023-12-23","3.5",,"0.3","0.0","0.0",,"2.8","-7.7","  190","  200","8.9","12.1",,,,,,,,
"USW00014742","BURLINGTON INTERNATIONAL AIRPORT, VT US","44.46825","-73.1499","101.1","2023-12-24","2.2",,"0.0","0.0","0.0",,"5.0","2.2","  170","  180","5.8","7.2",,,,,,,,
"USW00014742","BURLINGTON INTERNATIONAL AIRPORT, VT US","44.46825","-73.1499","101.1","2023-12-25","2.0",,"0.0","0.0","0.0",,"7.2","1.7","  200","  200","6.3","7.6",,,,,,,,
"USW00014742","BURLINGTON INTERNATIONAL AIRPORT, VT US","44.46825","-73.1499","101.1","2023-12-26","2.6",,"3.8","0.0","0.0",,"10.0","1.7","  200","  200","7.2","9.8","    1",,,,,,,
"USW00014742","BURLINGTON INTERNATIONAL AIRPORT, VT US","44.46825","-73.1499","101.1","2023-12-27","1.5",,"2.5","0.0","0.0",,"7.8","5.6","  210","  200","4.5","6.7","    1","    1",,,,,,
"USW00014742","BURLINGTON INTERNATIONAL AIRPORT, VT US","44.46825","-73.1499","101.1","2023-12-28","2.5",,"3.3","0.0","0.0",,"6.1","3.3","  330","  330","4.5","4.9","    1","    1",,,,,,
"USW00014742","BURLINGTON INTERNATIONAL AIRPORT, VT US","44.46825","-73.1499","101.1","2023-12-29","1.3",,"5.8","0.0","0.0",,"6.1","2.8","  360","  360","4.5","5.8","    1",,,,,,,
"USW00014742","BURLINGTON INTERNATIONAL AIRPORT, VT US","44.46825","-73.1499","101.1","2023-12-30","3.6",,"1.8","0.0","0.0",,"3.3","-2.1","  350","  350","7.2","9.4","    1",,,,,,,
"USW00014742","BURLINGTON INTERNATIONAL AIRPORT, VT US","44.46825","-73.1499","101.1","2023-12-31","3.3",,"0.0","0.0","0.0",,"-2.1","-3.8","   10","   20","5.8","6.7",,,,,,,,
"USW00014742","BURLINGTON INTERNATIONAL AIRPORT, VT US","44.46825","-73.1499","101.1","2024-01-01","2.6",,"0.0","0.0","0.0",,"-3.8","-4.9","  340","  340","5.8","7.6",,,,,,,,
"USW00014742","BURLINGTON INTERNATIONAL AIRPORT, VT US","44.46825","-73.1499","101.1","2024-01-02","2.8",,"0.0","0.0","0.0",,"2.2","-6.0","  200","  210","6.3","7.6",,,,,,,,
"USW00014742","BURLINGTON INTERNATIONAL AIRPORT, VT US","44.46825","-73.1499","101.1","2024-01-03","3.1",,"0.0","0.0","0.0",,"3.9","0.6","  190","  190","6.3","7.6","    1",,,,,,,
"USW00014742","BURLINGTON INTERNATIONAL AIRPORT, VT US","44.46825","-73.1499","101.1","2024-01-04","5.2",,"0.5","3.0","0.0",,"2.2","-8.8","  330","   10","10.7","14.3","    1",,,,,,"    1",
"USW00014742","BURLINGTON INTERNATIONAL AIRPORT, VT US","44.46825","-73.1499","101.1","2024-01-05","3.0",,"0.0","0.0","0.0",,"0.0","-10.5","  290","  290","6.7","9.4",,,,,,,,
"USW00014742","BURLINGTON INTERNATIONAL AIRPORT, VT US","44.46825","-73.1499","101.1","2024-01-06","3.0",,"1.5","20.0","0.0",,"0.0","-6.6","  350","  350","7.6","9.8","    1",,,,,,,
"USW00014742","BURLINGTON INTERNATIONAL AIRPORT, VT US","44.46825","-73.1499","101.1","2024-01-07","1.5",,"9.7","163.0","180.0",,"-2.1","-6.0","  350","  350","7.2","8.9","    1","    1",,,,,,
"USW00014742","BURLINGTON INTERNATIONAL AIRPORT, VT US","44.46825","-73.1499","101.1","2024-01-08","1.3",,"0.3","3.0","180.0",,"-0.5","-5.5","  360","  360","4.5","6.3","    1",,,,,,"    1",
"USW00014742","BURLINGTON INTERNATIONAL AIRPORT, VT US","44.46825","-73.1499","101.1","2024-01-09","4.5",,"7.4","46.0","150.0",,"4.4","-4.3","  170","  180","13.9","19.7","    1",,,"    1",,,,"    1"
"USW00014742","BURLINGTON INTERNATIONAL AIRPORT, VT US","44.46825","-73.1499","101.1","2024-01-10","5.4",,"13.5","0.0","130.0",,"8.3","2.8","  150","  150","20.6","30.9","    1",,,,,,,
"USW00014742","BURLINGTON INTERNATIONAL AIRPORT, VT US","44.46825","-73.1499","101.1","2024-01-11","3.1",,"2.5","38.0","80.0",,"2.8","-2.7","  300","  300","9.4","14.3","    1",,,,,,,
"USW00014742","BURLINGTON INTERNATIONAL AIRPORT, VT US","44.46825","-73.1499","101.1","2024-01-12","1.7",,"0.0","8.0","100.0",,"0.6","-3.8","   30","  360","4.5","5.8","    1",,,,,,"    1",
"USW00014742","BURLINGTON INTERNATIONAL AIRPORT, VT US","44.46825","-73.1499","101.1","2024-01-13","6.0",,"11.2","0.0","100.0",,"7.2","-1.0","  130","  130","13.9","20.1","    1",,,,,,,
"USW00014742","BURLINGTON INTERNATIONAL AIRPORT, VT US","44.46825","-73.1499","101.1","2024-01-14","6.0",,"0.0","3.0","50.0",,"1.7","-3.8","  280","  260","11.6","16.5","    1",,,,,,,"    1"
"USW00014742","BURLINGTON INTERNATIONAL AIRPORT, VT US","44.46825","-73.1499","101.1","2024-01-15","4.4",,"0.3","3.0","50.0",,"-3.2","-7.1","  200","  210","8.9","11.6",,,,,,,,
"USW00014742","BURLINGTON INTERNATIONAL AIRPORT, VT US","44.46825","-73.1499","101.1","2024-01-16","2.2",,"4.8","127.0","50.0",,"-4.9","-8.2","  340","  330","6.7","8.5","    1",,,,,,"    1",
"USW00014742","BURLINGTON INTERNATIONAL AIRPORT, VT US","44.46825","-73.1499","101.1","2024-01-17","4.3",,"0.0","0.0","130.0",,"-5.5","-9.3","  200","  200","7.6","11.2",,,,,,,"    1",
"USW00014742","BURLINGTON INTERNATIONAL AIRPORT, VT US","44.46825","-73.1499","101.1","2024-01-18","4.1",,"0.8","28.0","80.0",,"-3.8","-8.8","  200","  200","8.1","10.7","    1",,,,,,,
"USW00014742","BURLINGTON INTERNATIONAL AIRPORT, VT US","44.46825","-73.1499","101.1","2024-01-19","3.8",,"0.0","0.0","80.0",,"-4.9","-14.9","  340","   10","7.2","8.5","    1",,,,,,,
"USW00014742","BURLINGTON INTERNATIONAL AIRPORT, VT US","44.46825","-73.1499","101.1","2024-01-20","4.1",,"0.5","15.0","80.0",,"-9.9","-14.3","  330","  320","7.6","9.8","    1",,,,,,,
"USW00014742","BURLINGTON INTERNATIONAL AIRPORT, VT US","44.46825","-73.1499","101.1","2024-01-21","3.6",,"0.0","0.0","80.0",,"-7.7","-15.5","  330","  330","8.9","10.3","    1",,,,,,,
"USW00014742","BURLINGTON INTERNATIONAL AIRPORT, VT US","44.46825","-73.1499","101.1","2024-01-22","4.3",,"0.0","0.0","80.0",,"-0.5","-16.0","  200","  200","9.4","12.5",,,,,,,,
"USW00014742","BURLINGTON INTERNATIONAL AIRPORT, VT US","44.46825","-73.1499","101.1","2024-01-23","3.4",,"0.0","0.0","80.0",,"1.1","-6.0","  330","  300","6.7","8.9",,,,,,,,
"USW00014742","BURLINGTON INTERNATIONAL AIRPORT, VT US","44.46825","-73.1499","101.1","2024-01-24","3.4",,"9.9","43.0","130.0",,"3.9","-6.6","  190","  190","8.9","12.1","    1",,,,,,,
"USW00014742","BURLINGTON INTERNATIONAL AIRPORT, VT US","44.46825","-73.1499","101.1","2024-01-25","1.9",,"4.3","0.0","50.0",,"3.9","0.0","   20","   20","5.4","6.3","    1",,,,,,,
"USW00014742","BURLINGTON INTERNATIONAL AIRPORT, VT US","44.46825","-73.1499","101.1","2024-01-26","1.6",,"11.2","0.0","50.0",,"3.9","0.0","  350","  170","5.8","7.2","    1","    1",,,,,,
"USW00014742","BURLINGTON INTERNATIONAL AIRPORT, VT US","44.46825","-73.1499","101.1","2024-01-27","1.5",,"0.0","5.0","30.0",,"2.2","0.0","  330","  330","5.4","6.3","    1","    1",,,,,,
"USW00014742","BURLINGTON INTERNATIONAL AIRPORT, VT US","44.46825","-73.1499","101.1","2024-01-28","2.5",,"0.0","3.0","30.0",,"2.8","0.0","  350","  350","6.3","8.1","    1","    1",,,,,"    1",
"USW00014742","BURLINGTON INTERNATIONAL AIRPORT, VT US","44.46825","-73.1499","101.1","2024-01-29","5.0",,"0.0","0.0","0.0",,"0.6","-2.1","  360","  350","8.9","11.6","    1",,,"    1",,"    1",,
"USW00014742","BURLINGTON INTERNATIONAL AIRPORT, VT US","44.46825","-73.1499","101.1","2024-01-30","1.8",,"0.0","0.0","0.0",,"-0.5","-4.3","  330","  210","4.5","5.4",,,,,,,,
"USW00014742","BURLINGTON INTERNATIONAL AIRPORT, VT US","44.46825","-73.1499","101.1","2024-01-31","3.3",,"0.0","0.0","0.0",,"2.2","-2.7","  180","  180","7.2","8.5",,,,,,,,
"USW00014742","BURLINGTON INTERNATIONAL AIRPORT, VT US","44.46825","-73.1499","101.1","2024-02-01","4.3",,"0.0","0.0","0.0",,"2.8","1.7","  190","  170","7.2","10.3",,,,,,,,
"USW00014742","BURLINGTON INTERNATIONAL AIRPORT, VT US","44.46825","-73.1499","101.1","2024-02-02","4.0",,"0.3","3.0","0.0",,"2.2","-3.2","  360","  360","8.1","11.2","    1",,,,,,"    1",
"USW00014742","BURLINGTON INTERNATIONAL AIRPORT, VT US","44.46825","-73.1499","101.1","2024-02-03","3.5",,"0.0","0.0","0.0",,"-2.1","-6.6","  340","  350","6.3","8.1",,,,,,,"    1",
"USW00014742","BURLINGTON INTERNATIONAL AIRPORT, VT US","44.46825","-73.1499","101.1","2024-02-04","2.0",,"0.0","0.0","0.0",,"2.2","-8.8","  360","  360","5.8","6.3",,,,,,,,
"USW00014742","BURLINGTON INTERNATIONAL AIRPORT, VT US","44.46825","-73.1499","101.1","2024-02-05","3.6",,"0.0","0.0","0.0",,"-0.5","-6.6","  360","   10","8.9","11.2","    1",,,,,,"    1",
"USW00014742","BURLINGTON INTERNATIONAL AIRPORT, VT US","44.46825","-73.1499","101.1","2024-02-06","2.4",,"0.0","0.0","0.0",,"1.1","-8.8","  340","  320","5.8","8.1",,,,,,,,
"USW00014742","BURLINGTON INTERNATIONAL AIRPORT, VT US","44.46825","-73.1499","101.1","2024-02-07","0.5",,"0.0","0.0","0.0",,"2.8","-8.2","  320","  330","2.7","3.1",,,,,,,,
"USW00014742","BURLINGTON INTERNATIONAL AIRPORT, VT US","44.46825","-73.1499","101.1","2024-02-08","1.5",,"0.0","0.0","0.0",,"10.0","-3.2","  210","  200","4.5","5.8",,,,,,,,
"USW00014742","BURLINGTON INTERNATIONAL AIRPORT, VT US","44.46825","-73.1499","101.1","2024-02-09","6.2",,"0.0","0.0","0.0",,"11.7","3.3","  200","  190","9.8","17.0",,,,,,,,
"USW00014742","BURLINGTON INTERNATIONAL AIRPORT, VT US","44.46825","-73.1499","101.1","2024-02-10","5.8",,"0.5","0.0","0.0",,"13.3","5.6","  190","  190","11.2","15.2",,,,,,,,
"USW00014742","BURLINGTON INTERNATIONAL AIRPORT, VT US","44.46825","-73.1499","101.1","2024-02-11","3.6",,"0.0","0.0","0.0",,"6.7","2.2","  330","  290","8.1","10.7",,,,,,,,
"USW00014742","BURLINGTON INTERNATIONAL AIRPORT, VT US","44.46825","-73.1499","101.1","2024-02-12","1.1",,"0.0","0.0","0.0",,"2.8","0.6","   20","   20","4.5","5.8",,,,,,,,
"USW00014742","BURLINGTON INTERNATIONAL AIRPORT, VT US","44.46825","-73.1499","101.1","2024-02-13","2.2",,"0.0","0.0","0.0",,"4.4","-1.0","  330","  330","7.2","8.9",,,,,,,,
"USW00014742","BURLINGTON INTERNATIONAL AIRPORT, VT US","44.46825","-73.1499","101.1","2024-02-14","7.1",,"0.8","51.0","50.0",,"0.6","-8.8","  340","  330","13.4","16.5","    1",,,,,,"    1","    1"
"USW00014742","BURLINGTON INTERNATIONAL AIRPORT, VT US","44.46825","-73.1499","101.1","2024-02-15","1.7",,"1.5","48.0","50.0",,"-1.0","-10.5","  330","  340","7.2","9.8","    1",,,,,,,
"USW00014742","BURLINGTON INTERNATIONAL AIRPORT, VT US","44.46825","-73.1499","101.1","2024-02-16","3.9",,"0.5","38.0","80.0",,"-1.0","-6.0","  330","  340","10.7","14.3","    1",,,,,,"    1","    1"
"USW00014742","BURLINGTON INTERNATIONAL AIRPORT, VT US","44.46825","-73.1499","101.1","2024-02-17","2.6",,"1.8","33.0","100.0",,"-3.2","-8.8","  340","  340","8.9","10.7","    1","    1",,,,,"    1",
"USW00014742","BURLINGTON INTERNATIONAL AIRPORT, VT US","44.46825","-73.1499","101.1","2024-02-18","6.3",,"0.3","8.0","100.0",,"-1.6","-12.7","  200","  190","13.0","16.5","    1",,,,,,"    1",
"USW00014742","BURLINGTON INTERNATIONAL AIRPORT, VT US","44.46825","-73.1499","101.1","2024-02-19","4.3",,"1.5","33.0","100.0",,"-2.1","-13.8","  320","  330","11.6","14.8","    1",,,,,,,
"USW00014742","BURLINGTON INTERNATIONAL AIRPORT, VT US","44.46825","-73.1499","101.1","2024-02-20","1.4",,"0.0","0.0","80.0",,"-2.1","-15.5","  330","  320","4.0","4.9",,,,,,,,
"USW00014742","BURLINGTON INTERNATIONAL AIRPORT, VT US","44.46825","-73.1499","101.1","2024-02-21","4.5",,"0.0","0.0","80.0",,"5.6","-12.1","  190","  180","11.2","15.2",,,,,,,,
"USW00014742","BURLINGTON INTERNATIONAL AIRPORT, VT US","44.46825","-73.1499","101.1","2024-02-22","6.4",,"5.6","0.0","50.0",,"3.9","0.6","  200","  190","10.3","16.1","    1",,,,,,,
"USW00014742","BURLINGTON INTERNATIONAL AIRPORT, VT US","44.46825","-73.1499","101.1","2024-02-23","4.5",,"0.5","0.0","30.0",,"8.3","-1.6","  360","  350","11.2","13.9",,,,,,,,
"USW00014742","BURLINGTON INTERNATIONAL AIRPORT, VT US","44.46825","-73.1499","101.1","2024-02-24","5.3",,"0.0","0.0","0.0",,"-1.6","-12.1","  360","  360","9.8","12.5",,,,,,,,
"USW00014742","BURLINGTON INTERNATIONAL AIRPORT, VT US","44.46825","-73.1499","101.1","2024-02-25","5.3",,"0.0","0.0","0.0",,"2.2","-12.1","  200","  200","10.3","13.9",,,,,,,,
"USW00014742","BURLINGTON INTERNATIONAL AIRPORT, VT US","44.46825","-73.1499","101.1","2024-02-26","4.7",,"0.0","0.0","0.0",,"7.8","-2.1","  190","  180","8.1","14.3",,,,,,,,
"USW00014742","BURLINGTON INTERNATIONAL AIRPORT, VT US","44.46825","-73.1499","101.1","2024-02-27","5.4",,"0.0","0.0","0.0",,"18.3","-2.1","  190","  180","10.3","15.7",,,,,,,,
"USW00014742","BURLINGTON INTERNATIONAL AIRPORT, VT US","44.46825","-73.1499","101.1","2024-02-28","7.1",,"3.6","0.0","0.0",,"15.6","-0.5","  200","  190","14.3","19.2",,,,,,,,
"USW00014742","BURLINGTON INTERNATIONAL AIRPORT, VT US","44.46825","-73.1499","101.1","2024-02-29","7.8",,"0.0","0.0","0.0",,"-0.5","-8.8","  280","  270","10.7","22.4",,,,,,,,
"USW00014742","BURLINGTON INTERNATIONAL AIRPORT, VT US","44.46825","-73.1499","101.1","2024-03-01","4.1",,"0.0","0.0","0.0",,"5.0","-11.0","  190","  180","9.4","12.5",,,,,,,,
"USW00014742","BURLINGTON INTERNATIONAL AIRPORT, VT US","44.46825","-73.1499","101.1","2024-03-02","5.0",,"4.3","0.0","0.0",,"7.2","3.3","  190","  180","10.3","13.9","    1",,,,,,,
"USW00014742","BURLINGTON INTERNATIONAL AIRPORT, VT US","44.46825","-73.1499","101.1","2024-03-03","2.2",,"0.0","0.0","0.0",,"9.4","2.8","  330","  340","5.4","6.3","    1","    1",,,,,"    1",
"USW00014742","BURLINGTON INTERNATIONAL AIRPORT, VT US","44.46825","-73.1499","101.1","2024-03-04","2.6",,"0.0","0.0","0.0",,"15.6","4.4","  180","  180","7.2","11.2","    1","    1",,,,,,
"USW00014742","BURLINGTON INTERNATIONAL AIRPORT, VT US","44.46825","-73.1499","101.1","2024-03-05","4.4",,"1.8","0.0","0.0",,"12.2","5.6","  190","  190","10.3","14.8","    1",,,,,,,
"USW00014742","BURLINGTON INTERNATIONAL AIRPORT, VT US","44.46825","-73.1499","101.1","2024-03-06","3.8",,"19.8","0.0","0.0",,"8.9","3.3","  330","  190","6.3","8.9","    1",,,,,,,
"USW00014742","BURLINGTON INTERNATIONAL AIRPORT, VT US","44.46825","-73.1499","101.1","2024-03-07","5.2",,"4.3","0.0","0.0",,"8.3","-1.0","  340","  330","9.4","13.0","    1",,,,,,,
"USW00014742","BURLINGTON INTERNATIONAL AIRPORT, VT US","44.46825","-73.1499","101.1","2024-03-08","1.4",,"0.0","0.0","0.0",,"10.0","-3.2","  320","  330","4.5","5.8",,,,,,,,
"USW00014742","BURLINGTON INTERNATIONAL AIRPORT, VT US","44.46825","-73.1499","101.1","2024-03-09","5.1",,"5.1","0.0","0.0",,"8.9","0.0","  190","  180","11.2","17.4","    1",,,,,,,
"USW00014742","BURLINGTON INTERNATIONAL AIRPORT, VT US","44.46825","-73.1499","101.1","2024-03-10","3.0",,"15.0","28.0","30.0",,"3.9","-2.7","  320","  290","9.4","13.9","    1",,,,,,,
"USW00014742","BURLINGTON INTERNATIONAL AIRPORT, VT US","44.46825","-73.1499","101.1","2024-03-11","6.1",,"3.8","41.0","30.0",,"3.9","-3.2","  320","  310","13.0","18.3","    1",,,,,,"    1",
"USW00014742","BURLINGTON INTERNATIONAL AIRPORT, VT US","44.46825","-73.1499","101.1","2024-03-12","4.7",,"0.0","0.0","50.0",,"10.0","-1.6","  330","  320","9.8","13.4",,,,,,,,
"USW00014742","BURLINGTON INTERNATIONAL AIRPORT, VT US","44.46825","-73.1499","101.1","2024-03-13","1.4",,"0.0","0.0","0.0",,"13.9","-3.8","  200","  200","4.5","6.3",,,,,,,,
"USW00014742","BURLINGTON INTERNATIONAL AIRPORT, VT US","44.46825","-73.1499","101.1","2024-03-14","1.4",,"7.6","0.0","0.0",,"14.4","0.0","  330","   30","4.0","6.3","    1",,,,,,,
"USW00014742","BURLINGTON INTERNATIONAL AIRPORT, VT US","44.46825","-73.1499","101.1","2024-03-15","2.2",,"8.6","0.0","0.0",,"10.0","0.0","  360","  340","5.8","8.1","    1",,,,,,,
"USW00014742","BURLINGTON INTERNATIONAL AIRPORT, VT US","44.46825","-73.1499","101.1","2024-03-16","1.6",,"0.8","0.0","0.0",,"10.6","0.0","  360","  360","4.5","6.3","    1",,,,,,"    1",
"USW00014742","BURLINGTON INTERNATIONAL AIRPORT, VT US","44.46825","-73.1499","101.1","2024-03-17","4.1",,"1.3","0.0","0.0",,"10.0","2.8","  250","  280","9.4","16.1","    1",,,,,,,
"USW00014742","BURLINGTON INTERNATIONAL AIRPORT, VT US","44.46825","-73.1499","101.1","2024-03-18","4.1",,"1.0","0.0","0.0",,"5.6","0.0","  290","  310","7.6","12.1","    1",,,,,,,
"USW00014742","BURLINGTON INTERNATIONAL AIRPORT, VT US","44.46825","-73.1499","101.1","2024-03-19","4.0",,"1.3","15.0","30.0",,"3.3","-3.2","  290","  290","8.9","12.1","    1",,,,,,,
"USW00014742","BURLINGTON INTERNATIONAL AIRPORT, VT US","44.46825","-73.1499","101.1","2024-03-20","4.4",,"6.9","69.0","0.0",,"7.8","-2.7","  320","  210","9.4","13.4","    1","    1",,,,,,
"USW00014742","BURLINGTON INTERNATIONAL AIRPORT, VT US","44.46825","-73.1499","101.1","2024-03-21","7.0",,"0.0","0.0","50.0",,"-2.1","-7.1","  320","  310","12.5","16.1",,,,,,,,
"USW00014742","BURLINGTON INTERNATIONAL AIRPORT, VT US","44.46825","-73.1499","101.1","2024-03-22","3.5",,"0.0","0.0","30.0",,"-0.5","-8.2","  320","  330","10.7","14.3",,,,,,,,
"USW00014742","BURLINGTON INTERNATIONAL AIRPORT, VT US","44.46825","-73.1499","101.1","2024-03-23","4.4",,"18.5","218.0","80.0",,"-1.6","-6.0","  350","  350","9.8","13.9","    1","    1",,,,,,
"USW00014742","BURLINGTON INTERNATIONAL AIRPORT, VT US","44.46825","-73.1499","101.1","2024-03-24","2.3",,"0.0","0.0","200.0",,"2.2","-10.5","  350","  340","7.2","10.3",,,,,,,,
"USW00014742","BURLINGTON INTERNATIONAL AIRPORT, VT US","44.46825","-73.1499","101.1","2024-03-25","2.2",,"0.0","0.0","150.0",,"8.3","-8.8","  200","  190","4.5","6.7",,,,,,,,
"USW00014742","BURLINGTON INTERNATIONAL AIRPORT, VT US","44.46825","-73.1499","101.1","2024-03-26","2.6",,"0.0","0.0","80.0",,"12.8","-2.7","  130","  130","6.7","9.4",,,,,,,,
"USW00014742","BURLINGTON INTERNATIONAL AIRPORT, VT US","44.46825","-73.1499","101.1","2024-03-27","5.2",,"0.8","0.0","0.0",,"10.6","4.4","  200","  190","9.8","14.8","    1",,,,,,,
"USW00014742","BURLINGTON INTERNATIONAL AIRPORT, VT US","44.46825","-73.1499","101.1","2024-03-28","1.9",,"0.0","0.0","0.0",,"8.9","3.9","  350","  350","5.8","8.1",,,,,,,,
"USW00014742","BURLINGTON INTERNATIONAL AIRPORT, VT US","44.46825","-73.1499","101.1","2024-03-29","5.5",,"0.0","0.0","0.0",,"9.4","1.1","  320","  290","11.6","16.5",,,,,,,,
"USW00014742","BURLINGTON INTERNATIONAL AIRPORT, VT US","44.46825","-73.1499","101.1","2024-03-30","5.5",,"0.0","0.0","0.0",,"8.3","0.0","  330","  330","11.6","15.7",,,,,,,,
"USW00014742","BURLINGTON INTERNATIONAL AIRPORT, VT US","44.46825","-73.1499","101.1","2024-03-31","2.6",,"0.0","0.0","0.0",,"11.1","-0.5","  310","  310","8.1","13.9",,,,,,,,
"USW00014742","BURLINGTON INTERNATIONAL AIRPORT, VT US","44.46825","-73.1499","101.1","2024-04-01","3.3",,"0.0","0.0","0.0",,"15.0","-0.5","   10","  210","9.4","12.1",,,,,,,,
"USW00014742","BURLINGTON INTERNATIONAL AIRPORT, VT US","44.46825","-73.1499","101.1","2024-04-02","2.8",,"0.0","0.0","0.0",,"13.9","-1.6","  140","  140","7.2","10.7",,,,,,,,
"USW00014742","BURLINGTON INTERNATIONAL AIRPORT, VT US","44.46825","-73.1499","101.1","2024-04-03","5.3",,"6.9","0.0","0.0",,"8.9","1.7","  160","  150","11.6","19.2","    1",,,"    1",,,,
"USW00014742","BURLINGTON INTERNATIONAL AIRPORT, VT US","44.46825","-73.1499","101.1","2024-04-04","4.6",,"19.6","254.0","100.0",,"2.8","0.0","  120","  110","9.8","15.2","    1",,,,,,,
"USW00014742","BURLINGTON INTERNATIONAL AIRPORT, VT US","44.46825","-73.1499","101.1","2024-04-05","4.7",,"0.3","0.0","180.0",,"3.9","0.6","  340","  340","8.1","10.7","    1",,,,,,,
"USW00014742","BURLINGTON INTERNATIONAL AIRPORT, VT US","44.46825","-73.1499","101.1","2024-04-06","5.3",,"0.0","0.0","50.0",,"6.1","1.7","  340","  340","9.4","12.5",,,,,,,,
"USW00014742","BURLINGTON INTERNATIONAL AIRPORT, VT US","44.46825","-73.1499","101.1","2024-04-07","3.6",,"0.0","0.0","0.0",,"11.7","-0.5","  330","  320","9.4","12.5",,,,,,,,
"USW00014742","BURLINGTON INTERNATIONAL AIRPORT, VT US","44.46825","-73.1499","101.1","2024-04-08","1.3",,"0.0","0.0","0.0",,"18.3","-1.0","  340","  360","4.5","8.1",,,,,,,,
"USW00014742","BURLINGTON INTERNATIONAL AIRPORT, VT US","44.46825","-73.1499","101.1","2024-04-09","1.2",,"0.0","0.0","0.0",,"21.7","2.2","  320","  270","3.6","4.9",,,,,,,,
"USW00014742","BURLINGTON INTERNATIONAL AIRPORT, VT US","44.46825","-73.1499","101.1","2024-04-10","4.6",,"3.6","0.0","0.0",,"16.7","8.3","  190","  160","9.4","14.3",,,,,,,,
"USW00014742","BURLINGTON INTERNATIONAL AIRPORT, VT US","44.46825","-73.1499","101.1","2024-04-11","5.1",,"2.5","0.0","0.0",,"14.4","8.3","  120","  140","8.1","12.1","    1",,,,,,,
"USW00014742","BURLINGTON INTERNATIONAL AIRPORT, VT US","44.46825","-73.1499","101.1","2024-04-12","6.9",,"20.6","0.0","0.0",,"24.4","11.1","  190","  150","14.8","22.8","    1",,,,,,,
"USW00014742","BURLINGTON INTERNATIONAL AIRPORT, VT US","44.46825","-73.1499","101.1","2024-04-13","5.6",,"1.5","0.0","0.0",,"11.7","3.9","  190","  210","10.7","16.5",,,,,,,,
"USW00014742","BURLINGTON INTERNATIONAL AIRPORT, VT US","44.46825","-73.1499","101.1","2024-04-14","2.9",,"0.0","0.0","0.0",,"13.3","2.2","  200","  190","9.4","13.4",,,,,,,,
"USW00014742","BURLINGTON INTERNATIONAL AIRPORT, VT US","44.46825","-73.1499","101.1","2024-04-15","1.6",,"0.3","0.0","0.0",,"14.4","4.4","  330","  310","5.4","7.2","    1",,,,,,,
"USW00014742","BURLINGTON INTERNATIONAL AIRPORT, VT US","44.46825","-73.1499","101.1","2024-04-16","3.5",,"0.0","0.0","0.0",,"15.6","2.8","  360","  350","9.8","16.1",,,,,,,,
"USW00014742","BURLINGTON INTERNATIONAL AIRPORT, VT US","44.46825","-73.1499","101.1","2024-04-17","2.6",,"0.0","0.0","0.0",,"11.7","0.6","  330","  330","6.3","8.5",,,,,,,,
"USW00014742","BURLINGTON INTERNATIONAL AIRPORT, VT US","44.46825","-73.1499","101.1","2024-04-18","4.0",,"7.9","0.0","0.0",,"10.6","5.6","  140","  140","8.1","11.2","    1",,,,,,,
"USW00014742","BURLINGTON INTERNATIONAL AIRPORT, VT US","44.46825","-73.1499","101.1","2024-04-19","6.1",,"0.0","0.0","0.0",,"15.0","7.2","  200","  170","10.7","15.7",,,,,,,,
"USW00014742","BURLINGTON INTERNATIONAL AIRPORT, VT US","44.46825","-73.1499","101.1","2024-04-20","3.5",,"0.0","0.0","0.0",,"14.4","3.9","  270","  300","11.2","17.0",,,,,,,,
"USW00014742","BURLINGTON INTERNATIONAL AIRPORT, VT US","44.46825","-73.1499","101.1","2024-04-21","4.2",,"0.0","0.0","0.0",,"9.4","1.7","  350","  340","13.0","17.9",,,,,,,,
"USW00014742","BURLINGTON INTERNATIONAL AIRPORT, VT US","44.46825","-73.1499","101.1","2024-04-22","4.0",,"0.0","0.0","0.0",,"10.0","0.6","  340","  360","9.8","14.3",,,,,,,,
"USW00014742","BURLINGTON INTERNATIONAL AIRPORT, VT US","44.46825","-73.1499","101.1","2024-04-23","6.8",,"0.0","0.0","0.0",,"21.1","0.6","  200","  190","11.6","18.8",,,,,,,,
"USW00014742","BURLINGTON INTERNATIONAL AIRPORT, VT US","44.46825","-73.1499","101.1","2024-04-24","4.7",,"3.0","0.0","0.0",,"13.9","-0.5","  330","  320","14.8","20.6","    1",,,,,,,
"USW00014742","BURLINGTON INTERNATIONAL AIRPORT, VT US","44.46825","-73.1499","101.1","2024-04-25","2.2",,"0.0","0.0","0.0",,"9.4","-2.7","  340","  350","6.7","9.4",,,,,,,,
"USW00014742","BURLINGTON INTERNATIONAL AIRPORT, VT US","44.46825","-73.1499","101.1","2024-04-26","1.4",,"0.0","0.0","0.0",,"14.4","-1.6","  290","  300","5.8","7.6",,,,,,,,
"USW00014742","BURLINGTON INTERNATIONAL AIRPORT, VT US","44.46825","-73.1499","101.1","2024-04-27","4.7",,"1.0","0.0","0.0",,"20.6","0.6","  190","  190","9.8","14.8",,,,,,,,
"USW00014742","BURLINGTON INTERNATIONAL AIRPORT, VT US","44.46825","-73.1499","101.1","2024-04-28","3.7",,"11.7","0.0","0.0",,"19.4","9.4","   10","  200","9.4","14.8","    1",,"    1",,,,,
"USW00014742","BURLINGTON INTERNATIONAL AIRPORT, VT US","44.46825","-73.1499","101.1","2024-04-29","3.8",,"0.0","0.0","0.0",,"13.9","6.7","  360","   10","9.4","13.0",,,,,,,,
"USW00014742","BURLINGTON INTERNATIONAL AIRPORT, VT US","44.46825","-73.1499","101.1","2024-04-30","3.0",,"2.8","0.0","0.0",,"16.7","6.7","  340","  190","7.2","8.9","    1",,,,,,,
"USW00014742","BURLINGTON INTERNATIONAL AIRPORT, VT US","44.46825","-73.1499","101.1","2024-05-01","2.1",,"0.0","0.0","0.0",,"17.8","6.7","  260","  280","4.0","5.8","    1","    1",,,,,,
"USW00014742","BURLINGTON INTERNATIONAL AIRPORT, VT US","44.46825","-73.1499","101.1","2024-05-02","3.9",,"2.3","0.0","0.0",,"21.1","11.1","  360","  180","8.1","11.2",,,"    1",,,,,
"USW00014742","BURLINGTON INTERNATIONAL AIRPORT, VT US","44.46825","-73.1499","101.1","2024-05-03","1.7",,"0.0","0.0","0.0",,"22.2","10.6","  320","  280","5.4","6.7",,,,,,,,
"USW00014742","BURLINGTON INTERNATIONAL AIRPORT, VT US","44.46825","-73.1499","101.1","2024-05-04","4.6",,"0.0","0.0","0.0",,"22.2","13.9","  200","  210","7.6","11.2",,,,,,,,
"USW00014742","BURLINGTON INTERNATIONAL AIRPORT, VT US","44.46825","-73.1499","101.1","2024-05-05","5.6",,"12.7","0.0","0.0",,"13.9","10.0","  190","  210","8.9","14.3","    1",,,,,,,
"USW00014742","BURLINGTON INTERNATIONAL AIRPORT, VT US","44.46825","-73.1499","101.1","2024-05-06","3.1",,"0.8","0.0","0.0",,"23.9","11.7","  200","  190","8.1","11.6","    1",,,,,,"    1",
"USW00014742","BURLINGTON INTERNATIONAL AIRPORT, VT US","44.46825","-73.1499","101.1","2024-05-07","2.1",,"0.0","0.0","0.0",,"22.2","7.8","  360","   10","6.3","9.8",,,,,,,,
"USW00014742","BURLINGTON INTERNATIONAL AIRPORT, VT US","44.46825","-73.1499","101.1","2024-05-08","3.3",,"2.0","0.0","0.0",,"20.0","9.4","  190","  200","9.4","14.8","    1",,,,,,,
"USW00014742","BURLINGTON INTERNATIONAL AIRPORT, VT US","44.46825","-73.1499","101.1","2024-05-09","4.0",,"0.0","0.0","0.0",,"16.7","8.9","  330","   20","8.1","11.2",,,,,,,,
"USW00014742","BURLINGTON INTERNATIONAL AIRPORT, VT US","44.46825","-73.1499","101.1","2024-05-10","1.7",,"1.0","0.0","0.0",,"16.7","7.8","  350","  350","7.2","8.9",,,,,,,"    1",
"USW00014742","BURLINGTON INTERNATIONAL AIRPORT, VT US","44.46825","-73.1499","101.1","2024-05-11","2.7",,"1.5","0.0","0.0",,"19.4","8.3","  180","  190","6.7","9.8",,,,,,,,
"USW00014742","BURLINGTON INTERNATIONAL AIRPORT, VT US","44.46825","-73.1499","101.1","2024-05-12","3.4",,"0.0","0.0","0.0",,"15.0","9.4","  200","  190","6.7","9.8",,,,,,,,
"USW00014742","BURLINGTON INTERNATIONAL AIRPORT, VT US","44.46825","-73.1499","101.1","2024-05-13","4.4",,"0.8","0.0","0.0",,"21.1","9.4","  190","  190","8.1","14.3",,,,,,,,
"USW00014742","BURLINGTON INTERNATIONAL AIRPORT, VT US","44.46825","-73.1499","101.1","2024-05-14","3.6",,"8.9","0.0","0.0",,"25.0","13.9","  180","  180","9.4","13.4","    1",,"    1",,,,,
"USW00014742","BURLINGTON INTERNATIONAL AIRPORT, VT US","44.46825","-73.1499","101.1","2024-05-15","2.6",,"0.0","0.0","0.0",,"21.7","14.4","  200","  190","7.2","9.8","    1",,,,,,,
"USW00014742","BURLINGTON INTERNATIONAL AIRPORT, VT US","44.46825","-73.1499","101.1","2024-05-16","1.9",,"0.0","0.0","0.0",,"23.3","15.0","  350","  320","4.5","7.6",,,,,,,,
"USW00014742","BURLINGTON INTERNATIONAL AIRPORT, VT US","44.46825","-73.1499","101.1","2024-05-17","2.4",,"0.0","0.0","0.0",,"27.2","12.2","  200","  200","8.1","13.0",,,,,,,,
"USW00014742","BURLINGTON INTERNATIONAL AIRPORT, VT US","44.46825","-73.1499","101.1","2024-05-18","2.5",,"0.3","0.0","0.0",,"24.4","14.4","  130","  120","6.3","8.5",,,,,,,,
"USW00014742","BURLINGTON INTERNATIONAL AIRPORT, VT US","44.46825","-73.1499","101.1","2024-05-19","2.5",,"0.0","0.0","0.0",,"27.2","12.2","  130","  120","6.3","8.9",,,,,,,,
"USW00014742","BURLINGTON INTERNATIONAL AIRPORT, VT US","44.46825","-73.1499","101.1","2024-05-20","3.5",,"0.0","0.0","0.0",,"29.4","15.6","  210","  210","6.3","9.8",,,,,,,,
"USW00014742","BURLINGTON INTERNATIONAL AIRPORT, VT US","44.46825","-73.1499","101.1","2024-05-21","3.2",,"9.1","0.0","0.0",,"29.4","16.7","  300","  300","7.6","14.3",,,"    1",,,,,
"USW00014742","BURLINGTON INTERNATIONAL AIRPORT, VT US","44.46825","-73.1499","101.1","2024-05-22","4.7",,"0.0","0.0","0.0",,"32.2","18.9","  190","  200","7.2","11.2",,,,,,,,
"USW00014742","BURLINGTON INTERNATIONAL AIRPORT, VT US","44.46825","-73.1499","101.1","2024-05-23","3.8",,"0.3","0.0","0.0",,"27.8","16.1","  310","  330","7.2","10.7",,,,,,,,
"USW00014742","BURLINGTON INTERNATIONAL AIRPORT, VT US","44.46825","-73.1499","101.1","2024-05-24","4.9",,"0.0","0.0","0.0",,"25.0","10.6","  340","  330","11.6","15.7",,,,,,,,
"USW00014742","BURLINGTON INTERNATIONAL AIRPORT, VT US","44.46825","-73.1499","101.1","2024-05-25","1.3",,"0.0","0.0","0.0",,"23.9","7.8","   20","  250","3.6","5.8",,,,,,,,
"USW00014742","BURLINGTON INTERNATIONAL AIRPORT, VT US","44.46825","-73.1499","101.1","2024-05-26","2.1",,"0.0","0.0","0.0",,"26.7","15.6","  340","  320","4.5","8.1",,,,,,,,
"USW00014742","BURLINGTON INTERNATIONAL AIRPORT, VT US","44.46825","-73.1499","101.1","2024-05-27","6.8",,"20.8","0.0","0.0",,"26.7","17.8","  130","  130","13.9","19.2","    1",,,,,,,
"USW00014742","BURLINGTON INTERNATIONAL AIRPORT, VT US","44.46825","-73.1499","101.1","2024-05-28","3.8",,"7.6","0.0","0.0",,"23.9","16.1","  310","  270","8.9","13.0","    1",,,,,,"    1",
"USW00014742","BURLINGTON INTERNATIONAL AIRPORT, VT US","44.46825","-73.1499","101.1","2024-05-29","2.9",,"0.0","0.0","0.0",,"20.0","9.4","  320","  340","7.2","11.6",,,,,,,,
"USW00014742","BURLINGTON INTERNATIONAL AIRPORT, VT US","44.46825","-73.1499","101.1","2024-05-30","3.2",,"0.0","0.0","0.0",,"21.1","7.2","  340","   10","9.4","13.9",,,,,,,,
"USW00014742","BURLINGTON INTERNATIONAL AIRPORT, VT US","44.46825","-73.1499","101.1","2024-05-31","2.7",,"0.0","0.0","0.0",,"25.0","7.2","  330","  340","9.8","13.9",,,,,,,,
"USW00014742","BURLINGTON INTERNATIONAL AIRPORT, VT US","44.46825","-73.1499","101.1","2024-06-01","1.9",,"0.0","0.0","0.0",,"28.3","8.9","   20","   10","5.4","8.9",,,,,,,,
"USW00014742","BURLINGTON INTERNATIONAL AIRPORT, VT US","44.46825","-73.1499","101.1","2024-06-02","1.5",,"0.0","0.0","0.0",,"30.0","11.7","  210","  200","5.4","6.3",,,,,,,,
"USW00014742","BURLINGTON INTERNATIONAL AIRPORT, VT US","44.46825","-73.1499","101.1","2024-06-03","2.1",,"0.0","0.0","0.0",,"30.0","13.3","  330","  340","5.8","8.1",,,,,,,,
"USW00014742","BURLINGTON INTERNATIONAL AIRPORT, VT US","44.46825","-73.1499","101.1","2024-06-04","1.6",,"0.0","0.0","0.0",,"32.2","14.4","  180","  180","6.7","10.3",,,,,,,"    1",
"USW00014742","BURLINGTON INTERNATIONAL AIRPORT, VT US","44.46825","-73.1499","101.1","2024-06-05","2.8",,"3.3","0.0","0.0",,"31.1","20.0","  190","  190","6.7","10.7","    1",,"    1",,,,,
"USW00014742","BURLINGTON INTERNATIONAL AIRPORT, VT US","44.46825","-73.1499","101.1","2024-06-06","3.6",,"26.7","0.0","0.0",,"27.8","16.7","  300","  270","9.4","13.4","    1",,,,,,,
"USW00014742","BURLINGTON INTERNATIONAL AIRPORT, VT US","44.46825","-73.1499","101.1","2024-06-07","2.8",,"2.5","0.0","0.0",,"26.7","15.6","  210","  230","9.8","14.8","    1",,,,,,,
"USW00014742","BURLINGTON INTERNATIONAL AIRPORT, VT US","44.46825","-73.1499","101.1","2024-06-08","3.1",,"1.0","0.0","0.0",,"22.2","15.0","  270","  270","6.7","11.6",,,,,,,"    1",
"USW00014742","BURLINGTON INTERNATIONAL AIRPORT, VT US","44.46825","-73.1499","101.1","2024-06-09","3.4",,"9.9","0.0","0.0",,"20.6","13.9","  280","  290","7.2","12.5","    1",,"    1",,,,,
"USW00014742","BURLINGTON INTERNATIONAL AIRPORT, VT US","44.46825","-73.1499","101.1","2024-06-10","3.3",,"2.0","0.0","0.0",,"17.8","13.9","  330","  290","6.3","9.4","    1",,,,,,,
"USW00014742","BURLINGTON INTERNATIONAL AIRPORT, VT US","44.46825","-73.1499","101.1","2024-06-11","2.3",,"0.0","0.0","0.0",,"20.6","12.8","  340","  330","6.3","8.1",,,,,,,,
"USW00014742","BURLINGTON INTERNATIONAL AIRPORT, VT US","44.46825","-73.1499","101.1","2024-06-12","1.5",,"0.0","0.0","0.0",,"23.3","11.1","  310","  320","5.8","7.6",,,,,,,,
"USW00014742","BURLINGTON INTERNATIONAL AIRPORT, VT US","44.46825","-73.1499","101.1","2024-06-13","4.2",,"0.0","0.0","0.0",,"28.3","12.8","  210","  200","9.8","13.9",,,,,,,,
"USW00014742","BURLINGTON INTERNATIONAL AIRPORT, VT US","44.46825","-73.1499","101.1","2024-06-14","4.3",,"4.3","0.0","0.0",,"28.3","17.8","  360","  330","9.4","13.4",,,,,,,,
"USW00014742","BURLINGTON INTERNATIONAL AIRPORT, VT US","44.46825","-73.1499","101.1","2024-06-15","4.3",,"0.0","0.0","0.0",,"20.6","10.0","  340","  350","9.4","13.4",,,,,,,,
"USW00014742","BURLINGTON INTERNATIONAL AIRPORT, VT US","44.46825","-73.1499","101.1","2024-06-16","2.2",,"0.0","0.0","0.0",,"23.3","7.8","  270","  260","5.8","8.1",,,,,,,,
"USW00014742","BURLINGTON INTERNATIONAL AIRPORT, VT US","44.46825","-73.1499","101.1","2024-06-17","4.7",,"0.0","0.0","0.0",,"29.4","17.8","  190","  190","9.8","14.3",,,,,,,"    1",
"USW00014742","BURLINGTON INTERNATIONAL AIRPORT, VT US","44.46825","-73.1499","101.1","2024-06-18","3.5",,"0.0","0.0","0.0",,"33.9","23.3","  190","  190","7.2","9.8",,,,,,,,
"USW00014742","BURLINGTON INTERNATIONAL AIRPORT, VT US","44.46825","-73.1499","101.1","2024-06-19","4.3",,"2.0","0.0","0.0",,"35.6","26.7","  210","  180","8.1","11.6",,,"    1",,,,,
"USW00014742","BURLINGTON INTERNATIONAL AIRPORT, VT US","44.46825","-73.1499","101.1","2024-06-20","2.2",,"27.4","0.0","0.0",,"33.9","22.2","  340","  340","17.0","21.5","    1",,"    1",,,,,
"USW00014742","BURLINGTON INTERNATIONAL AIRPORT, VT US","44.46825","-73.1499","101.1","2024-06-21","2.3",,"0.0","0.0","0.0",,"26.7","20.6","  330","  350","5.8","7.2","    1",,,,,,,
"USW00014742","BURLINGTON INTERNATIONAL AIRPORT, VT US","44.46825","-73.1499","101.1","2024-06-22","1.9",,"4.3","0.0","0.0",,"22.2","18.9","  120","  120","5.8","7.2","    1",,,,,,,
"USW00014742","BURLINGTON INTERNATIONAL AIRPORT, VT US","44.46825","-73.1499","101.1","2024-06-23","4.3",,"32.0","0.0","0.0",,"27.2","19.4","  190","  200","10.7","16.5","    1","    1","    1",,,,,
"USW00014742","BURLINGTON INTERNATIONAL AIRPORT, VT US","44.46825","-73.1499","101.1","2024-06-24","3.5",,"1.5","0.0","0.0",,"23.3","15.6","  360","  360","9.8","16.5","    1",,,,,,,
"USW00014742","BURLINGTON INTERNATIONAL AIRPORT, VT US","44.46825","-73.1499","101.1","2024-06-25","2.7",,"3.0","0.0","0.0",,"30.6","14.4","  220","  240","7.2","10.3","    1",,,,,,,
"USW00014742","BURLINGTON INTERNATIONAL AIRPORT, VT US","44.46825","-73.1499","101.1","2024-06-26","3.7",,"3.8","0.0","0.0",,"30.6","17.8","  320","  270","7.2","10.3","    1",,,,,,,
"USW00014742","BURLINGTON INTERNATIONAL AIRPORT, VT US","44.46825","-73.1499","101.1","2024-06-27","4.1",,"0.3","0.0","0.0",,"22.8","13.9","  320","  300","10.3","15.2",,,,,,,,
"USW00014742","BURLINGTON INTERNATIONAL AIRPORT, VT US","44.46825","-73.1499","101.1","2024-06-28","1.7",,"0.0","0.0","0.0",,"24.4","9.4","   70","   70","4.5","6.7",,,,,,,,
"USW00014742","BURLINGTON INTERNATIONAL AIRPORT, VT US","44.46825","-73.1499","101.1","2024-06-29","6.8",,"15.5","0.0","0.0",,"22.2","15.6","  190","  200","13.0","19.2","    1",,"    1",,,,,
"USW00014742","BURLINGTON INTERNATIONAL AIRPORT, VT US","44.46825","-73.1499","101.1","2024-06-30","5.1",,"0.0","0.0","0.0",,"31.1","19.4","  320","  310","13.0","18.3",,,,,,,,
"USW00014742","BURLINGTON INTERNATIONAL AIRPORT, VT US","44.46825","-73.1499","101.1","2024-07-01","4.7",,"0.0","0.0","0.0",,"25.0","15.0","  340","  330","9.4","12.5",,,,,,,,
"USW00014742","BURLINGTON INTERNATIONAL AIRPORT, VT US","44.46825","-73.1499","101.1","2024-07-02","1.2",,"0.0","0.0","0.0",,"29.4","12.8","  320","  280","4.0","6.3",,,,,,,,
"USW00014742","BURLINGTON INTERNATIONAL AIRPORT, VT US","44.46825","-73.1499","101.1","2024-07-03","5.4",,"0.5","0.0","0.0",,"29.4","16.1","  190","  200","11.6","17.4",,,,,,,,
"USW00014742","BURLINGTON INTERNATIONAL AIRPORT, VT US","44.46825","-73.1499","101.1","2024-07-04","3.5",,"1.0","0.0","0.0",,"32.2","20.6","  190","  170","9.8","15.7",,,,,,,,
"USW00014742","BURLINGTON INTERNATIONAL AIRPORT, VT US","44.46825","-73.1499","101.1","2024-07-05","2.0",,"0.0","0.0","0.0",,"32.2","21.7","  330","  320","5.4","7.2",,,,,,,,
"USW00014742","BURLINGTON INTERNATIONAL AIRPORT, VT US","44.46825","-73.1499","101.1","2024-07-06","2.0",,"22.6","0.0","0.0",,"31.1","21.7","  290","  300","7.6","12.5","    1",,"    1",,,,,
"USW00014742","BURLINGTON INTERNATIONAL AIRPORT, VT US","44.46825","-73.1499","101.1","2024-07-07","2.1",,"0.0","0.0","0.0",,"31.1","20.6","  340","  190","4.5","6.3",,,,,,,,
"USW00014742","BURLINGTON INTERNATIONAL AIRPORT, VT US","44.46825","-73.1499","101.1","2024-07-08","1.2",,"0.0","0.0","0.0",,"32.2","19.4","  170","  290","4.5","6.7",,,,,,,,
"USW00014742","BURLINGTON INTERNATIONAL AIRPORT, VT US","44.46825","-73.1499","101.1","2024-07-09","2.1",,"0.0","0.0","0.0",,"32.8","20.6","  210","  190","6.3","8.9",,,,,,,,
"USW00014742","BURLINGTON INTERNATIONAL AIRPORT, VT US","44.46825","-73.1499","101.1","2024-07-10","2.0",,"47.0","0.0","0.0",,"26.7","21.1","  340","   10","6.7","8.5","    1",,"    1",,,,,
"USW00014742","BURLINGTON INTERNATIONAL AIRPORT, VT US","44.46825","-73.1499","101.1","2024-07-11","2.6",,"11.2","0.0","0.0",,"29.4","20.6","  330","  310","7.6","9.4","    1",,,,,,,
"USW00014742","BURLINGTON INTERNATIONAL AIRPORT, VT US","44.46825","-73.1499","101.1","2024-07-12","1.3",,"0.8","0.0","0.0",,"28.3","20.6","  340","  350","4.5","5.8","    1",,,,,,"    1",
"USW00014742","BURLINGTON INTERNATIONAL AIRPORT, VT US","44.46825","-73.1499","101.1","2024-07-13","1.8",,"0.8","0.0","0.0",,"30.0","21.1","  200","  200","5.4","7.6","    1",,,,,,,
"USW00014742","BURLINGTON INTERNATIONAL AIRPORT, VT US","44.46825","-73.1499","101.1","2024-07-14","2.0",,"0.0","0.0","0.0",,"30.6","18.9","  200","  200","5.8","8.1",,,,,,,,
"USW00014742","BURLINGTON INTERNATIONAL AIRPORT, VT US","44.46825","-73.1499","101.1","2024-07-15","2.7",,"13.7","0.0","0.0",,"32.8","20.6","  350","  210","9.4","13.4","    1",,"    1",,,,,
"USW00014742","BURLINGTON INTERNATIONAL AIRPORT, VT US","44.46825","-73.1499","101.1","2024-07-16","3.1",,"11.2","0.0","0.0",,"31.1","21.7","  120","  170","7.6","11.2","    1",,"    1",,,,,
"USW00014742","BURLINGTON INTERNATIONAL AIRPORT, VT US","44.46825","-73.1499","101.1","2024-07-17","2.5",,"0.0","0.0","0.0",,"28.9","20.6","  330","  330","8.9","11.6",,,"    1",,,,,
"USW00014742","BURLINGTON INTERNATIONAL AIRPORT, VT US","44.46825","-73.1499","101.1","2024-07-18","4.2",,"0.0","0.0","0.0",,"27.2","17.8","  340","  340","9.8","13.0",,,,,,,,
"USW00014742","BURLINGTON INTERNATIONAL AIRPORT, VT US","44.46825","-73.1499","101.1","2024-07-19","1.0",,"0.0","0.0","0.0",,"27.8","15.0","  310","  250","4.0","6.3",,,,,,,,
"USW00014742","BURLINGTON INTERNATIONAL AIRPORT, VT US","44.46825","-73.1499","101.1","2024-07-20","2.1",,"0.0","0.0","0.0",,"29.4","15.6","  200","  200","6.3","9.4",,,,,,,,
"USW00014742","BURLINGTON INTERNATIONAL AIRPORT, VT US","44.46825","-73.1499","101.1","2024-07-21","2.8",,"1.3","0.0","0.0",,"26.1","16.7","  350","  340","6.3","8.5","    1",,,,,,,
"USW00014742","BURLINGTON INTERNATIONAL AIRPORT, VT US","44.46825","-73.1499","101.1","2024-07-22","2.1",,"0.0","0.0","0.0",,"29.4","14.4","  190","  180","6.3","8.9",,,,,,,,
"USW00014742","BURLINGTON INTERNATIONAL AIRPORT, VT US","44.46825","-73.1499","101.1","2024-07-23","2.1",,"1.3","0.0","0.0",,"27.2","20.0","  120","  330","5.8","7.6","    1",,,,,,"    1",
"USW00014742","BURLINGTON INTERNATIONAL AIRPORT, VT US","44.46825","-73.1499","101.1","2024-07-24","3.8",,"8.4","0.0","0.0",,"30.0","19.4","  180","  200","8.1","11.6","    1",,"    1",,,,,
"USW00014742","BURLINGTON INTERNATIONAL AIRPORT, VT US","44.46825","-73.1499","101.1","2024-07-25","4.7",,"1.3","0.0","0.0",,"27.8","18.3","  280","  280","9.8","14.3",,,,,,,,
"USW00014742","BURLINGTON INTERNATIONAL AIRPORT, VT US","44.46825","-73.1499","101.1","2024-07-26","2.5",,"0.0","0.0","0.0",,"28.3","17.2","  330","  360","5.8","8.5",,,,,,,,
"USW00014742","BURLINGTON INTERNATIONAL AIRPORT, VT US","44.46825","-73.1499","101.1","2024-07-27","1.3",,"0.0","0.0","0.0",,"30.0","15.6","  360","   30","4.5","6.3",,,,,,,,
"USW00014742","BURLINGTON INTERNATIONAL AIRPORT, VT US","44.46825","-73.1499","101.1","2024-07-28","1.6",,"0.0","0.0","0.0",,"30.6","16.7","  190","  230","4.0","5.4",,,,,,,"    1",
"USW00014742","BURLINGTON INTERNATIONAL AIRPORT, VT US","44.46825","-73.1499","101.1","2024-07-29","2.3",,"0.0","0.0","0.0",,"30.0","19.4","  190","  190","6.7","11.2",,,,,,,,
"USW00014742","BURLINGTON INTERNATIONAL AIRPORT, VT US","44.46825","-73.1499","101.1","2024-07-30","3.8",,"5.3","0.0","0.0",,"32.2","21.7","  230","  230","9.8","14.8","    1",,"    1",,,,,
"USW00014742","BURLINGTON INTERNATIONAL AIRPORT, VT US","44.46825","-73.1499","101.1","2024-07-31","3.5",,"9.7","0.0","0.0",,"30.0","23.3","  310","  330","7.2","11.6","    1",,"    1",,,,,
"USW00014742","BURLINGTON INTERNATIONAL AIRPORT, VT US","44.46825","-73.1499","101.1","2024-08-01","1.9",,"0.0","0.0","0.0",,"32.2","22.8","  230","  260","6.3","8.5",,,,,,,,
"USW00014742","BURLINGTON INTERNATIONAL AIRPORT, VT US","44.46825","-73.1499","101.1","2024-08-02","1.9",,"0.3","0.0","0.0",,"32.8","21.7","  170","  170","5.4","7.2",,,,,,,,
"USW00014742","BURLINGTON INTERNATIONAL AIRPORT, VT US","44.46825","-73.1499","101.1","2024-08-03","1.6",,"0.0","0.0","0.0",,"32.2","22.8","  170","  170","4.5","6.7","    1",,"    1",,,,,
"USW00014742","BURLINGTON INTERNATIONAL AIRPORT, VT US","44.46825","-73.1499","101.1","2024-08-04","2.6",,"15.5","0.0","0.0",,"30.6","21.1","   20","   20","7.2","9.8","    1",,"    1",,,,,
"USW00014742","BURLINGTON INTERNATIONAL AIRPORT, VT US","44.46825","-73.1499","101.1","2024-08-05","1.6",,"0.5","0.0","0.0",,"23.9","17.2","  350","  340","6.7","8.9","    1",,,,,,,
"USW00014742","BURLINGTON INTERNATIONAL AIRPORT, VT US","44.46825","-73.1499","101.1","2024-08-06","1.4",,"0.0","0.0","0.0",,"23.3","16.7","  350","  330","4.0","5.8",,,,,,,,
"USW00014742","BURLINGTON INTERNATIONAL AIRPORT, VT US","44.46825","-73.1499","101.1","2024-08-07","2.2",,"0.0","0.0","0.0",,"26.7","13.9","  320","  320","5.8","8.5",,,,,,,,
"USW00014742","BURLINGTON INTERNATIONAL AIRPORT, VT US","44.46825","-73.1499","101.1","2024-08-08","2.7",,"14.5","0.0","0.0",,"27.8","13.9","  190","  200","7.6","11.2","    1",,,,,,,
"USW00014742","BURLINGTON INTERNATIONAL AIRPORT, VT US","44.46825","-73.1499","101.1","2024-08-09","4.4",,"32.3","0.0","0.0",,"26.7","17.2","  200","  190","17.4","27.7","    1",,"    1",,,,,
"USW00014742","BURLINGTON INTERNATIONAL AIRPORT, VT US","44.46825","-73.1499","101.1","2024-08-10","2.7",,"0.0","0.0","0.0",,"28.3","16.7","  300","  270","6.3","9.4",,,,,,,,
"USW00014742","BURLINGTON INTERNATIONAL AIRPORT, VT US","44.46825","-73.1499","101.1","2024-08-11","3.0",,"5.1","0.0","0.0",,"25.0","15.6","  200","  180","7.6","10.7",,,"    1",,,,,
"USW00014742","BURLINGTON INTERNATIONAL AIRPORT, VT US","44.46825","-73.1499","101.1","2024-08-12","2.4",,"0.0","0.0","0.0",,"22.8","15.0","  320","  330","7.6","9.8",,,,,,,,
"USW00014742","BURLINGTON INTERNATIONAL AIRPORT, VT US","44.46825","-73.1499","101.1","2024-08-13","2.0",,"0.0","0.0","0.0",,"27.8","14.4","   10","   10","6.3","8.1",,,,,,,,
"USW00014742","BURLINGTON INTERNATIONAL AIRPORT, VT US","44.46825","-73.1499","101.1","2024-08-14","1.5",,"1.0","0.0","0.0",,"30.0","16.1","   30","   30","9.4","12.1",,,"    1",,,,,
"USW00014742","BURLINGTON INTERNATIONAL AIRPORT, VT US","44.46825","-73.1499","101.1","2024-08-15","1.9",,"0.0","0.0","0.0",,"29.4","17.2","  360","  330","6.3","8.5",,,"    1",,,,,
"USW00014742","BURLINGTON INTERNATIONAL AIRPORT, VT US","44.46825","-73.1499","101.1","2024-08-16","1.5",,"0.0","0.0","0.0",,"30.0","18.3","  200","  170","5.4","6.3","    1",,,,,,"    1",
"USW00014742","BURLINGTON INTERNATIONAL AIRPORT, VT US","44.46825","-73.1499","101.1","2024-08-17","3.7",,"0.3","0.0","0.0",,"28.3","20.0","  200","  210","8.1","11.2","    1",,,,,,"    1",
"USW00014742","BURLINGTON INTERNATIONAL AIRPORT, VT US","44.46825","-73.1499","101.1","2024-08-18","3.8",,"0.0","0.0","0.0",,"24.4","20.6","  190","  190","7.6","11.6",,,,,,,,
"USW00014742","BURLINGTON INTERNATIONAL AIRPORT, VT US","44.46825","-73.1499","101.1","2024-08-19","4.8",,"18.8","0.0","0.0",,"27.8","13.3","  340","  340","13.4","17.0","    1",,"    1",,,,,
"USW00014742","BURLINGTON INTERNATIONAL AIRPORT, VT US","44.46825","-73.1499","101.1","2024-08-20","3.1",,"1.0","0.0","0.0",,"16.7","12.2","  350","  340","8.9","12.5","    1",,,,,,,
"USW00014742","BURLINGTON INTERNATIONAL AIRPORT, VT US","44.46825","-73.1499","101.1","2024-08-21","3.3",,"9.4","0.0","0.0",,"16.7","13.9","  330","  320","7.2","9.4","    1",,,,,,"    1",
"USW00014742","BURLINGTON INTERNATIONAL AIRPORT, VT US","44.46825","-73.1499","101.1","2024-08-22","1.7",,"6.6","0.0","0.0",,"19.4","13.9","  360","  260","4.0","5.8","    1",,,,,,,
"USW00014742","BURLINGTON INTERNATIONAL AIRPORT, VT US","44.46825","-73.1499","101.1","2024-08-23","1.6",,"0.0","0.0","0.0",,"26.7","12.8","  210","  200","5.4","7.2",,,,,,,,
"USW00014742","BURLINGTON INTERNATIONAL AIRPORT, VT US","44.46825","-73.1499","101.1","2024-08-24","1.8",,"0.0","0.0","0.0",,"27.2","13.9","  180","  250","4.5","7.6",,,,,,,,
"USW00014742","BURLINGTON INTERNATIONAL AIRPORT, VT US","44.46825","-73.1499","101.1","2024-08-25","1.4",,"0.0","0.0","0.0",,"27.2","15.6","  180","  170","4.5","6.7",,,,,,,,
"USW00014742","BURLINGTON INTERNATIONAL AIRPORT, VT US","44.46825","-73.1499","101.1","2024-08-26","1.3",,"0.0","0.0","0.0",,"27.8","17.2","   20","   20","5.8","7.6",,,,,,,,
"USW00014742","BURLINGTON INTERNATIONAL AIRPORT, VT US","44.46825","-73.1499","101.1","2024-08-27","3.4",,"0.0","0.0","0.0",,"29.4","15.6","  190","  190","8.1","12.1",,,,,,,,
"USW00014742","BURLINGTON INTERNATIONAL AIRPORT, VT US","44.46825","-73.1499","101.1","2024-08-28","4.6",,"1.8","0.0","0.0",,"25.0","15.0","  330","  330","11.6","16.1","    1",,,,,,"    1",
"USW00014742","BURLINGTON INTERNATIONAL AIRPORT, VT US","44.46825","-73.1499","101.1","2024-08-29","1.5",,"0.0","0.0","0.0",,"23.3","10.6","  340","  320","5.4","7.6",,,,,,,,
"USW00014742","BURLINGTON INTERNATIONAL AIRPORT, VT US","44.46825","-73.1499","101.1","2024-08-30","3.7",,"0.0","0.0","0.0",,"26.7","12.2","  200","  200","8.9","12.5",,,,,,,,
"USW00014742","BURLINGTON INTERNATIONAL AIRPORT, VT US","44.46825","-73.1499","101.1","2024-08-31","6.1"," 0728","3.6","0.0","0.0",,"22.8","17.8","  180","  170","10.7","16.5","    1",,,,,,,
"USW00014742","BURLINGTON INTERNATIONAL AIRPORT, VT US","44.46825","-73.1499","101.1","2024-09-01","4.9",,"3.3","0.0","0.0",,"30.0","17.2","  330","  330","13.4","18.3","    1",,,,,,,
"USW00014742","BURLINGTON INTERNATIONAL AIRPORT, VT US","44.46825","-73.1499","101.1","2024-09-02","3.0",,"0.0","0.0","0.0",,"20.0","8.9","  330","  310","8.1","11.2","    1","    1",,,,,,
"USW00014742","BURLINGTON INTERNATIONAL AIRPORT, VT US","44.46825","-73.1499","101.1","2024-09-03","1.8",,"0.0","0.0","0.0",,"23.3","7.2","  340","  330","5.4","7.6",,,,,,,,
"USW00014742","BURLINGTON INTERNATIONAL AIRPORT, VT US","44.46825","-73.1499","101.1","2024-09-04","2.1",,"0.0","0.0","0.0",,"26.1","10.6","  200","  180","5.8","7.6",,,,,,,,
"USW00014742","BURLINGTON INTERNATIONAL AIRPORT, VT US","44.46825","-73.1499","101.1","2024-09-05","2.6",,"0.0","0.0","0.0",,"27.2","12.2","  190","  180","7.2","9.8",,,,,,,,
"USW00014742","BURLINGTON INTERNATIONAL AIRPORT, VT US","44.46825","-73.1499","101.1","2024-09-06","4.2",,"0.0","0.0","0.0",,"26.1","15.6","  180","  190","7.6","11.6",,,,,,,,
"USW00014742","BURLINGTON INTERNATIONAL AIRPORT, VT US","44.46825","-73.1499","101.1","2024-09-07","3.4",,"17.5","0.0","0.0",,"23.9","13.9","  180","  190","8.9","13.0","    1",,,,,,,
"USW00014742","BURLINGTON INTERNATIONAL AIRPORT, VT US","44.46825","-73.1499","101.1","2024-09-08","4.1",,"1.3","0.0","0.0",,"16.1","10.0","  280","  290","10.7","16.5","    1",,,,,,,
"USW00014742","BURLINGTON INTERNATIONAL AIRPORT, VT US","44.46825","-73.1499","101.1","2024-09-09","2.8",,"0.0","0.0","0.0",,"21.1","10.0","  190","  180","7.2","10.3",,,,,,,,
"USW00014742","BURLINGTON INTERNATIONAL AIRPORT, VT US","44.46825","-73.1499","101.1","2024-09-10","1.7",,"0.0","0.0","0.0",,"22.8","8.9","  320","  320","6.3","10.3","    1","    1",,,,,,
"USW00014742","BURLINGTON INTERNATIONAL AIRPORT, VT US","44.46825","-73.1499","101.1","2024-09-11","2.0",,"0.0","0.0","0.0",,"25.0","8.9","  200","  200","5.8","7.6",,,,,,,,
"USW00014742","BURLINGTON INTERNATIONAL AIRPORT, VT US","44.46825","-73.1499","101.1","2024-09-12","1.4",,"0.0","0.0","0.0",,"25.6","11.7","  200","  210","6.3","8.9",,,,,,,,
"USW00014742","BURLINGTON INTERNATIONAL AIRPORT, VT US","44.46825","-73.1499","101.1","2024-09-13","1.5",,"0.0","0.0","0.0",,"27.2","13.9","   10","  310","4.0","6.3",,,,,,,,
"USW00014742","BURLINGTON INTERNATIONAL AIRPORT, VT US","44.46825","-73.1499","101.1","2024-09-14","1.5",,"0.0","0.0","0.0",,"28.9","15.0","   10","  310","4.5","6.3",,,,,,,,
"USW00014742","BURLINGTON INTERNATIONAL AIRPORT, VT US","44.46825","-73.1499","101.1","2024-09-15","1.3",,"0.0","0.0","0.0",,"30.0","15.6","  220","  200","3.6","4.9",,,,,,,,
"USW00014742","BURLINGTON INTERNATIONAL AIRPORT, VT US","44.46825","-73.1499","101.1","2024-09-16","1.5",,"0.0","0.0","0.0",,"29.4","15.0","  200","  200","6.3","8.1",,,,,,,,
"USW00014742","BURLINGTON INTERNATIONAL AIRPORT, VT US","44.46825","-73.1499","101.1","2024-09-17","1.6",,"0.0","0.0","0.0",,"30.0","15.6","  320","  340","3.6","5.8",,,,,,,,
"USW00014742","BURLINGTON INTERNATIONAL AIRPORT, VT US","44.46825","-73.1499","101.1","2024-09-18","1.3",,"0.0","0.0","0.0",,"29.4","15.6","   90","   80","3.1","4.5",,,,,,,,
"USW00014742","BURLINGTON INTERNATIONAL AIRPORT, VT US","44.46825","-73.1499","101.1","2024-09-19","2.3",,"0.0","0.0","0.0",,"27.8","16.7","  340","  340","5.4","8.1",,,,,,,,
"USW00014742","BURLINGTON INTERNATIONAL AIRPORT, VT US","44.46825","-73.1499","101.1","2024-09-20","1.5",,"0.0","0.0","0.0",,"26.7","15.6","  360","  350","4.5","5.8","    1","    1",,,,,,
"USW00014742","BURLINGTON INTERNATIONAL AIRPORT, VT US","44.46825","-73.1499","101.1","2024-09-21","2.2",,"0.0","0.0","0.0",,"25.6","14.4","  320","  320","5.4","6.3",,,,,,,,
"USW00014742","BURLINGTON INTERNATIONAL AIRPORT, VT US","44.46825","-73.1499","101.1","2024-09-22","2.8",,"0.0","0.0","0.0",,"23.3","13.9","  120","  120","6.3","8.5",,,,,,,,
"USW00014742","BURLINGTON INTERNATIONAL AIRPORT, VT US","44.46825","-73.1499","101.1","2024-09-23","3.1",,"0.0","0.0","0.0",,"19.4","13.9","  190","  190","6.3","9.4",,,,,,,,
"USW00014742","BURLINGTON INTERNATIONAL AIRPORT, VT US","44.46825","-73.1499","101.1","2024-09-24","3.8",,"0.0","0.0","0.0",,"21.7","11.7","  140","  130","7.2","9.8",,,,,,,,
"USW00014742","BURLINGTON INTERNATIONAL AIRPORT, VT US","44.46825","-73.1499","101.1","2024-09-25","3.6",,"23.4","0.0","0.0",,"16.7","12.2","  170","  180","5.8","8.5","    1",,,,,,,
"USW00014742","BURLINGTON INTERNATIONAL AIRPORT, VT US","44.46825","-73.1499","101.1","2024-09-26","3.3"," 1325","22.6","0.0","0.0",,"18.9","13.9","  200","  160","6.7","10.7","    1",,,,,,,
"USW00014742","BURLINGTON INTERNATIONAL AIRPORT, VT US","44.46825","-73.1499","101.1","2024-09-27","2.0"," 1235","0.0","0.0","0.0",,"22.8","12.8","  360","  360","5.4","8.1",,,,,,,,
"USW00014742","BURLINGTON INTERNATIONAL AIRPORT, VT US","44.46825","-73.1499","101.1","2024-09-28","1.6"," 0549","0.0","0.0","0.0",,"23.3","11.1","  290","   80","3.6","5.8","    1",,,,,,,
"USW00014742","BURLINGTON INTERNATIONAL AIRPORT, VT US","44.46825","-73.1499","101.1","2024-09-29","1.3"," 1601","0.0","0.0","0.0",,"25.0","11.7","  350","   10","5.4","7.6",,,,,,,,
"USW00014742","BURLINGTON INTERNATIONAL AIRPORT, VT US","44.46825","-73.1499","101.1","2024-09-30","1.0"," 1353","0.0","0.0","0.0",,"22.8","11.7","  340","  340","4.0","5.8","    1","    1",,,,,"    1",
"USW00014742","BURLINGTON INTERNATIONAL AIRPORT, VT US","44.46825","-73.1499","101.1","2024-10-01","2.9",,"0.0","0.0","0.0",,"23.9","13.3","  200","  180","7.2","10.3",,,,,,,,
"USW00014742","BURLINGTON INTERNATIONAL AIRPORT, VT US","44.46825","-73.1499","101.1","2024-10-02","3.8",,"0.3","0.0","0.0",,"21.1","12.2","  190","  200","8.9","12.1","    1",,,,,,,
"USW00014742","BURLINGTON INTERNATIONAL AIRPORT, VT US","44.46825","-73.1499","101.1","2024-10-03","1.6",,"0.0","0.0","0.0",,"21.7","11.1","  200","  180","5.8","7.2",,,,,,,,
"USW00014742","BURLINGTON INTERNATIONAL AIRPORT, VT US","44.46825","-73.1499","101.1","2024-10-04","1.8",,"9.7","0.0","0.0",,"23.9","10.6","  350","  360","8.1","11.6","    1",,,,,,,
"USW00014742","BURLINGTON INTERNATIONAL AIRPORT, VT US","44.46825","-73.1499","101.1","2024-10-05","1.8",,"0.3","0.0","0.0",,"20.0","7.8","  340","   20","7.2","9.4","    1","    1",,,,,,
"USW00014742","BURLINGTON INTERNATIONAL AIRPORT, VT US","44.46825","-73.1499","101.1","2024-10-06","2.7",,"3.8","0.0","0.0",,"20.6","5.0","  190","  190","7.2","11.2","    1",,,,,,,
"USW00014742","BURLINGTON INTERNATIONAL AIRPORT, VT US","44.46825","-73.1499","101.1","2024-10-07","2.9",,"3.3","0.0","0.0",,"18.3","10.6","  360","  350","7.2","10.3","    1",,,,,,,
"USW00014742","BURLINGTON INTERNATIONAL AIRPORT, VT US","44.46825","-73.1499","101.1","2024-10-08","1.6",,"0.8","0.0","0.0",,"16.7","4.4","  200","  190","4.5","7.2",,,,,,,,
"USW00014742","BURLINGTON INTERNATIONAL AIRPORT, VT US","44.46825","-73.1499","101.1","2024-10-09","2.9",,"3.0","0.0","0.0",,"14.4","7.2","  280","  280","6.3","9.8",,,,,,,,
"USW00014742","BURLINGTON INTERNATIONAL AIRPORT, VT US","44.46825","-73.1499","101.1","2024-10-10","4.4",,"0.0","0.0","0.0",,"11.1","8.3","  290","  310","8.1","11.6",,,,,,,,
"USW00014742","BURLINGTON INTERNATIONAL AIRPORT, VT US","44.46825","-73.1499","101.1","2024-10-11","3.7",,"0.3","0.0","0.0",,"17.2","10.0","  180","  190","7.6","11.2",,,,,,,,
"USW00014742","BURLINGTON INTERNATIONAL AIRPORT, VT US","44.46825","-73.1499","101.1","2024-10-12","5.6",,"0.0","0.0","0.0",,"17.8","4.4","  320","  320","16.1","22.8",,,,,,,,
"USW00014742","BURLINGTON INTERNATIONAL AIRPORT, VT US","44.46825","-73.1499","101.1","2024-10-13","1.3",,"2.5","0.0","0.0",,"11.7","4.4","  180","  170","4.5","6.3",,,,,,,,
"USW00014742","BURLINGTON INTERNATIONAL AIRPORT, VT US","44.46825","-73.1499","101.1","2024-10-14","3.1",,"13.0","0.0","0.0",,"7.2","4.4","  360","  360","7.2","10.3","    1",,,,,,,
"USW00014742","BURLINGTON INTERNATIONAL AIRPORT, VT US","44.46825","-73.1499","101.1","2024-10-15","4.2",,"2.3","0.0","0.0",,"10.0","5.0","  320","  300","10.3","15.7",,,,,,,,
"USW00014742","BURLINGTON INTERNATIONAL AIRPORT, VT US","44.46825","-73.1499","101.1","2024-10-16","4.0",,"0.8","0.0","0.0",,"10.0","1.1","  340","  300","10.3","13.9",,,,,,,,
"USW00014742","BURLINGTON INTERNATIONAL AIRPORT, VT US","44.46825","-73.1499","101.1","2024-10-17","0.9",,"0.0","0.0","0.0",,"15.0","-0.5","  360","   10","4.0","6.7",,,,,,,,
"USW00014742","BURLINGTON INTERNATIONAL AIRPORT, VT US","44.46825","-73.1499","101.1","2024-10-18","0.9",,"0.0","0.0","0.0",,"19.4","1.1","  310","  310","3.1","4.9",,,,,,,,
"USW00014742","BURLINGTON INTERNATIONAL AIRPORT, VT US","44.46825","-73.1499","101.1","2024-10-19","1.0",,"0.0","0.0","0.0",,"20.0","1.7","  190","  180","3.6","4.5",,,,,,,,
"USW00014742","BURLINGTON INTERNATIONAL AIRPORT, VT US","44.46825","-73.1499","101.1","2024-10-20","2.9",,"0.0","0.0","0.0",,"20.6","2.2","  180","  190","6.7","9.8",,,,,,,,
"USW00014742","BURLINGTON INTERNATIONAL AIRPORT, VT US","44.46825","-73.1499","101.1","2024-10-21","3.0",,"0.0","0.0","0.0",,"25.0","12.2","  190","  200","6.7","9.8",,,,,,,,
"USW00014742","BURLINGTON INTERNATIONAL AIRPORT, VT US","44.46825","-73.1499","101.1","2024-10-22","2.2",,"0.0","0.0","0.0",,"25.6","9.4","  190","  220","7.6","13.0",,,,,,,,
"USW00014742","BURLINGTON INTERNATIONAL AIRPORT, VT US","44.46825","-73.1499","101.1","2024-10-23","5.3",,"2.8","0.0","0.0",,"25.6","12.8","  190","  190","11.6","17.0",,,,,,,,
"USW00014742","BURLINGTON INTERNATIONAL AIRPORT, VT US","44.46825","-73.1499","101.1","2024-10-24","3.4",,"0.0","0.0","0.0",,"15.6","3.9","  340","  330","8.1","11.2","    1",,,,,,"    1",
"USW00014742","BURLINGTON INTERNATIONAL AIRPORT, VT US","44.46825","-73.1499","101.1","2024-10-25","0.5",,"0.0","0.0","0.0",,"12.2","1.1","   90","   30","2.7","4.9","    1",,,,,,,
"USW00014742","BURLINGTON INTERNATIONAL AIRPORT, VT US","44.46825","-73.1499","101.1","2024-10-26","5.2",,"1.3","0.0","0.0",,"12.2","5.6","  330","  330","10.3","13.9",,,,,,,,
"USW00014742","BURLINGTON INTERNATIONAL AIRPORT, VT US","44.46825","-73.1499","101.1","2024-10-27","4.4",,"2.0","0.0","0.0",,"11.1","0.0","  340","  330","11.6","16.5","    1",,,,,,,
"USW00014742","BURLINGTON INTERNATIONAL AIRPORT, VT US","44.46825","-73.1499","101.1","2024-10-28","1.3",,"0.0","0.0","0.0",,"7.8","-1.0","  140","  130","3.6","4.9","    1",,,,,,,
"USW00014742","BURLINGTON INTERNATIONAL AIRPORT, VT US","44.46825","-73.1499","101.1","2024-10-29","5.0",,"13.5","0.0","0.0",,"13.3","1.1","  190","  200","9.4","15.2","    1",,,,,,,
"USW00014742","BURLINGTON INTERNATIONAL AIRPORT, VT US","44.46825","-73.1499","101.1","2024-10-30","6.2",,"0.3","0.0","0.0",,"21.1","11.1","  200","  200","9.4","14.8",,,,,,,,
"USW00014742","BURLINGTON INTERNATIONAL AIRPORT, VT US","44.46825","-73.1499","101.1","2024-10-31","5.8",,"0.0","0.0","0.0",,"25.0","17.8","  200","  180","9.4","14.3",,,,,,,,
"USW00014742","BURLINGTON INTERNATIONAL AIRPORT, VT US","44.46825","-73.1499","101.1","2024-11-01","4.8",,"1.8","0.0","0.0",,"21.7","6.7","  260","  270","10.7","17.0","    1",,,,,,,
"USW00014742","BURLINGTON INTERNATIONAL AIRPORT, VT US","44.46825","-73.1499","101.1","2024-11-02","3.1",,"0.0","0.0","0.0",,"6.7","3.3","  320","  320","7.6","10.3",,,,,,,,
"USW00014742","BURLINGTON INTERNATIONAL AIRPORT, VT US","44.46825","-73.1499","101.1","2024-11-03","1.3",,"0.0","0.0","0.0",,"7.2","-1.6","  360","  320","4.5","6.3",,,,,,,,
"USW00014742","BURLINGTON INTERNATIONAL AIRPORT, VT US","44.46825","-73.1499","101.1","2024-11-04","4.4",,"1.0","0.0","0.0",,"11.1","-2.1","  180","  200","12.5","18.8",,,,,,,,
"USW00014742","BURLINGTON INTERNATIONAL AIRPORT, VT US","44.46825","-73.1499","101.1","2024-11-05","7.1",,"0.8","0.0","0.0",,"19.4","10.0","  200","  190","11.6","17.9",,,,,,,,
"USW00014742","BURLINGTON INTERNATIONAL AIRPORT, VT US","44.46825","-73.1499","101.1","2024-11-06","5.1",,"0.0","0.0","0.0",,"21.1","15.0","  190","  200","10.3","15.2",,,,,,,,
"USW00014742","BURLINGTON INTERNATIONAL AIRPORT, VT US","44.46825","-73.1499","101.1","2024-11-07","3.5",,"0.0","0.0","0.0",,"15.6","4.4","  340","  350","7.6","10.3",,,,,,,,
"USW00014742","BURLINGTON INTERNATIONAL AIRPORT, VT US","44.46825","-73.1499","101.1","2024-11-08","6.7",,"0.3","0.0","0.0",,"12.8","5.6","  330","  320","13.4","18.3",,,,,,,,
"USW00014742","BURLINGTON INTERNATIONAL AIRPORT, VT US","44.46825","-73.1499","101.1","2024-11-09","4.9",,"0.0","0.0","0.0",,"7.8","-1.0","  330","  330","12.5","15.7",,,,,,,,
"USW00014742","BURLINGTON INTERNATIONAL AIRPORT, VT US","44.46825","-73.1499","101.1","2024-11-10","4.4",,"0.3","0.0","0.0",,"11.7","-2.1","  180","  190","11.2","17.4",,,,,,,,
"USW00014742","BURLINGTON INTERNATIONAL AIRPORT, VT US","44.46825","-73.1499","101.1","2024-11-11","5.1",,"1.8","0.0","0.0",,"13.9","8.3","  200","  200","11.2","16.1","    1",,,,,,,
"USW00014742","BURLINGTON INTERNATIONAL AIRPORT, VT US","44.46825","-73.1499","101.1","2024-11-12","7.2",,"0.8","0.0","0.0",,"11.1","0.0","  330","  340","13.9","18.3","    1",,,,,,,
"USW00014742","BURLINGTON INTERNATIONAL AIRPORT, VT US","44.46825","-73.1499","101.1","2024-11-13","2.9",,"0.0","0.0","0.0",,"4.4","-2.7","  330","  330","7.2","9.4",,,,,,,,
"USW00014742","BURLINGTON INTERNATIONAL AIRPORT, VT US","44.46825","-73.1499","101.1","2024-11-14","0.9",,"0.0","0.0","0.0",,"7.8","-4.3","  340","  350","3.1","4.9",,,,,,,,
"USW00014742","BURLINGTON INTERNATIONAL AIRPORT, VT US","44.46825","-73.1499","101.1","2024-11-15","1.2",,"0.0","0.0","0.0",,"8.3","-4.3","  360","   30","5.4","7.2",,,,,,,,
"USW00014742","BURLINGTON INTERNATIONAL AIRPORT, VT US","44.46825","-73.1499","101.1","2024-11-16","1.1",,"0.0","0.0","0.0",,"12.8","-2.7","   10","   10","6.7","8.1",,,,,,,,
"USW00014742","BURLINGTON INTERNATIONAL AIRPORT, VT US","44.46825","-73.1499","101.1","2024-11-17","0.5",,"0.0","0.0","0.0",,"11.1","-2.7","  120","  130","3.6","4.0",,,,,,,,
"USW00014742","BURLINGTON INTERNATIONAL AIRPORT, VT US","44.46825","-73.1499","101.1","2024-11-18","2.4",,"0.3","0.0","0.0",,"13.3","3.3","  340","  350","8.1","11.2",,,,,,,,
"USW00014742","BURLINGTON INTERNATIONAL AIRPORT, VT US","44.46825","-73.1499","101.1","2024-11-19","2.5",,"0.0","0.0","0.0",,"10.0","0.6","  330","  340","7.2","8.9",,,,,,,,
"USW00014742","BURLINGTON INTERNATIONAL AIRPORT, VT US","44.46825","-73.1499","101.1","2024-11-20","0.9",,"0.0","0.0","0.0",,"7.8","-1.0","  310","  340","4.0","5.8","    1","    1",,,,,,
"USW00014742","BURLINGTON INTERNATIONAL AIRPORT, VT US","44.46825","-73.1499","101.1","2024-11-21","1.3",,"7.6","0.0","0.0",,"7.8","-0.5","  350","  350","4.0","4.9","    1",,,,,,,
"USW00014742","BURLINGTON INTERNATIONAL AIRPORT, VT US","44.46825","-73.1499","101.1","2024-11-22","3.2",,"0.3","0.0","0.0",,"11.1","1.7","  120","  100","10.3","15.7",,,,,,,,
"USW00014742","BURLINGTON INTERNATIONAL AIRPORT, VT US","44.46825","-73.1499","101.1","2024-11-23","5.3",,"4.1","0.0","0.0",,"6.7","2.2","  340","  340","9.4","13.0","    1",,,,,,"    1",
"USW00014742","BURLINGTON INTERNATIONAL AIRPORT, VT US","44.46825","-73.1499","101.1","2024-11-24","6.6",,"0.0","0.0","0.0",,"6.7","1.1","  290","  290","11.2","16.5",,,,,,,,
"USW00014742","BURLINGTON INTERNATIONAL AIRPORT, VT US","44.46825","-73.1499","101.1","2024-11-25","1.8",,"0.0","0.0","0.0",,"6.7","-1.6","  310","  290","7.6","11.6",,,,,,,,
"USW00014742","BURLINGTON INTERNATIONAL AIRPORT, VT US","44.46825","-73.1499","101.1","2024-11-26","3.3",,"8.6","0.0","0.0",,"7.2","-2.1","  190","  190","8.1","13.0","    1",,,,,,,
"USW00014742","BURLINGTON INTERNATIONAL AIRPORT, VT US","44.46825","-73.1499","101.1","2024-11-27","3.7",,"0.0","0.0","0.0",,"7.8","2.8","  290","  300","8.9","14.3",,,,,,,,
"USW00014742","BURLINGTON INTERNATIONAL AIRPORT, VT US","44.46825","-73.1499","101.1","2024-11-28","3.2",,"14.0","0.0","0.0",,"4.4","1.1","  330","  190","8.1","11.6","    1",,,,,,,
"USW00014742","BURLINGTON INTERNATIONAL AIRPORT, VT US","44.46825","-73.1499","101.1","2024-11-29","2.4",,"0.3","3.0","0.0",,"3.3","-0.5","  230","  240","6.3","8.9","    1",,,"    1",,,,
"USW00014742","BURLINGTON INTERNATIONAL AIRPORT, VT US","44.46825","-73.1499","101.1","2024-11-30","5.5",,"0.0","0.0","0.0",,"1.1","0.0","  190","  190","8.9","11.6",,,,,,,,
"USW00014742","BURLINGTON INTERNATIONAL AIRPORT, VT US","44.46825","-73.1499","101.1","2024-12-01","5.5",,"0.0","0.0","0.0",,"0.0","-2.1","  180","  190","8.9","13.0",,,,,,,,
"USW00014742","BURLINGTON INTERNATIONAL AIRPORT, VT US","44.46825","-73.1499","101.1","2024-12-02","3.1"," 1946","0.3","3.0","0.0",,"1.1","-2.1","  320","  330","6.3","8.9","    1",,,,,,,
"USW00014742","BURLINGTON INTERNATIONAL AIRPORT, VT US","44.46825","-73.1499","101.1","2024-12-03","2.2"," 0825","0.0","3.0","0.0",,"0.6","-2.7","  290","  320","5.4","7.2",,,,,,,,
"USW00014742","BURLINGTON INTERNATIONAL AIRPORT, VT US","44.46825","-73.1499","101.1","2024-12-04","5.4"," 2058","0.0","8.0","0.0",,"1.1","-6.6","  200","  220","10.3","16.1",,,,,,,,
"USW00014742","BURLINGTON INTERNATIONAL AIRPORT, VT US","44.46825","-73.1499","101.1","2024-12-05","5.7"," 2326","0.3","3.0","0.0",,"5.0","-1.0","  310","  300","10.7","16.1","    1",,,,,,,
"USW00014742","BURLINGTON INTERNATIONAL AIRPORT, VT US","44.46825","-73.1499","101.1","2024-12-06","6.0"," 0601","0.0","0.0","0.0",,"-1.0","-5.5","  330","  320","13.0","20.6",,,,,,,,
"USW00014742","BURLINGTON INTERNATIONAL AIRPORT, VT US","44.46825","-73.1499","101.1","2024-12-07","2.1"," 2218","3.0","127.0","100.0",,"-0.5","-5.5","  180","  180","7.6","12.5","    1",,,,,,"    1","    1"
"USW00014742","BURLINGTON INTERNATIONAL AIRPORT, VT US","44.46825","-73.1499","101.1","2024-12-08","6.0"," 0153","1.3","30.0","130.0",,"6.1","-2.1","  190","  200","11.6","17.4","    1","    1",,,,,,"    1"
"USW00014742","BURLINGTON INTERNATIONAL AIRPORT, VT US","44.46825","-73.1499","101.1","2024-12-09","2.0"," 2353","3.8","38.0","80.0",,"1.7","-3.2","  190","  180","5.8","8.1","    1",,,,,,,
"USW00014742","BURLINGTON INTERNATIONAL AIRPORT, VT US","44.46825","-73.1499","101.1","2024-12-10","4.0"," 0052","0.3","0.0","80.0",,"5.0","1.7","  180","  180","7.2","10.3",,,,,,,,
"USW00014742","BURLINGTON INTERNATIONAL AIRPORT, VT US","44.46825","-73.1499","101.1","2024-12-11","3.2"," 2022","44.2","0.0","0.0",,"6.7","3.3","  330","  330","7.6","10.7","    1",,,,,,,
"USW00014742","BURLINGTON INTERNATIONAL AIRPORT, VT US","44.46825","-73.1499","101.1","2024-12-12","5.5"," 1421","1.3","0.0","0.0",,"4.4","-3.2","  270","  270","12.5","19.7","    1",,,,,,"    1",
"USW00014742","BURLINGTON INTERNATIONAL AIRPORT, VT US","44.46825","-73.1499","101.1","2024-12-13","4.0"," 1537","0.0","0.0","0.0",,"-1.6","-6.6","  280","  270","8.1","13.9",,,,,,,,
"USW00014742","BURLINGTON INTERNATIONAL AIRPORT, VT US","44.46825","-73.1499","101.1","2024-12-14","2.5"," 0251","0.0","0.0","0.0",,"-2.1","-9.3","  280","  300","5.8","8.9",,,,,,,,
"USW00014742","BURLINGTON INTERNATIONAL AIRPORT, VT US","44.46825","-73.1499","101.1","2024-12-15","3.2"," 1226","0.0","0.0","0.0",,"1.1","-10.5","  180","  190","7.6","12.5",,,,,,,,
"USW00014742","BURLINGTON INTERNATIONAL AIRPORT, VT US","44.46825","-73.1499","101.1","2024-12-16","5.1"," 1058","0.0","0.0","0.0",,"5.6","0.0","  190","  190","9.8","15.7","    1",,,,,,,
"USW00014742","BURLINGTON INTERNATIONAL AIRPORT, VT US","44.46825","-73.1499","101.1","2024-12-17","5.1"," 0319","1.5","0.0","0.0",,"11.7","5.0","  200","  200","11.6","18.8","    1",,,,,,,
"USW00014742","BURLINGTON INTERNATIONAL AIRPORT, VT US","44.46825","-73.1499","101.1","2024-12-18","2.7"," 1421","3.3","0.0","0.0",,"6.7","2.2","  200","  180","6.3","9.4","    1",,,,,,,
"USW00014742","BURLINGTON INTERNATIONAL AIRPORT, VT US","44.46825","-73.1499","101.1","2024-12-19","4.2"," 1048","0.5","5.0","0.0",,"2.8","-5.5","  350","  360","10.3","13.4","    1",,,"    1",,,,
"USW00014742","BURLINGTON INTERNATIONAL AIRPORT, VT US","44.46825","-73.1499","101.1","2024-12-20","2.6"," 2305","2.8","64.0","0.0",,"-3.8","-6.6","  350","   10","5.8","7.6","    1",,,,,,,
"USW00014742","BURLINGTON INTERNATIONAL AIRPORT, VT US","44.46825","-73.1499","101.1","2024-12-21","6.2"," 1640","1.0","97.0","80.0",,"-6.0","-13.8","  340","  320","9.8","13.4","    1",,,,,,"    1","    1"
"USW00014742","BURLINGTON INTERNATIONAL AIRPORT, VT US","44.46825","-73.1499","101.1","2024-12-22","3.8"," 0012","0.3","5.0","100.0",,"-12.1","-19.3","  330","  340","9.4","13.0","    1",,,,,,,
"USW00014742","BURLINGTON INTERNATIONAL AIRPORT, VT US","44.46825","-73.1499","101.1","2024-12-23","4.3"," 2333","0.5","0.0","80.0",,"-6.6","-19.9","  190","  180","11.6","17.9","    1",,,,,,,
"USW00014742","BURLINGTON INTERNATIONAL AIRPORT, VT US","44.46825","-73.1499","101.1","2024-12-24","4.1"," 0210","3.3","38.0","80.0",,"-2.7","-9.3","  200","  190","11.2","16.5","    1",,,,,,"    1",
"USW00014742","BURLINGTON INTERNATIONAL AIRPORT, VT US","44.46825","-73.1499","101.1","2024-12-25","1.7"," 1400","0.0","0.0","80.0",,"-4.9","-14.3","  330","   20","4.5","5.8","    1",,,,,,"    1",
"USW00014742","BURLINGTON INTERNATIONAL AIRPORT, VT US","44.46825","-73.1499","101.1","2024-12-26","1.1"," 0555","0.0","0.0","50.0",,"-5.5","-16.0","  100","  110","4.5","6.3","    1",,,,,,"    1",
"USW00014742","BURLINGTON INTERNATIONAL AIRPORT, VT US","44.46825","-73.1499","101.1","2024-12-27","1.5"," 0718","0.0","0.0","50.0",,"-3.8","-13.8","  100","   90","3.6","5.4","    1",,,,,,"    1",
"USW00014742","BURLINGTON INTERNATIONAL AIRPORT, VT US","44.46825","-73.1499","101.1","2024-12-28","3.0"," 1129","0.5","0.0","50.0",,"7.2","-9.3","  200","  190","10.3","14.3",,,,,,,,
"USW00014742","BURLINGTON INTERNATIONAL AIRPORT, VT US","44.46825","-73.1499","101.1","2024-12-29","4.3"," 2126","2.3","0.0","30.0",,"16.1","3.9","  180","  170","8.1","14.8","    1",,,,,,,
"USW00014742","BURLINGTON INTERNATIONAL AIRPORT, VT US","44.46825","-73.1499","101.1","2024-12-30","5.0"," 1448","3.0","0.0","0.0",,"15.6","5.6","  230","  220","8.1","13.4","    1",,,,,,,
"USW00014742","BURLINGTON INTERNATIONAL AIRPORT, VT US","44.46825","-73.1499","101.1","2024-12-31","2.6"," 1223","0.0","0.0","0.0",,"8.9","0.6","  190","  180","6.7","8.5",,,,,,,,
"USW00014742","BURLINGTON INTERNATIONAL AIRPORT, VT US","44.46825","-73.1499","101.1","2025-01-01","2.8"," 2359","3.6","0.0","0.0",,"6.7","2.8","  280","  280","8.1","13.0","    1",,,,,,,
"USW00014742","BURLINGTON INTERNATIONAL AIRPORT, VT US","44.46825","-73.1499","101.1","2025-01-02","7.2"," 1126","0.0","5.0","0.0",,"3.3","-1.0","  310","  300","13.0","18.3",,,,,,,,
"USW00014742","BURLINGTON INTERNATIONAL AIRPORT, VT US","44.46825","-73.1499","101.1","2025-01-03","6.3"," 0358","0.0","0.0","0.0",,"1.1","-6.6","  300","  280","10.3","15.7",,,,,,,,
"USW00014742","BURLINGTON INTERNATIONAL AIRPORT, VT US","44.46825","-73.1499","101.1","2025-01-04","4.4"," 1009","0.8","38.0","50.0",,"-6.0","-9.3","  300","  300","9.4","13.0","    1",,,,,,,
"USW00014742","BURLINGTON INTERNATIONAL AIRPORT, VT US","44.46825","-73.1499","101.1","2025-01-05","4.0"," 0920","1.0","25.0","50.0",,"-7.7","-11.6","  330","  330","9.4","12.5",,,,,,,,"    1"
"USW00014742","BURLINGTON INTERNATIONAL AIRPORT, VT US","44.46825","-73.1499","101.1","2025-01-06","4.3"," 2045","0.0","0.0","50.0",,"-8.8","-13.8","  340","  350","8.9","11.6",,,,,,,,
"USW00014742","BURLINGTON INTERNATIONAL AIRPORT, VT US","44.46825","-73.1499","101.1","2025-01-07","5.8"," 2223","1.3","13.0","50.0",,"-6.0","-9.3","  320","  320","10.7","14.3",,,,,,,,
"USW00014742","BURLINGTON INTERNATIONAL AIRPORT, VT US","44.46825","-73.1499","101.1","2025-01-08","6.2"," 0719","0.8","10.0","50.0",,"-7.1","-12.7","  310","  320","9.8","13.9",,,,,,,"    1",
"USW00014742","BURLINGTON INTERNATIONAL AIRPORT, VT US","44.46825","-73.1499","101.1","2025-01-09","5.3"," 0150","3.8","137.0","80.0",,"-5.5","-11.0","  330","  290","8.9","11.2",,,,,,,,
"USW00014742","BURLINGTON INTERNATIONAL AIRPORT, VT US","44.46825","-73.1499","101.1","2025-01-10","2.4"," 0301","0.0","0.0","130.0",,"-2.7","-8.8","  330","  330","6.7","8.5",,,,,,,"    1",
"USW00014742","BURLINGTON INTERNATIONAL AIRPORT, VT US","44.46825","-73.1499","101.1","2025-01-11","2.1"," 1455","1.3","25.0","130.0",,"-4.3","-7.1","  360","   20","6.7","8.5","    1",,,,,,,
"USW00014742","BURLINGTON INTERNATIONAL AIRPORT, VT US","44.46825","-73.1499","101.1","2025-01-12","0.6"," 0811","0.0","0.0","100.0",,"1.1","-8.8","   70","   70","3.6","4.0",,,,,,,,
"USW00014742","BURLINGTON INTERNATIONAL AIRPORT, VT US","44.46825","-73.1499","101.1","2025-01-13","2.3"," 1109","0.3","5.0","100.0",,"0.6","-5.5","  200","  200","6.7","8.9","    1",,,,,,,
"USW00014742","BURLINGTON INTERNATIONAL AIRPORT, VT US","44.46825","-73.1499","101.1","2025-01-14","4.7"," 0103","0.0","0.0","100.0",,"0.6","-4.3","  320","  280","8.9","13.4",,,,,,,,
"USW00014742","BURLINGTON INTERNATIONAL AIRPORT, VT US","44.46825","-73.1499","101.1","2025-01-15","4.3"," 0412","0.0","0.0","100.0",,"-4.3","-12.1","  330","  310","10.7","13.0",,,,,,,,
"USW00014742","BURLINGTON INTERNATIONAL AIRPORT, VT US","44.46825","-73.1499","101.1","2025-01-16","3.1"," 1233","0.0","0.0","80.0",,"-2.1","-13.2","  200","  190","7.6","10.3",,,,,,,,
"USW00014742","BURLINGTON INTERNATIONAL AIRPORT, VT US","44.46825","-73.1499","101.1","2025-01-17","3.5"," 2356","0.0","0.0","80.0",,"1.1","-8.2","  200","  180","7.6","11.6",,,,,,,,
"USW00014742","BURLINGTON INTERNATIONAL AIRPORT, VT US","44.46825","-73.1499","101.1","2025-01-18","7.8"," 0823","0.0","0.0","50.0",,"4.4","1.1","  190","  190","13.9","21.9",,,,,,,,
"USW00014742","BURLINGTON INTERNATIONAL AIRPORT, VT US","44.46825","-73.1499","101.1","2025-01-19","5.5"," 0821","0.3","5.0","50.0",,"2.8","-9.9","   30","   30","9.4","12.5",,,,,,,,
"USW00014742","BURLINGTON INTERNATIONAL AIRPORT, VT US","44.46825","-73.1499","101.1","2025-01-20","4.1"," 0342","0.5","20.0","50.0",,"-9.3","-17.7","  340","  340","8.9","11.2",,,,,,,"    1",
"USW00014742","BURLINGTON INTERNATIONAL AIRPORT, VT US","44.46825","-73.1499","101.1","2025-01-21","4.1"," 0932","0.0","0.0","50.0",,"-8.2","-17.7","  200","  190","8.1","11.2",,,,,,,,
"USW00014742","BURLINGTON INTERNATIONAL AIRPORT, VT US","44.46825","-73.1499","101.1","2025-01-22","3.1"," 2336","0.0","0.0","50.0",,"-7.7","-18.8","  190","  180","7.6","12.5",,,,,,,,
"USW00014742","BURLINGTON INTERNATIONAL AIRPORT, VT US","44.46825","-73.1499","101.1","2025-01-23","4.7"," 1320","0.0","0.0","50.0",,"-3.8","-9.3","  190","  170","9.4","15.2",,,,,,,,
"USW00014742","BURLINGTON INTERNATIONAL AIRPORT, VT US","44.46825","-73.1499","101.1","2025-01-24","1.8"," 1150","0.0","3.0","50.0",,"-4.9","-14.9","  360","   10","6.7","8.5",,,,,,,"    1",
"USW00014742","BURLINGTON INTERNATIONAL AIRPORT, VT US","44.46825","-73.1499","101.1","2025-01-25","3.6"," 2034","0.0","0.0","50.0",,"-3.2","-17.1","  190","  190","7.6","10.7",,,,,,,,
"USW00014742","BURLINGTON INTERNATIONAL AIRPORT, VT US","44.46825","-73.1499","101.1","2025-01-26","6.0"," 1347","0.3","0.0","30.0",,"2.8","-3.8","  290","  300","10.7","16.5",,,,,,,,
"USW00014742","BURLINGTON INTERNATIONAL AIRPORT, VT US","44.46825","-73.1499","101.1","2025-01-27","7.2"," 1153","0.0","0.0","30.0",,"3.9","-4.3","  190","  200","13.4","19.2",,,,,,,,
"USW00014742","BURLINGTON INTERNATIONAL AIRPORT, VT US","44.46825","-73.1499","101.1","2025-01-28","5.2"," 0744","0.8","23.0","50.0",,"2.2","-11.6","  340","  350","14.3","19.2","    1",,,,,,"    1","    1"
"USW00014742","BURLINGTON INTERNATIONAL AIRPORT, VT US","44.46825","-73.1499","101.1","2025-01-29","4.5"," 2237","2.3","33.0","80.0",,"-0.5","-8.8","  310","  310","8.9","12.5","    1",,,,,,,
"USW00014742","BURLINGTON INTERNATIONAL AIRPORT, VT US","44.46825","-73.1499","101.1","2025-01-30","4.0"," 2349","0.0","0.0","80.0",,"-3.2","-16.6","  340","  190","9.4","13.9",,,,,,,"    1",
"USW00014742","BURLINGTON INTERNATIONAL AIRPORT, VT US","44.46825","-73.1499","101.1","2025-01-31","5.3"," 0306","2.3","28.0","80.0",,"2.2","-6.0","  190","  190","11.2","17.0","    1",,,,,,,
"USW00014742","BURLINGTON INTERNATIONAL AIRPORT, VT US","44.46825","-73.1499","101.1","2025-02-01","5.2",,"0.0","5.0","80.0",,"-6.0","-18.8","  340","   10","9.4","13.0",,,,,,,,"    1"
"USW00014742","BURLINGTON INTERNATIONAL AIRPORT, VT US","44.46825","-73.1499","101.1","2025-02-02","2.8",,"1.8","33.0","80.0",,"-6.6","-22.1","  180","  210","6.3","8.9","    1",,,,,,"    1",
"USW00014742","BURLINGTON INTERNATIONAL AIRPORT, VT US","44.46825","-73.1499","101.1","2025-02-03","4.3",,"6.1","41.0","100.0",,"3.3","-6.6","  200","  190","9.8","14.8","    1",,,,,,,
"USW00014742","BURLINGTON INTERNATIONAL AIRPORT, VT US","44.46825","-73.1499","101.1","2025-02-04","5.1",,"1.5","23.0","130.0",,"1.1","-10.5","  320","  310","11.2","16.1","    1",,,,,,"    1",
"USW00014742","BURLINGTON INTERNATIONAL AIRPORT, VT US","44.46825","-73.1499","101.1","2025-02-05","2.3",,"0.0","0.0","130.0",,"-9.3","-17.1","  360","  360","6.7","10.3",,,,,,,,
"USW00014742","BURLINGTON INTERNATIONAL AIRPORT, VT US","44.46825","-73.1499","101.1","2025-02-06","3.1",,"6.9","69.0","100.0",,"0.6","-17.1","  190","  220","8.9","13.4","    1","    1",,,,,,
"USW00014742","BURLINGTON INTERNATIONAL AIRPORT, VT US","44.46825","-73.1499","101.1","2025-02-07","5.8",,"1.3","15.0","180.0",,"2.8","-5.5","  300","  300","12.5","18.3","    1","    1",,,,,,"    1"
"USW00014742","BURLINGTON INTERNATIONAL AIRPORT, VT US","44.46825","-73.1499","101.1","2025-02-08","2.3",,"1.3","20.0","180.0",,"-1.0","-7.7","  140","  360","5.8","7.6","    1",,,,,,,
"USW00014742","BURLINGTON INTERNATIONAL AIRPORT, VT US","44.46825","-73.1499","101.1","2025-02-09","2.3",,"5.3","84.0","230.0",,"-2.7","-6.0","  340","  130","4.5","6.3","    1",,,,,,"    1",
"USW00014742","BURLINGTON INTERNATIONAL AIRPORT, VT US","44.46825","-73.1499","101.1","2025-02-10","2.6",,"1.0","30.0","250.0",,"-3.8","-11.6","  360","  310","6.7","8.9","    1",,,,,,"    1",
"USW00014742","BURLINGTON INTERNATIONAL AIRPORT, VT US","44.46825","-73.1499","101.1","2025-02-11","4.1",,"1.5","66.0","250.0",,"-0.5","-12.7","  200","  180","10.7","14.3","    1",,,,,,,
"USW00014742","BURLINGTON INTERNATIONAL AIRPORT, VT US","44.46825","-73.1499","101.1","2025-02-12","2.4",,"0.5","10.0","280.0",,"-7.1","-14.3","  330","  330","5.8","6.7",,,,,,,,
"USW00014742","BURLINGTON INTERNATIONAL AIRPORT, VT US","44.46825","-73.1499","101.1","2025-02-13","4.7",,"6.1","64.0","280.0",,"3.3","-11.6","  280","  280","10.7","17.9","    1",,,"    1",,"    1","    1",
"USW00014742","BURLINGTON INTERNATIONAL AIRPORT, VT US","44.46825","-73.1499","101.1","2025-02-14","4.6",,"0.0","0.0","280.0",,"-3.2","-13.2","  330","  310","10.3","14.8",,,,,,,,
"USW00014742","BURLINGTON INTERNATIONAL AIRPORT, VT US","44.46825","-73.1499","101.1","2025-02-15","1.8",,"4.3","86.0","280.0",,"-3.8","-15.5","  130","  120","5.4","7.2","    1",,,,,,,
"USW00014742","BURLINGTON INTERNATIONAL AIRPORT, VT US","44.46825","-73.1499","101.1","2025-02-16","3.5",,"18.8","208.0","380.0",,"-1.0","-7.7","  310","  310","9.4","15.7","    1","    1",,"    1",,,,"    1"
"USW00014742","BURLINGTON INTERNATIONAL AIRPORT, VT US","44.46825","-73.1499","101.1","2025-02-17","7.5",,"0.3","0.0","480.0",,"-5.5","-11.6","  290","  290","12.5","18.3",,,,,,,"    1","    1"
"USW00014742","BURLINGTON INTERNATIONAL AIRPORT, VT US","44.46825","-73.1499","101.1","2025-02-18","5.4",,"0.0","0.0","460.0",,"-7.1","-13.8","  290","  260","10.7","16.1",,,,,,,"    1",
"USW00014742","BURLINGTON INTERNATIONAL AIRPORT, VT US","44.46825","-73.1499","101.1","2025-02-19","2.2",,"0.0","0.0","430.0",,"-5.5","-16.0","  330","  330","5.8","8.1",,,,,,,,
"USW00014742","BURLINGTON INTERNATIONAL AIRPORT, VT US","44.46825","-73.1499","101.1","2025-02-20","2.1",,"0.3","28.0","410.0",,"-4.3","-19.3","   20","   30","7.2","10.7",,,,,,,,
"USW00014742","BURLINGTON INTERNATIONAL AIRPORT, VT US","44.46825","-73.1499","101.1","2025-02-21","4.7",,"0.5","25.0","460.0",,"-4.3","-9.9","  340","  320","9.4","11.6",,,,,,,"    1","    1"
"USW00014742","BURLINGTON INTERNATIONAL AIRPORT, VT US","44.46825","-73.1499","101.1","2025-02-22","2.9",,"0.0","0.0","410.0",,"-0.5","-14.9","  200","  200","7.2","9.4",,,,,,,,
"USW00014742","BURLINGTON INTERNATIONAL AIRPORT, VT US","44.46825","-73.1499","101.1","2025-02-23","2.3",,"0.0","5.0","360.0",,"1.1","-3.2","  260","  250","6.7","9.4",,,,,,,,
"USW00014742","BURLINGTON INTERNATIONAL AIRPORT, VT US","44.46825","-73.1499","101.1","2025-02-24","6.0",,"0.0","0.0","330.0",,"6.1","-2.7","  190","  170","13.4","19.7",,,,,,,,
"USW00014742","BURLINGTON INTERNATIONAL AIRPORT, VT US","44.46825","-73.1499","101.1","2025-02-25","3.9",,"3.3","0.0","300.0",,"8.3","3.3","  190","  200","8.9","13.4","    1",,,,,,,
"USW00014742","BURLINGTON INTERNATIONAL AIRPORT, VT US","44.46825","-73.1499","101.1","2025-02-26","1.7",,"0.3","0.0","250.0",,"5.0","-4.3","  340","  350","6.7","8.9","    1",,,,,,,
"USW00014742","BURLINGTON INTERNATIONAL AIRPORT, VT US","44.46825","-73.1499","101.1","2025-02-27","3.0",,"4.1","15.0","230.0",,"4.4","-4.9","  200","  210","8.1","12.5","    1",,,,,,,
"USW00014742","BURLINGTON INTERNATIONAL AIRPORT, VT US","44.46825","-73.1499","101.1","2025-02-28","4.3",,"0.5","15.0","230.0",,"3.9","-4.9","  330","  330","13.0","18.3","    1",,,,,,,
"USW00014742","BURLINGTON INTERNATIONAL AIRPORT, VT US","44.46825","-73.1499","101.1","2025-03-01","6.2",,"0.8","5.0","200.0",,"6.1","-9.9","  320","  290","11.6","17.9","    1",,,,,,,
"USW00014742","BURLINGTON INTERNATIONAL AIRPORT, VT US","44.46825","-73.1499","101.1","2025-03-02","4.6",,"0.0","0.0","200.0",,"-8.8","-14.9","  330","  300","8.9","13.4",,,,,,,,
"USW00014742","BURLINGTON INTERNATIONAL AIRPORT, VT US","44.46825","-73.1499","101.1","2025-03-03","1.2",,"0.0","0.0","200.0",,"-3.2","-17.7","  200","  180","3.6","5.4",,,,,,,,
"USW00014742","BURLINGTON INTERNATIONAL AIRPORT, VT US","44.46825","-73.1499","101.1","2025-03-04","4.7",,"0.8","3.0","200.0",,"6.1","-4.3","  200","  200","9.8","14.8",,,,,,,,
"USW00014742","BURLINGTON INTERNATIONAL AIRPORT, VT US","44.46825","-73.1499","101.1","2025-03-05","4.0",,"8.9","0.0","200.0",,"11.1","4.4","  180","  170","9.8","15.2","    1",,,,,,,
"USW00014742","BURLINGTON INTERNATIONAL AIRPORT, VT US","44.46825","-73.1499","101.1","2025-03-06","3.5",,"2.3","0.0","100.0",,"8.3","-2.7","  300","  290","11.6","16.1","    1",,,,,,,
"USW00014742","BURLINGTON INTERNATIONAL AIRPORT, VT US","44.46825","-73.1499","101.1","2025-03-07","6.6",,"0.3","18.0","80.0",,"3.3","-6.0","  300","  320","12.5","18.3","    1",,,,,,"    1",
"USW00014742","BURLINGTON INTERNATIONAL AIRPORT, VT US","44.46825","-73.1499","101.1","2025-03-08","6.5",,"0.0","5.0","80.0",,"0.0","-4.9","  310","  280","11.6","17.9","    1",,,,,,,
"USW00014742","BURLINGTON INTERNATIONAL AIRPORT, VT US","44.46825","-73.1499","101.1","2025-03-09","3.4",,"0.5","10.0","50.0",,"1.1","-4.3","  190","  260","6.7","10.3","    1",,,,,,,
"USW00014742","BURLINGTON INTERNATIONAL AIRPORT, VT US","44.46825","-73.1499","101.1","2025-03-10","2.2",,"1.3","18.0","50.0",,"9.4","-0.5","  190","  190","7.2","10.7","    1",,,,,,,
"USW00014742","BURLINGTON INTERNATIONAL AIRPORT, VT US","44.46825","-73.1499","101.1","2025-03-11","6.8",,"0.0","0.0","0.0",,"18.9","-0.5","  190","  210","13.0","20.6",,,,,,,,
"USW00014742","BURLINGTON INTERNATIONAL AIRPORT, VT US","44.46825","-73.1499","101.1","2025-03-12","3.4",,"0.0","0.0","0.0",,"1.1","-4.9","  360","   10","10.7","15.2",,,,,,,,
"USW00014742","BURLINGTON INTERNATIONAL AIRPORT, VT US","44.46825","-73.1499","101.1","2025-03-13","2.9",,"0.0","0.0","0.0",,"9.4","-5.5","  190","  180","9.8","13.9",,,,,,,,
"USW00014742","BURLINGTON INTERNATIONAL AIRPORT, VT US","44.46825","-73.1499","101.1","2025-03-14","3.8",,"0.0","0.0","0.0",,"15.6","2.2","  200","  190","8.9","11.2",,,,,,,,
"USW00014742","BURLINGTON INTERNATIONAL AIRPORT, VT US","44.46825","-73.1499","101.1","2025-03-15","7.9",,"0.0","0.0","0.0",,"19.4","8.3","  190","  180","14.8","21.5",,,,,,,,
"USW00014742","BURLINGTON INTERNATIONAL AIRPORT, VT US","44.46825","-73.1499","101.1","2025-03-16","7.1",,"6.9","0.0","0.0",,"21.1","10.0","  190","  200","15.7","26.8","    1",,,,,,"    1",
"USW00014742","BURLINGTON INTERNATIONAL AIRPORT, VT US","44.46825","-73.1499","101.1","2025-03-17","3.7",,"5.6","0.0","0.0",,"12.2","-1.0","  340","  350","9.4","13.0","    1",,,,,,,
"USW00014742","BURLINGTON INTERNATIONAL AIRPORT, VT US","44.46825","-73.1499","101.1","2025-03-18","1.4",,"0.0","0.0","0.0",,"11.7","-3.8","  290","  280","6.3","7.6",,,,,,,,
"USW00014742","BURLINGTON INTERNATIONAL AIRPORT, VT US","44.46825","-73.1499","101.1","2025-03-19","4.3",,"0.0","0.0","0.0",,"22.2","0.0","  180","  170","10.7","17.4",,,,,,,,
"USW00014742","BURLINGTON INTERNATIONAL AIRPORT, VT US","44.46825","-73.1499","101.1","2025-03-20","6.3",,"2.5","0.0","0.0",,"22.2","7.2","  200","  190","13.0","19.7",,,,,,,,
"USW00014742","BURLINGTON INTERNATIONAL AIRPORT, VT US","44.46825","-73.1499","101.1","2025-03-21","5.5",,"9.9","25.0","30.0",,"7.2","-1.0","  330","  320","11.6","16.5","    1",,,,,,,
"USW00014742","BURLINGTON INTERNATIONAL AIRPORT, VT US","44.46825","-73.1499","101.1","2025-03-22","6.5",,"0.0","0.0","0.0",,"15.0","-3.8","  310","  300","11.2","18.3",,,,,,,,
"USW00014742","BURLINGTON INTERNATIONAL AIRPORT, VT US","44.46825","-73.1499","101.1","2025-03-23","4.8",,"0.0","0.0","0.0",,"1.1","-7.1","  330","  330","11.6","16.1",,,,,,,,
"USW00014742","BURLINGTON INTERNATIONAL AIRPORT, VT US","44.46825","-73.1499","101.1","2025-03-24","3.0",,"0.3","0.0","0.0",,"3.9","-4.3","  180","  200","6.3","9.8",,,,,,,"    1",
"USW00014742","BURLINGTON INTERNATIONAL AIRPORT, VT US","44.46825","-73.1499","101.1","2025-03-25","3.3",,"0.0","0.0","0.0",,"7.2","2.2","  240","  250","7.2","9.4",,,,,,,,
"USW00014742","BURLINGTON INTERNATIONAL AIRPORT, VT US","44.46825","-73.1499","101.1","2025-03-26","2.6",,"0.3","0.0","0.0",,"6.7","0.6","  240","  280","7.2","11.6",,,,,,,"    1",
"USW00014742","BURLINGTON INTERNATIONAL AIRPORT, VT US","44.46825","-73.1499","101.1","2025-03-27","3.8",,"0.3","13.0","30.0",,"8.9","-1.0","  190","  330","8.1","12.5","    1",,,,,,,
"USW00014742","BURLINGTON INTERNATIONAL AIRPORT, VT US","44.46825","-73.1499","101.1","2025-03-28","4.3",,"1.3","3.0","0.0",,"7.2","-1.0","  320","  190","8.1","11.6","    1",,,,,,,
"USW00014742","BURLINGTON INTERNATIONAL AIRPORT, VT US","44.46825","-73.1499","101.1","2025-03-29","2.8",,"16.5","178.0","180.0",,"0.0","-1.6","  330","  320","7.6","9.8","    1","    1",,,,,,
"USW00014742","BURLINGTON INTERNATIONAL AIRPORT, VT US","44.46825","-73.1499","101.1","2025-03-30","3.5",,"11.2","0.0","130.0",,"7.2","-0.5","  180","  170","7.6","12.1","    1",,,,,"    1",,
"USW00014742","BURLINGTON INTERNATIONAL AIRPORT, VT US","44.46825","-73.1499","101.1","2025-03-31","7.1",,"2.0","0.0","0.0",,"18.9","5.0","  190","  180","11.6","16.5","    1",,,,,,,
"USW00014742","BURLINGTON INTERNATIONAL AIRPORT, VT US","44.46825","-73.1499","101.1","2025-04-01","7.3",,"0.0","0.0","0.0",,"5.6","-2.1","  340","  320","11.2","18.3",,,,,,,,
"USW00014742","BURLINGTON INTERNATIONAL AIRPORT, VT US","44.46825","-73.1499","101.1","2025-04-02","3.1",,"0.3","0.0","0.0",,"3.9","-5.5","   20","  350","7.6","10.7",,,,,,,,
"USW00014742","BURLINGTON INTERNATIONAL AIRPORT, VT US","44.46825","-73.1499","101.1","2025-04-03","6.8",,"20.6","0.0","0.0",,"20.0","2.8","  200","  180","13.0","18.3","    1",,"    1",,,,,
"USW00014742","BURLINGTON INTERNATIONAL AIRPORT, VT US","44.46825","-73.1499","101.1","2025-04-04","4.6",,"0.0","0.0","0.0",,"12.2","4.4","  310","  340","8.9","11.6",,,,,,,,
"USW00014742","BURLINGTON INTERNATIONAL AIRPORT, VT US","44.46825","-73.1499","101.1","2025-04-05","5.1",,"1.0","0.0","0.0",,"8.9","2.8","  180","  190","12.5","18.3","    1",,,,,,,
"USW00014742","BURLINGTON INTERNATIONAL AIRPORT, VT US","44.46825","-73.1499","101.1","2025-04-06","4.5",,"0.3","0.0","0.0",,"11.1","4.4","  330","  330","10.7","14.8",,,,,,,,
"USW00014742","BURLINGTON INTERNATIONAL AIRPORT, VT US","44.46825","-73.1499","101.1","2025-04-07","2.8",,"0.0","0.0","0.0",,"9.4","1.7","  180","  180","7.2","10.7",,,,,,,,
"USW00014742","BURLINGTON INTERNATIONAL AIRPORT, VT US","44.46825","-73.1499","101.1","2025-04-08","4.6",,"3.8","10.0","0.0",,"3.9","-3.8","  310","  320","11.2","17.0","    1",,,,,,"    1",
"USW00014742","BURLINGTON INTERNATIONAL AIRPORT, VT US","44.46825","-73.1499","101.1","2025-04-09","3.0",,"0.0","0.0","0.0",,"5.0","-4.3","  300","  330","9.8","13.9",,,,,,,,
"USW00014742","BURLINGTON INTERNATIONAL AIRPORT, VT US","44.46825","-73.1499","101.1","2025-04-10","2.3",,"0.3","0.0","0.0",,"10.0","-4.9","  190","  180","6.3","8.9",,,,,,,,
"USW00014742","BURLINGTON INTERNATIONAL AIRPORT, VT US","44.46825","-73.1499","101.1","2025-04-11","3.4",,"0.8","0.0","0.0",,"8.9","2.2","  200","  210","7.6","10.7",,,,,,,,
"USW00014742","BURLINGTON INTERNATIONAL AIRPORT, VT US","44.46825","-73.1499","101.1","2025-04-12","1.9",,"2.8","0.0","0.0",,"7.2","1.7","   30","   30","4.0","5.8","    1",,,,,,,
"USW00014742","BURLINGTON INTERNATIONAL AIRPORT, VT US","44.46825","-73.1499","101.1","2025-04-13","3.8",,"0.0","0.0","0.0",,"13.3","2.2","   10","  360","9.4","13.0","    1",,,,,,,
"USW00014742","BURLINGTON INTERNATIONAL AIRPORT, VT US","44.46825","-73.1499","101.1","2025-04-14","1.7",,"0.8","0.0","0.0",,"18.9","-1.0","  180","  180","5.8","8.9",,,,,,,,
"USW00014742","BURLINGTON INTERNATIONAL AIRPORT, VT US","44.46825","-73.1499","101.1","2025-04-15","5.3",,"0.0","0.0","0.0",,"18.3","6.7","  290","  320","10.7","16.1",,,,,,,,
"USW00014742","BURLINGTON INTERNATIONAL AIRPORT, VT US","44.46825","-73.1499","101.1","2025-04-16","5.3",,"2.3","0.0","0.0",,"6.7","1.1","  310","  300","9.4","14.3","    1",,,,,,,
"USW00014742","BURLINGTON INTERNATIONAL AIRPORT, VT US","44.46825","-73.1499","101.1","2025-04-17","4.5",,"0.0","0.0","0.0",,"11.7","0.0","  330","  330","10.3","14.8",,,,,,,,
"USW00014742","BURLINGTON INTERNATIONAL AIRPORT, VT US","44.46825","-73.1499","101.1","2025-04-18","4.5",,"0.0","0.0","0.0",,"17.8","-1.6","  200","  190","9.8","15.2",,,,,,,,
"USW00014742","BURLINGTON INTERNATIONAL AIRPORT, VT US","44.46825","-73.1499","101.1","2025-04-19","6.0",,"20.3","0.0","0.0",,"18.9","12.8","  190","  200","10.7","15.7","    1",,,,,,,
"USW00014742","BURLINGTON INTERNATIONAL AIRPORT, VT US","44.46825","-73.1499","101.1","2025-04-20","6.7",,"0.0","0.0","0.0",,"15.0","2.2","  330","  330","14.3","18.3",,,,,,,,
"USW00014742","BURLINGTON INTERNATIONAL AIRPORT, VT US","44.46825","-73.1499","101.1","2025-04-21","3.2",,"1.3","0.0","0.0",,"16.1","-0.5","  190","  170","8.1","18.3",,,,,,,,
"USW00014742","BURLINGTON INTERNATIONAL AIRPORT, VT US","44.46825","-73.1499","101.1","2025-04-22","5.5",,"0.0","0.0","0.0",,"17.2","9.4","  190","  190","11.6","17.9",,,,,,,,
"USW00014742","BURLINGTON INTERNATIONAL AIRPORT, VT US","44.46825","-73.1499","101.1","2025-04-23","3.0",,"0.0","0.0","0.0",,"18.3","4.4","   10","  360","7.2","10.7",,,,,,,,
"USW00014742","BURLINGTON INTERNATIONAL AIRPORT, VT US","44.46825","-73.1499","101.1","2025-04-24","1.8",,"0.0","0.0","0.0",,"22.2","3.3","  200","  190","6.3","8.9",,,,,,,,
"USW00014742","BURLINGTON INTERNATIONAL AIRPORT, VT US","44.46825","-73.1499","101.1","2025-04-25","2.4",,"0.3","0.0","0.0",,"17.8","10.0","  320","  320","6.3","7.2",,,,,,,,
"USW00014742","BURLINGTON INTERNATIONAL AIRPORT, VT US","44.46825","-73.1499","101.1","2025-04-26","3.1",,"18.0","0.0","0.0",,"20.0","8.9","  340","  340","10.3","13.9","    1",,,,,,,
"USW00014742","BURLINGTON INTERNATIONAL AIRPORT, VT US","44.46825","-73.1499","101.1","2025-04-27","4.1",,"8.1","0.0","0.0",,"11.7","3.3","  330","  330","10.3","13.9","    1",,,,,,,
"USW00014742","BURLINGTON INTERNATIONAL AIRPORT, VT US","44.46825","-73.1499","101.1","2025-04-28","1.0",,"0.0","0.0","0.0",,"22.8","1.1","  190","  200","5.4","8.1",,,,,,,,
"USW00014742","BURLINGTON INTERNATIONAL AIRPORT, VT US","44.46825","-73.1499","101.1","2025-04-29","7.3",,"6.6","0.0","0.0",,"28.3","15.0","  190","  210","12.5","17.9","    1",,"    1",,,,,
"USW00014742","BURLINGTON INTERNATIONAL AIRPORT, VT US","44.46825","-73.1499","101.1","2025-04-30","4.9",,"0.0","0.0","0.0",,"18.3","5.0","  320","  300","12.5","19.2",,,,,,,,
"USW00014742","BURLINGTON INTERNATIONAL AIRPORT, VT US","44.46825","-73.1499","101.1","2025-05-01","1.4",,"2.8","0.0","0.0",,"21.1","1.1","  310","  310","7.2","9.8",,,,,,,,
"USW00014742","BURLINGTON INTERNATIONAL AIRPORT, VT US","44.46825","-73.1499","101.1","2025-05-02","4.7",,"2.0","0.0","0.0",,"25.0","11.1","  190","  200","9.8","14.3","    1",,,,,,,
"USW00014742","BURLINGTON INTERNATIONAL AIRPORT, VT US","44.46825","-73.1499","101.1","2025-05-03","3.0",,"5.8","0.0","0.0",,"18.9","10.6","   20","   10","6.7","9.8","    1",,,,,,,
"USW00014742","BURLINGTON INTERNATIONAL AIRPORT, VT US","44.46825","-73.1499","101.1","2025-05-04","1.4",,"4.1","0.0","0.0",,"15.0","10.6","  350","  360","4.0","4.9","    1",,,,,,,
"USW00014742","BURLINGTON INTERNATIONAL AIRPORT, VT US","44.46825","-73.1499","101.1","2025-05-05","2.3",,"0.0","0.0","0.0",,"18.9","10.6","  130","  120","5.8","8.9",,,,,,,"    1",
"USW00014742","BURLINGTON INTERNATIONAL AIRPORT, VT US","44.46825","-73.1499","101.1","2025-05-06","3.8",,"2.3","0.0","0.0",,"22.8","13.9","  140","  150","9.8","12.5","    1",,,,,,,
"USW00014742","BURLINGTON INTERNATIONAL AIRPORT, VT US","44.46825","-73.1499","101.1","2025-05-07","4.4",,"2.5","0.0","0.0",,"18.9","11.1","  200","  160","9.8","13.4","    1",,,,,,,
"USW00014742","BURLINGTON INTERNATIONAL AIRPORT, VT US","44.46825","-73.1499","101.1","2025-05-08","3.9",,"0.5","0.0","0.0",,"11.7","8.9","  340","  340","7.2","8.9","    1",,,,,,,
"USW00014742","BURLINGTON INTERNATIONAL AIRPORT, VT US","44.46825","-73.1499","101.1","2025-05-09","3.6",,"28.2","0.0","0.0",,"9.4","7.8","  340","  340","6.3","7.6","    1",,,,,,,
"USW00014742","BURLINGTON INTERNATIONAL AIRPORT, VT US","44.46825","-73.1499","101.1","2025-05-10","3.6",,"5.3","0.0","0.0",,"14.4","7.8","  350","  350","7.2","11.6","    1",,,,,,,
"USW00014742","BURLINGTON INTERNATIONAL AIRPORT, VT US","44.46825","-73.1499","101.1","2025-05-11","4.3",,"0.0","0.0","0.0",,"16.1","5.6","  330","  330","11.2","14.3",,,,,,,,
"USW00014742","BURLINGTON INTERNATIONAL AIRPORT, VT US","44.46825","-73.1499","101.1","2025-05-12","3.4",,"0.0","0.0","0.0",,"26.7","5.6","  200","  190","9.8","13.9",,,,,,,,
"USW00014742","BURLINGTON INTERNATIONAL AIRPORT, VT US","44.46825","-73.1499","101.1","2025-05-13","3.1",,"0.0","0.0","0.0",,"28.3","9.4","  190","  170","5.8","9.4",,,,,,,,
"USW00014742","BURLINGTON INTERNATIONAL AIRPORT, VT US","44.46825","-73.1499","101.1","2025-05-14","4.3",,"0.0","0.0","0.0",,"26.7","13.9","  210","  200","9.4","14.3",,,,,,,,
"USW00014742","BURLINGTON INTERNATIONAL AIRPORT, VT US","44.46825","-73.1499","101.1","2025-05-15","2.9",,"0.0","0.0","0.0",,"28.9","17.2","  200","  170","6.7","10.7",,,,,,,,
"USW00014742","BURLINGTON INTERNATIONAL AIRPORT, VT US","44.46825","-73.1499","101.1","2025-05-16","3.8",,"4.6","0.0","0.0",,"30.0","17.2","  200","  190","9.4","13.9",,,"    1",,,,,
"USW00014742","BURLINGTON INTERNATIONAL AIRPORT, VT US","44.46825","-73.1499","101.1","2025-05-17","2.9",,"35.3","0.0","0.0",,"25.6","15.0","  300","  290","9.8","14.8","    1","    1","    1",,,,,
"USW00014742","BURLINGTON INTERNATIONAL AIRPORT, VT US","44.46825","-73.1499","101.1","2025-05-18","3.8",,"11.4","0.0","0.0",,"17.2","8.3","  310","  330","8.9","13.0","    1",,,,,,,
"USW00014742","BURLINGTON INTERNATIONAL AIRPORT, VT US","44.46825","-73.1499","101.1","2025-05-19","7.2",,"4.6","0.0","0.0",,"10.0","6.1","  330","  330","12.5","16.1","    1",,,,,,,
"USW00014742","BURLINGTON INTERNATIONAL AIRPORT, VT US","44.46825","-73.1499","101.1","2025-05-20","3.6",,"0.0","0.0","0.0",,"10.6","6.1","  330","  330","7.6","10.3","    1",,,,,,,
"USW00014742","BURLINGTON INTERNATIONAL AIRPORT, VT US","44.46825","-73.1499","101.1","2025-05-21","3.9",,"0.0","0.0","0.0",,"17.8","8.9","  120","  180","8.9","12.5",,,,,,,,
"USW00014742","BURLINGTON INTERNATIONAL AIRPORT, VT US","44.46825","-73.1499","101.1","2025-05-22","4.3",,"1.5","0.0","0.0",,"11.7","7.2","  120","  190","9.8","13.4",,,,,,,,
"USW00014742","BURLINGTON INTERNATIONAL AIRPORT, VT US","44.46825","-73.1499","101.1","2025-05-23","1.8",,"4.3","0.0","0.0",,"10.6","6.7","  360","  150","3.6","5.4","    1",,,,,,,
"USW00014742","BURLINGTON INTERNATIONAL AIRPORT, VT US","44.46825","-73.1499","101.1","2025-05-24","3.3",,"4.6","0.0","0.0",,"11.7","7.2","  330","  340","7.2","9.4","    1",,,,,,,
"USW00014742","BURLINGTON INTERNATIONAL AIRPORT, VT US","44.46825","-73.1499","101.1","2025-05-25","2.6",,"0.0","0.0","0.0",,"17.8","8.3","  340","  340","9.8","13.0",,,,,,,,
"USW00014742","BURLINGTON INTERNATIONAL AIRPORT, VT US","44.46825","-73.1499","101.1","2025-05-26","1.8",,"0.0","0.0","0.0",,"23.9","7.2","  360","   20","5.4","8.5",,,,,,,,
"USW00014742","BURLINGTON INTERNATIONAL AIRPORT, VT US","44.46825","-73.1499","101.1","2025-05-27","1.5",,"0.0","0.0","0.0",,"27.8","8.3","  330","   10","5.4","8.1",,,,,,,,
"USW00014742","BURLINGTON INTERNATIONAL AIRPORT, VT US","44.46825","-73.1499","101.1","2025-05-28","2.0",,"0.0","0.0","0.0",,"28.3","9.4","  190","  190","7.6","10.7",,,,,,,,
"USW00014742","BURLINGTON INTERNATIONAL AIRPORT, VT US","44.46825","-73.1499","101.1","2025-05-29","3.6",,"6.1","0.0","0.0",,"21.7","15.0","  200","  210","8.1","11.6","    1",,,,,,,
"USW00014742","BURLINGTON INTERNATIONAL AIRPORT, VT US","44.46825","-73.1499","101.1","2025-05-30","3.0",,"0.3","0.0","0.0",,"21.1","15.0","  200","  190","5.8","8.9",,,,,,,,
"USW00014742","BURLINGTON INTERNATIONAL AIRPORT, VT US","44.46825","-73.1499","101.1","2025-05-31","4.5",,"29.0","0.0","0.0",,"16.7","10.0","  340","  340","11.6","16.5","    1",,,,,,,
"USW00014742","BURLINGTON INTERNATIONAL AIRPORT, VT US","44.46825","-73.1499","101.1","2025-06-01","4.2",,"0.3","0.0","0.0",,"15.0","9.4","  270","  250","8.1","12.1",,,,,,,,
"USW00014742","BURLINGTON INTERNATIONAL AIRPORT, VT US","44.46825","-73.1499","101.1","2025-06-02",,,"0.3","0.0","0.0",,"22.8","9.4",,,,,,,,,,,,
"USW00014742","BURLINGTON INTERNATIONAL AIRPORT, VT US","44.46825","-73.1499","101.1","2025-06-03",,,"0.0","0.0","0.0",,"26.7","7.2",,,,,,,,,,,,
"USW00014742","BURLINGTON INTERNATIONAL AIRPORT, VT US","44.46825","-73.1499","101.1","2025-06-04",,,"0.0","0.0","0.0",,"31.1","18.9",,,,,,,,,,,,
"USW00014742","BURLINGTON INTERNATIONAL AIRPORT, VT US","44.46825","-73.1499","101.1","2025-06-05",,,"0.0","0.0","0.0",,"32.2","21.1",,,,,,,,,,,,
"USW00014742","BURLINGTON INTERNATIONAL AIRPORT, VT US","44.46825","-73.1499","101.1","2025-06-06","1.0",,"9.1","0.0","0.0",,"22.8","18.3","  340","   30","3.6","6.3","    1",,,,,,,
"USW00014742","BURLINGTON INTERNATIONAL AIRPORT, VT US","44.46825","-73.1499","101.1","2025-06-07","2.3",,"0.0","0.0","0.0",,"26.1","15.6","  340","  350","8.1","10.7","    1","    1",,,,,"    1",
"USW00014742","BURLINGTON INTERNATIONAL AIRPORT, VT US","44.46825","-73.1499","101.1","2025-06-08","1.5",,"0.0","0.0","0.0",,"26.7","13.3","  150","  140","4.0","7.2","    1","    1",,,,,"    1",
"USW00014742","BURLINGTON INTERNATIONAL AIRPORT, VT US","44.46825","-73.1499","101.1","2025-06-09","3.8",,"0.3","0.0","0.0",,"22.2","17.8","  130","  210","7.6","11.6",,,,,,,,
"USW00014742","BURLINGTON INTERNATIONAL AIRPORT, VT US","44.46825","-73.1499","101.1","2025-06-10","3.7",,"5.8","0.0","0.0",,"24.4","15.0","  190","  200","9.4","13.0","    1",,,,,,,
"USW00014742","BURLINGTON INTERNATIONAL AIRPORT, VT US","44.46825","-73.1499","101.1","2025-06-11","3.7",,"0.0","0.0","0.0",,"26.1","13.9","  190","  200","6.7","8.9",,,,,,,,
"USW00014742","BURLINGTON INTERNATIONAL AIRPORT, VT US","44.46825","-73.1499","101.1","2025-06-12","5.4",,"1.3","0.0","0.0",,"25.6","15.0","  350","  340","11.2","16.1",,,,,,,,
"USW00014742","BURLINGTON INTERNATIONAL AIRPORT, VT US","44.46825","-73.1499","101.1","2025-06-13","2.8",,"0.0","0.0","0.0",,"19.4","11.7","  330","  360","6.7","9.8",,,,,,,,
"USW00014742","BURLINGTON INTERNATIONAL AIRPORT, VT US","44.46825","-73.1499","101.1","2025-06-14","2.2",,"1.0","0.0","0.0",,"23.3","12.2","  330","  310","5.4","7.6","    1",,,,,,,
"USW00014742","BURLINGTON INTERNATIONAL AIRPORT, VT US","44.46825","-73.1499","101.1","2025-06-15","1.9",,"0.0","0.0","0.0",,"24.4","12.2","  280","  170","5.4","7.6",,,,,,,,
"USW00014742","BURLINGTON INTERNATIONAL AIRPORT, VT US","44.46825","-73.1499","101.1","2025-06-16","3.1",,"0.0","0.0","0.0",,"27.8","12.2","  200","  190","8.9","12.5",,,,,,,,
"USW00014742","BURLINGTON INTERNATIONAL AIRPORT, VT US","44.46825","-73.1499","101.1","2025-06-17","5.8",,"0.0","0.0","0.0",,"24.4","17.8","  200","  190","10.7","15.2",,,,,,,,
"USW00014742","BURLINGTON INTERNATIONAL AIRPORT, VT US","44.46825","-73.1499","101.1","2025-06-18","4.9",,"0.0","0.0","0.0",,"30.0","20.6","  190","  190","7.6","12.1",,,,,,,,
"USW00014742","BURLINGTON INTERNATIONAL AIRPORT, VT US","44.46825","-73.1499","101.1","2025-06-19","5.0",,"5.8","0.0","0.0",,"32.2","22.2","  190","  190","11.2","15.2","    1",,"    1",,,,,
"USW00014742","BURLINGTON INTERNATIONAL AIRPORT, VT US","44.46825","-73.1499","101.1","2025-06-20","4.7",,"5.1","0.0","0.0",,"25.0","14.4","  310","  320","10.7","16.1","    1",,,,,,,
"USW00014742","BURLINGTON INTERNATIONAL AIRPORT, VT US","44.46825","-73.1499","101.1","2025-06-21","2.2",,"0.0","0.0","0.0",,"28.3","12.2","  180","  170","6.7","9.8",,,,,,,,
"USW00014742","BURLINGTON INTERNATIONAL AIRPORT, VT US","44.46825","-73.1499","101.1","2025-06-22","3.9",,"14.2","0.0","0.0",,"31.1","21.1","  180","  170","10.3","16.1","    1",,"    1",,,,,
"USW00014742","BURLINGTON INTERNATIONAL AIRPORT, VT US","44.46825","-73.1499","101.1","2025-06-23","2.9",,"0.0","0.0","0.0",,"37.2","20.6","  200","  200","7.2","10.3",,,,,,,,
"USW00014742","BURLINGTON INTERNATIONAL AIRPORT, VT US","44.46825","-73.1499","101.1","2025-06-24","2.5",,"5.3","0.0","0.0",,"36.1","22.8","  310","  300","10.3","14.3",,,"    1",,,,,
"USW00014742","BURLINGTON INTERNATIONAL AIRPORT, VT US","44.46825","-73.1499","101.1","2025-06-25","2.7",,"0.8","0.0","0.0",,"30.0","19.4","  340","  360","7.6","9.8","    1",,,,,,,
"USW00014742","BURLINGTON INTERNATIONAL AIRPORT, VT US","44.46825","-73.1499","101.1","2025-06-26","2.6",,"0.0","0.0","0.0",,"22.8","14.4","  340","  330","5.8","7.2",,,,,,,,
"USW00014742","BURLINGTON INTERNATIONAL AIRPORT, VT US","44.46825","-73.1499","101.1","2025-06-27","4.2",,"0.0","0.0","0.0",,"27.2","12.2","  200","  180","12.5","18.8",,,,,,,,
"USW00014742","BURLINGTON INTERNATIONAL AIRPORT, VT US","44.46825","-73.1499","101.1","2025-06-28","6.2",,"1.3","0.0","0.0",,"27.8","17.8","  190","  200","12.5","19.7",,,"    1",,,,,
"USW00014742","BURLINGTON INTERNATIONAL AIRPORT, VT US","44.46825","-73.1499","101.1","2025-06-29","3.7",,"0.0","0.0","0.0",,"25.6","17.2","  330","  320","7.2","10.7",,,,,,,,
"USW00014742","BURLINGTON INTERNATIONAL AIRPORT, VT US","44.46825","-73.1499","101.1","2025-06-30","3.2",,"0.0","0.0","0.0",,"31.7","15.0","  180","  190","7.6","10.3",,,,,,,,
"USW00014742","BURLINGTON INTERNATIONAL AIRPORT, VT US","44.46825","-73.1499","101.1","2025-07-01","3.6",,"15.2","0.0","0.0",,"31.1","22.2","  190","  190","7.6","11.6","    1",,,,,,,
"USW00014742","BURLINGTON INTERNATIONAL AIRPORT, VT US","44.46825","-73.1499","101.1","2025-07-02","2.6",,"0.0","0.0","0.0",,"31.1","20.0","  350","  340","5.4","7.6",,,,,,,,
"USW00014742","BURLINGTON INTERNATIONAL AIRPORT, VT US","44.46825","-73.1499","101.1","2025-07-03","3.0",,"19.3","0.0","0.0",,"25.0","15.0","  350","  320","14.3","19.2","    1",,"    1",,,,,
"USW00014742","BURLINGTON INTERNATIONAL AIRPORT, VT US","44.46825","-73.1499","101.1","2025-07-04","2.9",,"0.0","0.0","0.0",,"24.4","13.3","  330","  360","7.6","10.7",,,,,,,,
"USW00014742","BURLINGTON INTERNATIONAL AIRPORT, VT US","44.46825","-73.1499","101.1","2025-07-05","3.4",,"0.0","0.0","0.0",,"27.2","13.3","  180","  180","7.2","10.3",,,,,,,,
"USW00014742","BURLINGTON INTERNATIONAL AIRPORT, VT US","44.46825","-73.1499","101.1","2025-07-06","5.0",,"0.3","0.0","0.0",,"33.3","23.3","  200","  210","8.9","13.0","    1",,,,,,,
"USW00014742","BURLINGTON INTERNATIONAL AIRPORT, VT US","44.46825","-73.1499","101.1","2025-07-07","5.6",,"25.7","0.0","0.0",,"33.3","18.9","  360","  300","12.5","17.0","    1",,"    1",,,,,
"USW00014742","BURLINGTON INTERNATIONAL AIRPORT, VT US","44.46825","-73.1499","101.1","2025-07-08","2.7",,"0.3","0.0","0.0",,"25.0","17.2","   10",,"5.8",,"    1",,,,,,,
"USW00014742","BURLINGTON INTERNATIONAL AIRPORT, VT US","44.46825","-73.1499","101.1","2025-07-09","1.7",,"0.0","0.0","0.0",,"28.3","16.7","  340","  350","5.4","7.6",,,,,,,,
"USW00014742","BURLINGTON INTERNATIONAL AIRPORT, VT US","44.46825","-73.1499","101.1","2025-07-10","1.9",,"0.5","0.0","0.0",,"30.0","19.4","  180","  190","6.3","8.1",,,"    1",,,,,
"USW00014742","BURLINGTON INTERNATIONAL AIRPORT, VT US","44.46825","-73.1499","101.1","2025-07-11","2.1",,"0.0","0.0","0.0",,"31.7","20.0","  220","  200","5.4","7.6",,,,,,,,
"USW00014742","BURLINGTON INTERNATIONAL AIRPORT, VT US","44.46825","-73.1499","101.1","2025-07-12","3.7",,"0.0","0.0","0.0",,"32.8","21.1","  180","  160","7.6","12.1",,,,,,,,
"USW00014742","BURLINGTON INTERNATIONAL AIRPORT, VT US","44.46825","-73.1499","101.1","2025-07-13","5.3",,"4.1","0.0","0.0",,"30.6","23.3","  200","  200","10.3","15.2","    1",,"    1",,,,,
"USW00014742","BURLINGTON INTERNATIONAL AIRPORT, VT US","44.46825","-73.1499","101.1","2025-07-14","3.1",,"12.2","0.0","0.0",,"29.4","22.8","  200","  190","7.2","10.3","    1",,"    1",,,,,
"USW00014742","BURLINGTON INTERNATIONAL AIRPORT, VT US","44.46825","-73.1499","101.1","2025-07-15","2.0",,"0.0","0.0","0.0",,"33.3","20.0","   10","  180","5.4","7.2","    1",,,,,,,
"USW00014742","BURLINGTON INTERNATIONAL AIRPORT, VT US","44.46825","-73.1499","101.1","2025-07-16","3.0",,"0.0","0.0","0.0",,"33.9","20.6","  190","  200","6.3","8.9",,,,,,,,
"USW00014742","BURLINGTON INTERNATIONAL AIRPORT, VT US","44.46825","-73.1499","101.1","2025-07-17","6.0",,"0.8","0.0","0.0",,"33.3","21.1","  200","  280","10.7","17.4",,,,,,,,
"USW00014742","BURLINGTON INTERNATIONAL AIRPORT, VT US","44.46825","-73.1499","101.1","2025-07-18","4.2",,"0.3","0.0","0.0",,"25.6","15.0","  330","  330","10.3","14.8",,,,,,,,
"USW00014742","BURLINGTON INTERNATIONAL AIRPORT, VT US","44.46825","-73.1499","101.1","2025-07-19","2.1",,"0.0","0.0","0.0",,"28.3","12.2","  210","  200","5.4","8.1",,,,,,,,
"USW00014742","BURLINGTON INTERNATIONAL AIRPORT, VT US","44.46825","-73.1499","101.1","2025-07-20","1.9",,"6.6","0.0","0.0",,"22.8","18.3","  360","  360","7.2","9.8","    1",,,,,,,
"USW00014742","BURLINGTON INTERNATIONAL AIRPORT, VT US","44.46825","-73.1499","101.1","2025-07-21","4.6",,"0.0","0.0","0.0",,"22.8","16.7","  320","  360","8.1","10.3",,,,,,,,
"USW00014742","BURLINGTON INTERNATIONAL AIRPORT, VT US","44.46825","-73.1499","101.1","2025-07-22","1.6",,"0.0","0.0","0.0",,"23.9","11.7","  340","  300","5.8","7.2",,,,,,,,
"USW00014742","BURLINGTON INTERNATIONAL AIRPORT, VT US","44.46825","-73.1499","101.1","2025-07-23","2.1",,"0.0","0.0","0.0",,"29.4","12.2","  190","  230","5.4","7.6",,,,,,,,
"USW00014742","BURLINGTON INTERNATIONAL AIRPORT, VT US","44.46825","-73.1499","101.1","2025-07-24","5.3",,"0.0","0.0","0.0",,"33.9","21.7","  200","  160","9.4","13.4",,,,,,,,
"USW00014742","BURLINGTON INTERNATIONAL AIRPORT, VT US","44.46825","-73.1499","101.1","2025-07-25","3.3",,"5.6","0.0","0.0",,"27.2","19.4","  360","  340","8.9","11.2","    1",,,,,,,
"USW00014742","BURLINGTON INTERNATIONAL AIRPORT, VT US","44.46825","-73.1499","101.1","2025-07-26","2.2",,"0.0","0.0","0.0",,"29.4","15.6","  190","  180","5.4","8.5","    1",,,,,,"    1",
"USW00014742","BURLINGTON INTERNATIONAL AIRPORT, VT US","44.46825","-73.1499","101.1","2025-07-27","3.7",,"10.2","0.0","0.0",,"26.7","20.0","  200","  190","8.1","13.0","    1",,,,,,"    1",
"USW00014742","BURLINGTON INTERNATIONAL AIRPORT, VT US","44.46825","-73.1499","101.1","2025-07-28","1.3",,"0.0","0.0","0.0",,"32.8","20.6","  190","  200","4.5","6.7","    1","    1",,,,,,
"USW00014742","BURLINGTON INTERNATIONAL AIRPORT, VT US","44.46825","-73.1499","101.1","2025-07-29","2.2",,"0.0","0.0","0.0",,"31.7","21.1","  360","  350","6.7","9.8",,,,,,,,
"USW00014742","BURLINGTON INTERNATIONAL AIRPORT, VT US","44.46825","-73.1499","101.1","2025-07-30","2.3",,"0.5","0.0","0.0",,"30.0","19.4","  360","   10","10.7","16.5",,,,,,,,
"USW00014742","BURLINGTON INTERNATIONAL AIRPORT, VT US","44.46825","-73.1499","101.1","2025-07-31","3.3",,"0.0","0.0","0.0",,"23.3","13.9","  340","  340","6.7","8.9",,,,,,,,
"USW00014742","BURLINGTON INTERNATIONAL AIRPORT, VT US","44.46825","-73.1499","101.1","2025-08-01","2.7",,"0.0","0.0","0.0",,"24.4","10.6","  340","  350","7.6","10.3","    1","    1",,,,,,
"USW00014742","BURLINGTON INTERNATIONAL AIRPORT, VT US","44.46825","-73.1499","101.1","2025-08-02","1.8",,"0.0","0.0","0.0",,"27.2","10.0","  320","  320","4.5","6.3",,,,,,,,
"USW00014742","BURLINGTON INTERNATIONAL AIRPORT, VT US","44.46825","-73.1499","101.1","2025-08-03","2.4",,"0.0","0.0","0.0",,"28.9","13.9","  200","  200","6.7","8.9",,,,,,,"    1",
"USW00014742","BURLINGTON INTERNATIONAL AIRPORT, VT US","44.46825","-73.1499","101.1","2025-08-04","2.4",,"0.0","0.0","0.0",,"28.9","15.6","  350","  350","6.7","8.5",,,,,,,"    1",
"USW00014742","BURLINGTON INTERNATIONAL AIRPORT, VT US","44.46825","-73.1499","101.1","2025-08-05","2.1",,"0.0","0.0","0.0",,"26.7","16.7","  340","  330","6.3","8.5","    1",,,,,,"    1",
"USW00014742","BURLINGTON INTERNATIONAL AIRPORT, VT US","44.46825","-73.1499","101.1","2025-08-06","1.7",,"0.0","0.0","0.0",,"29.4","15.0","  310","  330","5.4","7.2",,,,,,,,
"USW00014742","BURLINGTON INTERNATIONAL AIRPORT, VT US","44.46825","-73.1499","101.1","2025-08-07","1.9",,"0.0","0.0","0.0",,"30.6","17.8","  300","  250","5.4","7.2",,,,,,,,
"USW00014742","BURLINGTON INTERNATIONAL AIRPORT, VT US","44.46825","-73.1499","101.1","2025-08-08","1.9",,"0.0","0.0","0.0",,"30.6","17.8","  200","  200","6.7","9.8",,,,,,,,
"USW00014742","BURLINGTON INTERNATIONAL AIRPORT, VT US","44.46825","-73.1499","101.1","2025-08-09","2.9",,"0.0","0.0","0.0",,"32.8","18.3","  200","  190","6.7","9.8",,,,,,,,
"USW00014742","BURLINGTON INTERNATIONAL AIRPORT, VT US","44.46825","-73.1499","101.1","2025-08-10","3.0",,"0.0","0.0","0.0",,"35.0","18.9","  200","  190","6.3","8.5",,,,,,,,
"USW00014742","BURLINGTON INTERNATIONAL AIRPORT, VT US","44.46825","-73.1499","101.1","2025-08-11","2.6",,"0.0","0.0","0.0",,"35.6","20.0","  180","  190","5.8","8.1",,,,,,,,
"USW00014742","BURLINGTON INTERNATIONAL AIRPORT, VT US","44.46825","-73.1499","101.1","2025-08-12","2.2",,"0.0","0.0","0.0",,"36.7","18.9","  170","  170","5.8","8.1",,,,,,,,
"USW00014742","BURLINGTON INTERNATIONAL AIRPORT, VT US","44.46825","-73.1499","101.1","2025-08-13","2.2",,"8.1","0.0","0.0",,"30.6","21.1","  300","  320","8.1","12.1","    1",,,,,,,
"USW00014742","BURLINGTON INTERNATIONAL AIRPORT, VT US","44.46825","-73.1499","101.1","2025-08-14","2.6",,"0.0","0.0","0.0",,"28.9","18.3","  360","   30","7.6","10.3","    1",,,,,,,
"USW00014742","BURLINGTON INTERNATIONAL AIRPORT, VT US","44.46825","-73.1499","101.1","2025-08-15","1.4",,"0.0","0.0","0.0",,"29.4","14.4","  330","  320","5.4","6.7",,,,,,,,
"USW00014742","BURLINGTON INTERNATIONAL AIRPORT, VT US","44.46825","-73.1499","101.1","2025-08-16","1.6",,"0.0","0.0","0.0",,"32.2","14.4","  200","  200","5.4","7.6",,,,,,,,
"USW00014742","BURLINGTON INTERNATIONAL AIRPORT, VT US","44.46825","-73.1499","101.1","2025-08-17","3.3",,"2.0","0.0","0.0",,"29.4","12.2","  330","  350","10.3","13.0","    1",,,,,,,
"USW00014742","BURLINGTON INTERNATIONAL AIRPORT, VT US","44.46825","-73.1499","101.1","2025-08-18","3.0",,"0.0","0.0","0.0",,"21.1","9.4","  340","  330","7.6","10.3",,,,,,,,
"USW00014742","BURLINGTON INTERNATIONAL AIRPORT, VT US","44.46825","-73.1499","101.1","2025-08-19","3.1",,"0.0","0.0","0.0",,"23.9","11.1","  200","  210","7.2","10.3",,,,,,,,
"USW00014742","BURLINGTON INTERNATIONAL AIRPORT, VT US","44.46825","-73.1499","101.1","2025-08-20","3.8",,"0.0","0.0","0.0",,"21.7","13.9","  200","  190","6.7","11.2",,,,,,,,
"USW00014742","BURLINGTON INTERNATIONAL AIRPORT, VT US","44.46825","-73.1499","101.1","2025-08-21","2.5",,"0.0","0.0","0.0",,"26.7","11.1","  330","  340","7.6","10.7",,,,,,,,
"USW00014742","BURLINGTON INTERNATIONAL AIRPORT, VT US","44.46825","-73.1499","101.1","2025-08-22","1.6",,"0.0","0.0","0.0",,"29.4","12.8","  320","  330","6.3","8.9",,,,,,,,
"USW00014742","BURLINGTON INTERNATIONAL AIRPORT, VT US","44.46825","-73.1499","101.1","2025-08-23","4.6",,"0.0","0.0","0.0",,"31.1","15.6","  190","  200","10.7","16.1",,,,,,,,
"USW00014742","BURLINGTON INTERNATIONAL AIRPORT, VT US","44.46825","-73.1499","101.1","2025-08-24","6.7",,"0.5","0.0","0.0",,"26.7","19.4","  190","  200","11.2","17.4","    1",,,,,,,
"USW00014742","BURLINGTON INTERNATIONAL AIRPORT, VT US","44.46825","-73.1499","101.1","2025-08-25","2.6"," 1640","13.0","0.0","0.0",,"27.2","17.8","  290","  250","6.7","10.7","    1",,"    1",,,,,
"USW00014742","BURLINGTON INTERNATIONAL AIRPORT, VT US","44.46825","-73.1499","101.1","2025-08-26","2.3"," 1227","4.1","0.0","0.0",,"22.8","14.4","  280","  320","5.8","8.9",,,,,,,"    1",
"USW00014742","BURLINGTON INTERNATIONAL AIRPORT, VT US","44.46825","-73.1499","101.1","2025-08-27","2.8",,"0.0","0.0","0.0",,"22.8","12.2","  340","  350","8.0","11.6",,,,,,,,
"USW00014742","BURLINGTON INTERNATIONAL AIRPORT, VT US","44.46825","-73.1499","101.1","2025-08-28","4.9",,"0.0","0.0","0.0",,"25.6","11.1","  190","  180","8.9","13.9",,,,,,,,
"USW00014742","BURLINGTON INTERNATIONAL AIRPORT, VT US","44.46825","-73.1499","101.1","2025-08-29","2.6",,"8.4","0.0","0.0",,"19.4","13.9","  190","  210","6.3","9.4","    1",,,,,,,
"USW00014742","BURLINGTON INTERNATIONAL AIRPORT, VT US","44.46825","-73.1499","101.1","2025-08-30","2.0",,"6.1","0.0","0.0",,"17.8","11.7","  290","  280","5.8","8.0",,,,,,,,
"USW00014742","BURLINGTON INTERNATIONAL AIRPORT, VT US","44.46825","-73.1499","101.1","2025-08-31","1.7",,"0.0","0.0","0.0",,"25.0","10.0","  350","   10","5.8","8.5",,,,,,,,
"USW00014742","BURLINGTON INTERNATIONAL AIRPORT, VT US","44.46825","-73.1499","101.1","2025-09-01","1.5",,"0.0","0.0","0.0",,"26.1","11.7","  240","  250","4.5","6.3",,,,,,,,
"USW00014742","BURLINGTON INTERNATIONAL AIRPORT, VT US","44.46825","-73.1499","101.1","2025-09-02","1.7",,"0.0","0.0","0.0",,"27.8","13.3","  270","  300","5.4","7.2",,,,,,,,
"USW00014742","BURLINGTON INTERNATIONAL AIRPORT, VT US","44.46825","-73.1499","101.1","2025-09-03","2.1",,"0.0","0.0","0.0",,"27.8","13.3","  200","  180","6.7","10.7",,,,,,,,
"USW00014742","BURLINGTON INTERNATIONAL AIRPORT, VT US","44.46825","-73.1499","101.1","2025-09-04","5.6",,"22.1","0.0","0.0",,"29.4","15.6","  200","  180","10.7","14.8","    1",,,,,,,
"USW00014742","BURLINGTON INTERNATIONAL AIRPORT, VT US","44.46825","-73.1499","101.1","2025-09-05","4.7",,"7.4","0.0","0.0",,"26.1","14.4","  200","  200","9.8","14.3","    1",,,,,,,
"USW00014742","BURLINGTON INTERNATIONAL AIRPORT, VT US","44.46825","-73.1499","101.1","2025-09-06","1.9",,"15.2","0.0","0.0",,"23.3","12.8","  300","  290","10.3","13.9","    1",,,,,,,
"USW00014742","BURLINGTON INTERNATIONAL AIRPORT, VT US","44.46825","-73.1499","101.1","2025-09-07","2.3",,"0.3","0.0","0.0",,"21.7","10.6","  290","  290","8.0","11.6","    1","    1",,,,,,
"USW00014742","BURLINGTON INTERNATIONAL AIRPORT, VT US","44.46825","-73.1499","101.1","2025-09-08","1.7",,"0.0","0.0","0.0",,"21.1","8.9","  250","  280","4.5","7.2",,,,,,,,
"USW00014742","BURLINGTON INTERNATIONAL AIRPORT, VT US","44.46825","-73.1499","101.1","2025-09-09","2.2",,"0.0","0.0","0.0",,"23.9","7.8","  190","  190","6.3","8.9",,,,,,,,
"USW00014742","BURLINGTON INTERNATIONAL AIRPORT, VT US","44.46825","-73.1499","101.1","2025-09-10","1.6",,"0.0","0.0","0.0",,"25.0","11.1","  220","  320","4.5","6.3",,,,,,,,
"USW00014742","BURLINGTON INTERNATIONAL AIRPORT, VT US","44.46825","-73.1499","101.1","2025-09-11","2.1",,"0.0","0.0","0.0",,"23.9","9.4","  350","  350","7.6","11.2",,,,,,,,
"USW00014742","BURLINGTON INTERNATIONAL AIRPORT, VT US","44.46825","-73.1499","101.1","2025-09-12","1.0",,"0.0","0.0","0.0",,"22.8","8.9","  300","   30","4.0","7.2","    1","    1",,,,,,
"USW00014742","BURLINGTON INTERNATIONAL AIRPORT, VT US","44.46825","-73.1499","101.1","2025-09-13","1.9",,"0.0","0.0","0.0",,"23.9","10.6","  200","  200","6.7","8.9",,,,,,,,
"USW00014742","BURLINGTON INTERNATIONAL AIRPORT, VT US","44.46825","-73.1499","101.1","2025-09-14","1.9",,"0.0","0.0","0.0",,"25.6","13.3","  340","  310","6.3","8.0",,,,,,,,
"USW00014742","BURLINGTON INTERNATIONAL AIRPORT, VT US","44.46825","-73.1499","101.1","2025-09-15","1.5",,"0.0","0.0","0.0",,"24.4","11.7","  340","  320","4.5","7.2","    1",,,,,,,
"USW00014742","BURLINGTON INTERNATIONAL AIRPORT, VT US","44.46825","-73.1499","101.1","2025-09-16","1.5",,"0.0","0.0","0.0",,"25.0","10.0","  300","  330","4.5","6.7","    1",,,,,,,
"USW00014742","BURLINGTON INTERNATIONAL AIRPORT, VT US","44.46825","-73.1499","101.1","2025-09-17","1.6",,"0.0","0.0","0.0",,"22.8","13.3","  190","  190","4.0","5.8",,,,,,,,
"USW00014742","BURLINGTON INTERNATIONAL AIRPORT, VT US","44.46825","-73.1499","101.1","2025-09-18","2.1",,"0.0","0.0","0.0",,"28.3","12.2","  180","  190","5.4","7.6",,,,,,,,
"USW00014742","BURLINGTON INTERNATIONAL AIRPORT, VT US","44.46825","-73.1499","101.1","2025-09-19","4.4",,"0.0","0.0","0.0",,"20.6","11.7","  340","  360","9.8","13.0",,,,,,,,
"USW00014742","BURLINGTON INTERNATIONAL AIRPORT, VT US","44.46825","-73.1499","101.1","2025-09-20","2.5",,"0.0","0.0","0.0",,"17.2","3.9","  310","  350","6.3","8.9",,,,,,,,
"USW00014742","BURLINGTON INTERNATIONAL AIRPORT, VT US","44.46825","-73.1499","101.1","2025-09-21","3.4",,"0.0","0.0","0.0",,"24.4","3.3","  200","  210","8.9","13.0",,,,,,,,
"USW00014742","BURLINGTON INTERNATIONAL AIRPORT, VT US","44.46825","-73.1499","101.1","2025-09-22","5.1",,"0.5","0.0","0.0",,"24.4","13.9","  200","  210","9.4","14.3",,,,,,,,
"USW00014742","BURLINGTON INTERNATIONAL AIRPORT, VT US","44.46825","-73.1499","101.1","2025-09-23","2.1",,"7.9","0.0","0.0",,"19.4","16.1","  190",,"3.6",,"    1",,,,,,,
"USW00014742","BURLINGTON INTERNATIONAL AIRPORT, VT US","44.46825","-73.1499","101.1","2025-09-24","1.7",,"1.5","0.0","0.0",,"20.0","15.0","  150","  150","4.0","6.3","    1","    1",,,,,,
"USW00014742","BURLINGTON INTERNATIONAL AIRPORT, VT US","44.46825","-73.1499","101.1","2025-09-25","1.5",,"15.5","0.0","0.0",,"19.4","16.7","  130","  150","4.0","5.8","    1",,,,,,,
"USW00014742","BURLINGTON INTERNATIONAL AIRPORT, VT US","44.46825","-73.1499","101.1","2025-09-26","1.3",,"3.0","0.0","0.0",,"26.1","17.2","  360","  200","5.8","8.0","    1",,,,,,,
"USW00014742","BURLINGTON INTERNATIONAL AIRPORT, VT US","44.46825","-73.1499","101.1","2025-09-27","1.9",,"0.0","0.0","0.0",,"23.3","15.6","  190","  240","4.5","6.7",,,,,,,,
"USW00014742","BURLINGTON INTERNATIONAL AIRPORT, VT US","44.46825","-73.1499","101.1","2025-09-28","3.4",,"0.0","0.0","0.0",,"27.2","11.7","  330","  340","8.9","11.6",,,,,,,,
"USW00014742","BURLINGTON INTERNATIONAL AIRPORT, VT US","44.46825","-73.1499","101.1","2025-09-29","2.3",,"0.0","0.0","0.0",,"27.2","9.4","  200","  210","6.7","10.3",,,,,,,,
"USW00014742","BURLINGTON INTERNATIONAL AIRPORT, VT US","44.46825","-73.1499","101.1","2025-09-30","2.7",,"0.0","0.0","0.0",,"21.7","7.2","  350","  340","8.9","12.1",,,,,,,,
"USW00014742","BURLINGTON INTERNATIONAL AIRPORT, VT US","44.46825","-73.1499","101.1","2025-10-01","2.6",,"0.0","0.0","0.0",,"16.1","4.4","  330","  340","8.9","11.6",,,,,,,,
"USW00014742","BURLINGTON INTERNATIONAL AIRPORT, VT US","44.46825","-73.1499","101.1","2025-10-02","1.6",,"0.0","0.0","0.0",,"18.9","3.3","  150","  100","3.6","5.8",,,,,,,,
"USW00014742","BURLINGTON INTERNATIONAL AIRPORT, VT US","44.46825","-73.1499","101.1","2025-10-03","1.9",,"0.0","0.0","0.0",,"22.8","5.6","  190","  180","7.6","10.7",,,,,,,,
"USW00014742","BURLINGTON INTERNATIONAL AIRPORT, VT US","44.46825","-73.1499","101.1","2025-10-04","1.1",,"0.0","0.0","0.0",,"27.2","10.0","  190","  200","5.8","8.5",,,,,,,,
"USW00014742","BURLINGTON INTERNATIONAL AIRPORT, VT US","44.46825","-73.1499","101.1","2025-10-05","2.7",,"0.0","0.0","0.0",,"30.0","12.8","  200","  210","7.2","11.2",,,,,,,,
"USW00014742","BURLINGTON INTERNATIONAL AIRPORT, VT US","44.46825","-73.1499","101.1","2025-10-06","4.1",,"0.0","0.0","0.0",,"28.9","16.1","  200","  210","7.2","11.2",,,,,,,,
"USW00014742","BURLINGTON INTERNATIONAL AIRPORT, VT US","44.46825","-73.1499","101.1","2025-10-07","5.7",,"32.3","0.0","0.0",,"27.2","14.4","  200","  200","10.7","15.6","    1",,,,,,,
"USW00014742","BURLINGTON INTERNATIONAL AIRPORT, VT US","44.46825","-73.1499","101.1","2025-10-08","4.8",,"10.2","0.0","0.0",,"17.2","7.2","   10","   10","9.8","13.0","    1",,,,,,,
"USW00014742","BURLINGTON INTERNATIONAL AIRPORT, VT US","44.46825","-73.1499","101.1","2025-10-09","2.5",,"0.0","0.0","0.0",,"11.7","1.7","  340","  310","7.2","12.1",,,,,,,,
"USW00014742","BURLINGTON INTERNATIONAL AIRPORT, VT US","44.46825","-73.1499","101.1","2025-10-10","3.4",,"0.0","0.0","0.0",,"15.0","0.0","  190","  200","9.8","13.9",,,,,,,,
"USW00014742","BURLINGTON INTERNATIONAL AIRPORT, VT US","44.46825","-73.1499","101.1","2025-10-11","2.7",,"0.0","0.0","0.0",,"19.4","7.8","  200","  190","6.7","9.8",,,,,,,,
"USW00014742","BURLINGTON INTERNATIONAL AIRPORT, VT US","44.46825","-73.1499","101.1","2025-10-12","3.1",,"0.0","0.0","0.0",,"21.1","5.0","  120","  120","6.7","9.8",,,,,,,,
"USW00014742","BURLINGTON INTERNATIONAL AIRPORT, VT US","44.46825","-73.1499","101.1","2025-10-13","1.8",,"0.5","0.0","0.0",,"14.4","10.6","   10","  350","4.0","5.8",,,,,,,,
"USW00014742","BURLINGTON INTERNATIONAL AIRPORT, VT US","44.46825","-73.1499","101.1","2025-10-14","1.3",,"0.8","0.0","0.0",,"14.4","8.3","  340","  340","3.6","4.0","    1","    1",,,,,,
"USW00014742","BURLINGTON INTERNATIONAL AIRPORT, VT US","44.46825","-73.1499","101.1","2025-10-15","4.5",,"0.0","0.0","0.0",,"13.3","7.8","   10","   20","9.8","14.3","    1",,,,,,,
"USW00014742","BURLINGTON INTERNATIONAL AIRPORT, VT US","44.46825","-73.1499","101.1","2025-10-16","4.8",,"0.0","0.0","0.0",,"12.2","2.8","  340","  340","10.7","13.9",,,,,,,,
"USW00014742","BURLINGTON INTERNATIONAL AIRPORT, VT US","44.46825","-73.1499","101.1","2025-10-17","1.4",,"0.0","0.0","0.0",,"13.9","0.0","  350","  340","6.3","8.5",,,,,,,,
"USW00014742","BURLINGTON INTERNATIONAL AIRPORT, VT US","44.46825","-73.1499","101.1","2025-10-18","2.5",,"0.0","0.0","0.0",,"16.1","1.7","  180","  210","7.6","11.2",,,,,,,,
"USW00014742","BURLINGTON INTERNATIONAL AIRPORT, VT US","44.46825","-73.1499","101.1","2025-10-19","5.9",,"0.0","0.0","0.0",,"24.4","12.8","  190","  190","11.6","17.4",,,,,,,,
"USW00014742","BURLINGTON INTERNATIONAL AIRPORT, VT US","44.46825","-73.1499","101.1","2025-10-20","5.0",,"33.5","0.0","0.0",,"20.6","11.1","  140","  130","10.3","15.2","    1",,,,,,,
"USW00014742","BURLINGTON INTERNATIONAL AIRPORT, VT US","44.46825","-73.1499","101.1","2025-10-21","3.1",,"7.6","0.0","0.0",,"16.7","9.4","  190","  190","7.2","10.3","    1",,,,,,,
"USW00014742","BURLINGTON INTERNATIONAL AIRPORT, VT US","44.46825","-73.1499","101.1","2025-10-22","2.1",,"20.1","0.0","0.0",,"14.4","8.3","  220","  240","9.4","14.8","    1",,"    1",,,,,
"USW00014742","BURLINGTON INTERNATIONAL AIRPORT, VT US","44.46825","-73.1499","101.1","2025-10-23","3.7",,"2.0","0.0","0.0",,"13.3","8.3","  200","  190","7.6","12.1",,,,,,,,
"USW00014742","BURLINGTON INTERNATIONAL AIRPORT, VT US","44.46825","-73.1499","101.1","2025-10-24","1.7",,"4.3","0.0","0.0",,"11.1","6.7","  320","  320","5.4","7.6","    1",,,,,,,
"USW00014742","BURLINGTON INTERNATIONAL AIRPORT, VT US","44.46825","-73.1499","101.1","2025-10-25","1.4",,"0.0","0.0","0.0",,"11.7","6.1","  330","  320","5.8","7.2",,,,,,,,
"USW00014742","BURLINGTON INTERNATIONAL AIRPORT, VT US","44.46825","-73.1499","101.1","2025-10-26","1.9",,"0.0","0.0","0.0",,"10.0","3.9","  340","   40","5.8","7.6",,,,,,,,
"USW00014742","BURLINGTON INTERNATIONAL AIRPORT, VT US","44.46825","-73.1499","101.1","2025-10-27","1.9",,"0.0","0.0","0.0",,"10.6","5.0","  330","  330","6.3","8.5",,,,,,,,
"USW00014742","BURLINGTON INTERNATIONAL AIRPORT, VT US","44.46825","-73.1499","101.1","2025-10-28","2.4",,"0.0","0.0","0.0",,"12.8","1.1","  320","  320","7.6","9.8",,,,,,,,
"USW00014742","BURLINGTON INTERNATIONAL AIRPORT, VT US","44.46825","-73.1499","101.1","2025-10-29","0.8",,"0.0","0.0","0.0",,"13.3","-1.1","  320","  330","4.5","5.8",,,,,,,,
"USW00014742","BURLINGTON INTERNATIONAL AIRPORT, VT US","44.46825","-73.1499","101.1","2025-10-30","2.5",,"9.9","0.0","0.0",,"10.6","1.1","  110","  120","7.2","9.4","    1",,,,,,,
"USW00014742","BURLINGTON INTERNATIONAL AIRPORT, VT US","44.46825","-73.1499","101.1","2025-10-31","4.3",,"38.1","0.0","0.0",,"11.1","6.1","  270","  250","10.3","16.5","    1",,"    1",,,,,
"USW00014742","BURLINGTON INTERNATIONAL AIRPORT, VT US","44.46825","-73.1499","101.1","2025-11-01","5.9",,"0.3","0.0","0.0",,"7.2","6.1","  290","  260","10.7","16.5",,,,,,,,
"USW00014742","BURLINGTON INTERNATIONAL AIRPORT, VT US","44.46825","-73.1499","101.1","2025-11-02","1.8",,"0.0","0.0","0.0",,"8.9","-0.6","  320","  320","5.8","8.0",,,,,,,,
"USW00014742","BURLINGTON INTERNATIONAL AIRPORT, VT US","44.46825","-73.1499","101.1","2025-11-03","4.9",,"1.8","0.0","0.0",,"14.4","-0.6","  180","  190","10.3","16.1",,,,,,,,
"USW00014742","BURLINGTON INTERNATIONAL AIRPORT, VT US","44.46825","-73.1499","101.1","2025-11-04","5.4",,"0.0","0.0","0.0",,"12.8","5.6","  310","  280","11.2","17.4",,,,,,,,
"USW00014742","BURLINGTON INTERNATIONAL AIRPORT, VT US","44.46825","-73.1499","101.1","2025-11-05","3.5",,"10.4","0.0","0.0",,"7.2","3.3","  350","  340","10.7","13.4",,,,,,,,
"USW00014742","BURLINGTON INTERNATIONAL AIRPORT, VT US","44.46825","-73.1499","101.1","2025-11-06","5.4",,"1.3","0.0","0.0",,"7.8","1.1","  320","  330","13.0","17.4",,,,,,,,
"USW00014742","BURLINGTON INTERNATIONAL AIRPORT, VT US","44.46825","-73.1499","101.1","2025-11-07","4.4",,"0.8","0.0","0.0",,"11.1","-2.8","  190","  180","10.3","16.1",,,,,,,,
"USW00014742","BURLINGTON INTERNATIONAL AIRPORT, VT US","44.46825","-73.1499","101.1","2025-11-08","4.9",,"0.0","0.0","0.0",,"11.7","1.1","  340","  280","9.8","15.2",,,,,,,,
"USW00014742","BURLINGTON INTERNATIONAL AIRPORT, VT US","44.46825","-73.1499","101.1","2025-11-09","1.5",,"7.9","3.0","0.0",,"3.3","0.6","  300","  300","3.6","5.4","    1",,,,,,,
"USW00014742","BURLINGTON INTERNATIONAL AIRPORT, VT US","44.46825","-73.1499","101.1","2025-11-10","4.2",,"19.3","122.0","0.0",,"4.4","-1.1","  360","  310","8.9","11.6","    1",,,,,,,
"USW00014742","BURLINGTON INTERNATIONAL AIRPORT, VT US","44.46825","-73.1499","101.1","2025-11-11","3.7",,"2.3","38.0","127.0",,"1.1","-1.7","  300","  310","9.8","15.2","    1",,,,,"    1",,
"USW00014742","BURLINGTON INTERNATIONAL AIRPORT, VT US","44.46825","-73.1499","101.1","2025-11-12","4.6",,"2.5","3.0","127.0",,"2.8","-1.1","  190","  290","7.6","11.6","    1",,,,,,,
"USW00014742","BURLINGTON INTERNATIONAL AIRPORT, VT US","44.46825","-73.1499","101.1","2025-11-13","2.2",,"1.3","0.0","25.0",,"4.4","1.7","  310","  320","7.2","11.6","    1",,,,,,,
"USW00014742","BURLINGTON INTERNATIONAL AIRPORT, VT US","44.46825","-73.1499","101.1","2025-11-14","2.6",,"0.8","0.0","0.0",,"5.6","1.1","  340","  320","6.3","8.5","    1",,,,,,,
"USW00014742","BURLINGTON INTERNATIONAL AIRPORT, VT US","44.46825","-73.1499","101.1","2025-11-15","2.9",,"5.8","0.0","0.0",,"3.9","0.6","  180","  170","8.9","15.2","    1",,,,,,,
"USW00014742","BURLINGTON INTERNATIONAL AIRPORT, VT US","44.46825","-73.1499","101.1","2025-11-16","5.3",,"3.3","0.0","0.0",,"5.0","0.0","  290","  320","10.3","17.9","    1",,,,,,,
"USW00014742","BURLINGTON INTERNATIONAL AIRPORT, VT US","44.46825","-73.1499","101.1","2025-11-17","5.8",,"0.0","0.0","0.0",,"1.7","-0.6","  300","  310","9.8","14.8",,,,,,,,
"USW00014742","BURLINGTON INTERNATIONAL AIRPORT, VT US","44.46825","-73.1499","101.1","2025-11-18","3.6",,"0.0","0.0","0.0",,"4.4","-3.3","  330","  300","7.6","11.6",,,,,,,,
"USW00014742","BURLINGTON INTERNATIONAL AIRPORT, VT US","44.46825","-73.1499","101.1","2025-11-19","1.2",,"0.0","0.0","0.0",,"5.0","-6.1","  360","  340","4.0","5.4",,,,,,,,
"USW00014742","BURLINGTON INTERNATIONAL AIRPORT, VT US","44.46825","-73.1499","101.1","2025-11-20","1.1",,"0.0","0.0","0.0",,"3.9","-5.0","  100","  170","3.6","4.9","    1",,,,,,,
"USW00014742","BURLINGTON INTERNATIONAL AIRPORT, VT US","44.46825","-73.1499","101.1","2025-11-21","3.9",,"1.3","3.0","0.0",,"5.6","-2.8","  190","  200","8.0","12.5","    1",,,,,,,
"USW00014742","BURLINGTON INTERNATIONAL AIRPORT, VT US","44.46825","-73.1499","101.1","2025-11-22","1.9",,"0.0","0.0","0.0",,"6.1","-3.9","  330","  310","8.0","10.7","    1",,,,,,,
"USW00014742","BURLINGTON INTERNATIONAL AIRPORT, VT US","44.46825","-73.1499","101.1","2025-11-23","1.6",,"1.5","18.0","0.0",,"1.7","-4.4","  200","  190","5.8","8.5","    1",,,,,,,
"USW00014742","BURLINGTON INTERNATIONAL AIRPORT, VT US","44.46825","-73.1499","101.1","2025-11-24","1.4",,"0.3","0.0","0.0",,"5.6","-1.1","  330","  330","8.0","9.8","    1",,,,,,,
"USW00014742","BURLINGTON INTERNATIONAL AIRPORT, VT US","44.46825","-73.1499","101.1","2025-11-25","5.3",,"3.0","0.0","0.0",,"10.6","2.8","  200","  200","9.4","14.3",,,,,,,,
"USW00014742","BURLINGTON INTERNATIONAL AIRPORT, VT US","44.46825","-73.1499","101.1","2025-11-26","1.6",,"8.4","0.0","0.0",,"12.2","5.6","  300","  290","11.6","16.1","    1",,,,,,,
"USW00014742","BURLINGTON INTERNATIONAL AIRPORT, VT US","44.46825","-73.1499","101.1","2025-11-27","5.1",,"0.0","0.0","0.0",,"6.7","2.2","  190","  200","9.8","14.3",,,,,,,,
"USW00014742","BURLINGTON INTERNATIONAL AIRPORT, VT US","44.46825","-73.1499","101.1","2025-11-28","6.0",,"0.8","8.0","0.0",,"2.8","-1.1","  260","  290","9.8","14.3","    1",,,,,,,
"USW00014742","BURLINGTON INTERNATIONAL AIRPORT, VT US","44.46825","-73.1499","101.1","2025-11-29","4.3",,"0.0","0.0","0.0",,"2.2","-3.9","  290","  300","9.4","13.9",,,,,,,,
"USW00014742","BURLINGTON INTERNATIONAL AIRPORT, VT US","44.46825","-73.1499","101.1","2025-11-30","4.7",,"0.0","5.0","0.0",,"3.3","-2.2","  190","  180","10.3","14.8","    1",,,,,,,
"USW00014742","BURLINGTON INTERNATIONAL AIRPORT, VT US","44.46825","-73.1499","101.1","2025-12-01","4.2",,"0.0","0.0","0.0",,"3.9","-7.2","  300","  280","10.3","16.5",,,,,,,,
"USW00014742","BURLINGTON INTERNATIONAL AIRPORT, VT US","44.46825","-73.1499","101.1","2025-12-02","2.4",,"6.4","97.0","0.0",,"-2.2","-7.2","  350","   10","6.7","8.9","    1",,,,,,,
"USW00014742","BURLINGTON INTERNATIONAL AIRPORT, VT US","44.46825","-73.1499","101.1","2025-12-03","4.3",,"0.0","0.0","102.0",,"-1.1","-7.2","  190","  200","8.9","13.0","    1",,,,,,"    1",
"USW00014742","BURLINGTON INTERNATIONAL AIRPORT, VT US","44.46825","-73.1499","101.1","2025-12-04","5.9",,"1.3","43.0","102.0",,"0.0","-15.0","  320","  340","13.0","18.3","    1",,,,,,"    1","    1"
"USW00014742","BURLINGTON INTERNATIONAL AIRPORT, VT US","44.46825","-73.1499","101.1","2025-12-05","3.4",,"0.0","0.0","102.0",,"-6.1","-20.0","  190","  210","8.0","13.0",,,,,,,,
"USW00014742","BURLINGTON INTERNATIONAL AIRPORT, VT US","44.46825","-73.1499","101.1","2025-12-06","3.5",,"0.0","0.0","102.0",,"1.7","-11.7","  340","  340","10.3","13.4",,,,,,,,
"USW00014742","BURLINGTON INTERNATIONAL AIRPORT, VT US","44.46825","-73.1499","101.1","2025-12-07","2.6",,"3.3","79.0","102.0",,"-0.6","-8.9","  350","  330","9.4","14.3","    1",,,,,,,
"USW00014742","BURLINGTON INTERNATIONAL AIRPORT, VT US","44.46825","-73.1499","101.1","2025-12-08","2.5",,"0.3","13.0","152.0",,"-8.3","-19.4","  330","  340","11.2","14.8","    1",,,,,,"    1","    1"
"USW00014742","BURLINGTON INTERNATIONAL AIRPORT, VT US","44.46825","-73.1499","101.1","2025-12-09","4.1",,"0.0","0.0","127.0",,"-4.4","-21.7","  190","  190","10.7","17.4",,,,,,,,"    1"
"USW00014742","BURLINGTON INTERNATIONAL AIRPORT, VT US","44.46825","-73.1499","101.1","2025-12-10","6.1",,"3.8","46.0","127.0",,"2.2","-4.4","  190","  180","9.8","14.3","    1",,,,,,,"    1"
"USW00014742","BURLINGTON INTERNATIONAL AIRPORT, VT US","44.46825","-73.1499","101.1","2025-12-11","6.0",,"0.8","5.0","127.0",,"2.2","-7.8","  330","  250","10.7","16.5","    1",,,,,,,
"USW00014742","BURLINGTON INTERNATIONAL AIRPORT, VT US","44.46825","-73.1499","101.1","2025-12-12","5.0",,"0.0","0.0","127.0",,"-2.2","-7.8","  280","  280","9.8","14.8","    1",,,,,,,
"USW00014742","BURLINGTON INTERNATIONAL AIRPORT, VT US","44.46825","-73.1499","101.1","2025-12-13","3.7",,"0.0","0.0","127.0",,"-0.6","-6.7","  190","  180","9.8","13.9","    1",,,,,,,
"USW00014742","BURLINGTON INTERNATIONAL AIRPORT, VT US","44.46825","-73.1499","101.1","2025-12-14","4.3",,"0.8","25.0","127.0",,"-1.7","-11.1","  330","  320","11.2","13.4","    1","    1",,,,,"    1","    1"
"USW00014742","BURLINGTON INTERNATIONAL AIRPORT, VT US","44.46825","-73.1499","101.1","2025-12-15","3.4",,"0.3","3.0","127.0",,"-5.0","-12.2","  320","  300","7.6","10.3",,,,,,,"    1",
"USW00014742","BURLINGTON INTERNATIONAL AIRPORT, VT US","44.46825","-73.1499","101.1","2025-12-16","5.5",,"0.0","0.0","127.0",,"-1.1","-5.6","  190","  200","10.7","15.6",,,,,,,,
"USW00014742","BURLINGTON INTERNATIONAL AIRPORT, VT US","44.46825","-73.1499","101.1","2025-12-17","6.7",,"0.0","0.0","127.0",,"5.0","-1.1","  200","  190","12.5","19.2",,,,,,,,
"USW00014742","BURLINGTON INTERNATIONAL AIRPORT, VT US","44.46825","-73.1499","101.1","2025-12-18","5.1",,"0.0","0.0","102.0",,"8.3","-5.0","  190","  190","12.5","17.4",,,,,,,,
"USW00014742","BURLINGTON INTERNATIONAL AIRPORT, VT US","44.46825","-73.1499","101.1","2025-12-19","5.9",,"21.3","0.0","25.0",,"17.2","-0.6","  180","  190","14.8","22.4","    1",,,,,,,
"USW00014742","BURLINGTON INTERNATIONAL AIRPORT, VT US","44.46825","-73.1499","101.1","2025-12-20","6.7",,"0.0","5.0","0.0",,"2.2","-6.1","  190","  200","13.9","19.7","    1",,,,,,,
"USW00014742","BURLINGTON INTERNATIONAL AIRPORT, VT US","44.46825","-73.1499","101.1","2025-12-21","7.2",,"0.0","5.0","0.0",,"3.9","-7.8","  240","  250","13.9","21.5",,,,,,,,
"USW00014742","BURLINGTON INTERNATIONAL AIRPORT, VT US","44.46825","-73.1499","101.1","2025-12-22","2.8",,"1.3","33.0","0.0",,"-2.8","-9.4","  310","  310","6.7","9.4",,,,,,,,
"USW00014742","BURLINGTON INTERNATIONAL AIRPORT, VT US","44.46825","-73.1499","101.1","2025-12-23","1.7",,"4.8","91.0","25.0",,"1.1","-3.9","  190","  200","7.2","11.2","    1",,,,,,,
"USW00014742","BURLINGTON INTERNATIONAL AIRPORT, VT US","44.46825","-73.1499","101.1","2025-12-24","3.8",,"2.0","23.0","127.0",,"1.7","-5.0","  360","  360","8.9","11.6","    1",,,,,,"    1",
"USW00014742","BURLINGTON INTERNATIONAL AIRPORT, VT US","44.46825","-73.1499","101.1","2025-12-25","6.3",,"1.8","25.0","127.0",,"-2.2","-11.7","  330","  330","13.9","18.3","    1",,,,,,,"    1"
"USW00014742","BURLINGTON INTERNATIONAL AIRPORT, VT US","44.46825","-73.1499","101.1","2025-12-26","1.9",,"0.5","5.0","127.0",,"-11.7","-16.7","   30","  350","7.2","10.3","    1",,,,,,,
"USW00014742","BURLINGTON INTERNATIONAL AIRPORT, VT US","44.46825","-73.1499","101.1","2025-12-27","2.0",,"1.0","13.0","127.0",,"-8.3","-15.6","  340","  330","5.4","6.7","    1",,,,,,,
"USW00014742","BURLINGTON INTERNATIONAL AIRPORT, VT US","44.46825","-73.1499","101.1","2025-12-28","2.4",,"3.6","0.0","102.0",,"0.0","-17.2","  190","  200","7.6","12.1","    1",,,,,"    1","    1",
"USW00014742","BURLINGTON INTERNATIONAL AIRPORT, VT US","44.46825","-73.1499","101.1","2025-12-29","5.2",,"18.8","0.0","76.0",,"3.3","-3.3","  130","  280","10.3","16.5","    1",,,,,"    1",,
"USW00014742","BURLINGTON INTERNATIONAL AIRPORT, VT US","44.46825","-73.1499","101.1","2025-12-30","6.6",,"0.0","0.0","51.0",,"-3.3","-10.6","  260","  320","10.7","17.9",,,,,,,,
"USW00014742","BURLINGTON INTERNATIONAL AIRPORT, VT US","44.46825","-73.1499","101.1","2025-12-31","4.6",,"0.0","0.0","51.0",,"-2.2","-13.3","  300","  290","10.7","18.8",,,,,,,,
"USW00014742","BURLINGTON INTERNATIONAL AIRPORT, VT US","44.46825","-73.1499","101.1","2026-01-01","5.1",,"0.0","0.0","51.0",,"-3.3","-15.0","  290","  300","10.3","15.6","    1",,,,,,"    1",
"USW00014742","BURLINGTON INTERNATIONAL AIRPORT, VT US","44.46825","-73.1499","101.1","2026-01-02","2.3",,"0.0","0.0","51.0",,"-6.1","-16.1","  280","  280","7.2","11.6",,,,,,,,
"USW00014742","BURLINGTON INTERNATIONAL AIRPORT, VT US","44.46825","-73.1499","101.1","2026-01-03","3.1",,"0.3","10.0","51.0",,"-7.2","-11.1","  340","  330","6.7","9.4","    1",,,,,,,
"USW00014742","BURLINGTON INTERNATIONAL AIRPORT, VT US","44.46825","-73.1499","101.1","2026-01-04","2.5",,"0.0","0.0","51.0",,"-8.9","-13.9","  350","   30","4.5","6.3",,,,,,,,
"USW00014742","BURLINGTON INTERNATIONAL AIRPORT, VT US","44.46825","-73.1499","101.1","2026-01-05","2.0",,"4.1","74.0","51.0",,"-4.4","-16.1","  200","  190","5.8","8.0","    1",,,,,,,
"USW00014742","BURLINGTON INTERNATIONAL AIRPORT, VT US","44.46825","-73.1499","101.1","2026-01-06","1.3",,"3.3","38.0","127.0",,"0.0","-6.7","  130","  140","5.8","7.6","    1",,,,,,"    1",
"USW00014742","BURLINGTON INTERNATIONAL AIRPORT, VT US","44.46825","-73.1499","101.1","2026-01-07","2.7",,"6.4","66.0","203.0",,"2.2","-1.1","  350","  350","7.2","8.5","    1",,,,,,"    1",
"USW00014742","BURLINGTON INTERNATIONAL AIRPORT, VT US","44.46825","-73.1499","101.1","2026-01-08","0.7",,"0.3","3.0","178.0",,"4.4","-3.9","  160","  100","2.7","3.6","    1",,,,,,,
"USW00014742","BURLINGTON INTERNATIONAL AIRPORT, VT US","44.46825","-73.1499","101.1","2026-01-09","7.1",,"0.0","0.0","178.0",,"9.4","-4.4","  190","  180","13.9","22.4",,,,,,,,
"USW00014742","BURLINGTON INTERNATIONAL AIRPORT, VT US","44.46825","-73.1499","101.1","2026-01-10","2.6",,"8.6","3.0","51.0",,"7.2","0.6","  290","  280","8.9","14.3","    1",,,"    1",,,,
"USW00014742","BURLINGTON INTERNATIONAL AIRPORT, VT US","44.46825","-73.1499","101.1","2026-01-11","4.2",,"6.1","0.0","51.0",,"5.0","-5.0","  300","  290","10.7","17.9","    1",,,,,,,
"USW00014742","BURLINGTON INTERNATIONAL AIRPORT, VT US","44.46825","-73.1499","101.1","2026-01-12","4.8",,"0.0","0.0","25.0",,"1.1","-6.1","  300","  300","10.7","16.1",,,,,,,,
"USW00014742","BURLINGTON INTERNATIONAL AIRPORT, VT US","44.46825","-73.1499","101.1","2026-01-13","5.9",,"0.0","0.0","0.0",,"5.0","0.6","  190","  190","10.7","16.1",,,,,,,,
"USW00014742","BURLINGTON INTERNATIONAL AIRPORT, VT US","44.46825","-73.1499","101.1","2026-01-14","5.2",,"0.3","0.0","0.0",,"7.8","3.3","  190","  180","10.3","16.1",,,,,,,,
"USW00014742","BURLINGTON INTERNATIONAL AIRPORT, VT US","44.46825","-73.1499","101.1","2026-01-15","3.8",,"8.4","18.0","25.0",,"3.3","-8.3","  330","  360","7.6","9.8","    1",,,,,"    1",,
"USW00014742","BURLINGTON INTERNATIONAL AIRPORT, VT US","44.46825","-73.1499","101.1","2026-01-16","3.5",,"0.3","3.0","25.0",,"-6.1","-12.8","  320","  330","10.3","15.6","    1",,,,,,,
"USW00014742","BURLINGTON INTERNATIONAL AIRPORT, VT US","44.46825","-73.1499","101.1","2026-01-17","4.5",,"0.8","18.0","25.0",,"-0.6","-7.8","  200","  180","8.9","12.5","    1",,,,,,,"    1"
"USW00014742","BURLINGTON INTERNATIONAL AIRPORT, VT US","44.46825","-73.1499","101.1","2026-01-18","3.3",,"0.0","0.0","25.0",,"0.6","-3.3","  200","  210","8.9","12.5",,,,,,,,
"USW00014742","BURLINGTON INTERNATIONAL AIRPORT, VT US","44.46825","-73.1499","101.1","2026-01-19","4.2",,"0.0","0.0","25.0",,"-1.7","-6.1","  250","  260","10.7","16.1",,,,,,,,
"USW00014742","BURLINGTON INTERNATIONAL AIRPORT, VT US","44.46825","-73.1499","101.1","2026-01-20","5.1",,"0.0","0.0","25.0",,"-5.6","-9.4","  290","  300","9.4","13.9",,,,,,,,
"USW00014742","BURLINGTON INTERNATIONAL AIRPORT, VT US","44.46825","-73.1499","101.1","2026-01-21","6.7",,"0.0","3.0","25.0",,"-3.3","-10.6","  190","  200","11.2","17.4",,,,,,,,
"USW00014742","BURLINGTON INTERNATIONAL AIRPORT, VT US","44.46825","-73.1499","101.1","2026-01-22","5.3",,"1.3","20.0","25.0",,"1.7","-4.4","  250","  250","11.2","18.8","    1","    1",,,,,"    1","    1"
"USW00014742","BURLINGTON INTERNATIONAL AIRPORT, VT US","44.46825","-73.1499","101.1","2026-01-23","6.3",,"0.0","3.0","25.0",,"-4.4","-17.2","  310","  300","10.7","17.9","    1",,,,,,"    1","    1"
"USW00014742","BURLINGTON INTERNATIONAL AIRPORT, VT US","44.46825","-73.1499","101.1","2026-01-24","3.1",,"0.0","0.0","25.0",,"-16.1","-22.2","  300","  290","10.7","14.8",,,,,,,,
"USW00014742","BURLINGTON INTERNATIONAL AIRPORT, VT US","44.46825","-73.1499","101.1","2026-01-25","1.7",,"11.7","178.0","25.0",,"-14.4","-22.2","  340","   80","4.0","5.4","    1",,,,,,,
"USW00014742","BURLINGTON INTERNATIONAL AIRPORT, VT US","44.46825","-73.1499","101.1","2026-01-26","2.3",,"3.8","218.0","330.0",,"-11.1","-15.0","  310","  340","5.8","8.0","    1",,,,,,,
"USW00014742","BURLINGTON INTERNATIONAL AIRPORT, VT US","44.46825","-73.1499","101.1","2026-01-27","3.3",,"0.0","15.0","305.0",,"-8.9","-20.0","  300","  300","7.2","11.2","    1",,,,,,"    1",
"USW00014742","BURLINGTON INTERNATIONAL AIRPORT, VT US","44.46825","-73.1499","101.1","2026-01-28","2.3",,"0.0","3.0","254.0",,"-7.2","-12.8","  180","  280","5.8","8.5","    1",,,,,,,
"USW00014742","BURLINGTON INTERNATIONAL AIRPORT, VT US","44.46825","-73.1499","101.1","2026-01-29","3.4",,"0.3","15.0","229.0",,"-7.8","-16.1","  300","  300","9.4","13.4","    1",,,,,,"    1","    1"
"USW00014742","BURLINGTON INTERNATIONAL AIRPORT, VT US","44.46825","-73.1499","101.1","2026-01-30","3.8",,"0.0","0.0","203.0",,"-13.9","-19.4","  300","  310","8.0","11.6",,,,,,,,
"USW00014742","BURLINGTON INTERNATIONAL AIRPORT, VT US","44.46825","-73.1499","101.1","2026-01-31","2.4",,"0.0","0.0","178.0",,"-10.0","-15.6","   10","   40","5.4","7.2","    1",,,,,,"    1",
"USW00014742","BURLINGTON INTERNATIONAL AIRPORT, VT US","44.46825","-73.1499","101.1","2026-02-01","3.6",,"0.0","5.0","178.0",,"-10.6","-18.9","  350","  340","7.6","9.8","    1",,,,,,"    1",
"USW00014742","BURLINGTON INTERNATIONAL AIRPORT, VT US","44.46825","-73.1499","101.1","2026-02-02","0.8",,"0.0","0.0","178.0",,"-3.3","-21.7","  250","   10","3.6","4.9",,,,,,,,
"USW00014742","BURLINGTON INTERNATIONAL AIRPORT, VT US","44.46825","-73.1499","101.1","2026-02-03","1.1",,"0.0","0.0","152.0",,"-1.1","-18.9","  200","  200","4.0","5.4",,,,,,,,
"USW00014742","BURLINGTON INTERNATIONAL AIRPORT, VT US","44.46825","-73.1499","101.1","2026-02-04","2.1",,"0.0","8.0","152.0",,"-1.7","-11.7","  310","  300","6.3","8.0",,,,,,,"    1",
"USW00014742","BURLINGTON INTERNATIONAL AIRPORT, VT US","44.46825","-73.1499","101.1","2026-02-05","1.5",,"0.0","0.0","152.0",,"-3.9","-14.4","  360","   10","4.0","5.8",,,,,,,,
"USW00014742","BURLINGTON INTERNATIONAL AIRPORT, VT US","44.46825","-73.1499","101.1","2026-02-06","2.1",,"0.0","0.0","152.0",,"-1.7","-17.8","  190","  200","6.7","9.4","    1",,,,,,"    1",
"USW00014742","BURLINGTON INTERNATIONAL AIRPORT, VT US","44.46825","-73.1499","101.1","2026-02-07","5.0",,"2.8","69.0","178.0",,"-7.2","-17.8","  330","  330","10.3","13.4","    1","    1",,,,,,"    1"
"USW00014742","BURLINGTON INTERNATIONAL AIRPORT, VT US","44.46825","-73.1499","101.1","2026-02-08","3.4",,"0.0","3.0","203.0",,"-15.0","-21.7","   10","   20","6.3","8.5","    1",,,,,,,
"USW00014742","BURLINGTON INTERNATIONAL AIRPORT, VT US","44.46825","-73.1499","101.1","2026-02-09","0.9",,"0.0","0.0","178.0",,"-7.2","-24.4","  250","  250","3.6","4.9",,,,,,,,
"USW00014742","BURLINGTON INTERNATIONAL AIRPORT, VT US","44.46825","-73.1499","101.1","2026-02-10","3.4",,"7.4","97.0","178.0",,"-0.6","-17.8","  200","  190","9.8","14.8","    1",,,,,,"    1",
"USW00014742","BURLINGTON INTERNATIONAL AIRPORT, VT US","44.46825","-73.1499","101.1","2026-02-11","1.8",,"1.3","43.0","203.0",,"-0.6","-4.4","  200","  200","7.6","11.6","    1",,,,,"    1","    1",
"USW00014742","BURLINGTON INTERNATIONAL AIRPORT, VT US","44.46825","-73.1499","101.1","2026-02-12","3.2",,"0.0","15.0","254.0",,"-1.7","-13.3","   10","  340","6.7","8.5","    1",,,,,,"    1",
"USW00014742","BURLINGTON INTERNATIONAL AIRPORT, VT US","44.46825","-73.1499","101.1","2026-02-13","1.2",,"0.0","0.0","229.0",,"-1.1","-17.2","  180","  180","4.0","5.4",,,,,,,,
"USW00014742","BURLINGTON INTERNATIONAL AIRPORT, VT US","44.46825","-73.1499","101.1","2026-02-14","1.9",,"0.3","10.0","229.0",,"1.7","-13.3","  270","  260","5.4","7.2","    1",,,,,,,
"USW00014742","BURLINGTON INTERNATIONAL AIRPORT, VT US","44.46825","-73.1499","101.1","2026-02-15","1.9",,"0.0","0.0","229.0",,"-2.8","-12.2","   10","  330","5.4","7.2",,,,,,,,
"USW00014742","BURLINGTON INTERNATIONAL AIRPORT, VT US","44.46825","-73.1499","101.1","2026-02-16","3.5",,"0.0","0.0","203.0",,"3.9","-8.3","  200","  190","8.0","11.6",,,,,,,,
"USW00014742","BURLINGTON INTERNATIONAL AIRPORT, VT US","44.46825","-73.1499","101.1","2026-02-17","3.6",,"0.3","3.0","203.0",,"3.3","-0.6","  190","  190","6.7","10.7","    1",,,,,,"    1",
"USW00014742","BURLINGTON INTERNATIONAL AIRPORT, VT US","44.46825","-73.1499","101.1","2026-02-18","3.0",,"0.0","0.0","178.0",,"0.6","-6.7","  350","  350","8.9","12.1","    1",,,,,,,
"USW00014742","BURLINGTON INTERNATIONAL AIRPORT, VT US","44.46825","-73.1499","101.1","2026-02-19","0.7",,"0.0","0.0","178.0",,"3.3","-12.2","  250","  250","4.5","5.8",,,,,,,,
"USW00014742","BURLINGTON INTERNATIONAL AIRPORT, VT US","44.46825","-73.1499","101.1","2026-02-20","2.0",,"11.9","145.0","178.0",,"3.9","-6.7","  120","  110","9.4","12.1","    1","    1",,,,,,"    1"
"USW00014742","BURLINGTON INTERNATIONAL AIRPORT, VT US","44.46825","-73.1499","101.1","2026-02-21","3.1",,"1.0","23.0","330.0",,"0.6","-7.8","  340","  350","6.7","9.4","    1",,,,,"    1",,
"USW00014742","BURLINGTON INTERNATIONAL AIRPORT, VT US","44.46825","-73.1499","101.1","2026-02-22","0.5",,"0.0","0.0","330.0",,"2.8","-7.2","  340","  260","3.6","5.4","    1",,,,,,,
"USW00014742","BURLINGTON INTERNATIONAL AIRPORT, VT US","44.46825","-73.1499","101.1","2026-02-23","3.9",,"0.0","0.0","305.0",,"-2.8","-10.0","  360","  360","10.3","14.3",,,,,,,,
"USW00014742","BURLINGTON INTERNATIONAL AIRPORT, VT US","44.46825","-73.1499","101.1","2026-02-24","2.7",,"0.0","0.0","279.0",,"-6.1","-14.4","  340","  360","6.7","10.7",,,,,,,,
"USW00014742","BURLINGTON INTERNATIONAL AIRPORT, VT US","44.46825","-73.1499","101.1","2026-02-25","5.3",,"0.5","8.0","279.0",,"1.1","-13.3","  200","  190","10.7","14.8","    1",,,,,,,
"USW00014742","BURLINGTON INTERNATIONAL AIRPORT, VT US","44.46825","-73.1499","101.1","2026-02-26","4.2",,"0.0","0.0","254.0",,"1.1","-9.4","  250","  260","8.9","14.3",,,,,,,,
"USW00014742","BURLINGTON INTERNATIONAL AIRPORT, VT US","44.46825","-73.1499","101.1","2026-02-27","1.3",,"0.0","0.0","254.0",,"1.1","-13.3","  200","  200","5.4","9.8",,,,,,,,
"USW00014742","BURLINGTON INTERNATIONAL AIRPORT, VT US","44.46825","-73.1499","101.1","2026-02-28",,,"0.0","0.0","254.0",,"8.9","0.6",,,,,,,,,,,,
"USW00014742","BURLINGTON INTERNATIONAL AIRPORT, VT US","44.46825","-73.1499","101.1","2026-03-01","5.2",,"0.0","5.0","203.0",,"0.6","-13.3","   10","   10","9.4","13.9","    1",,,,,,,
"USW00014742","BURLINGTON INTERNATIONAL AIRPORT, VT US","44.46825","-73.1499","101.1","2026-03-02","1.3",,"0.0","0.0","203.0",,"-4.4","-18.9",,,"4.0",,,,,,,,,
"USW00014742","BURLINGTON INTERNATIONAL AIRPORT, VT US","44.46825","-73.1499","101.1","2026-03-03","5.3",,"3.3","33.0","203.0",,"2.8","-12.2","  190","  180","11.2","17.9","    1",,,,,,,
"USW00014742","BURLINGTON INTERNATIONAL AIRPORT, VT US","44.46825","-73.1499","101.1","2026-03-04","3.2",,"0.0","0.0","229.0",,"7.2","-2.8","  200","  190","8.9","11.6","    1",,,,,,,
"USW00014742","BURLINGTON INTERNATIONAL AIRPORT, VT US","44.46825","-73.1499","101.1","2026-03-05","4.2",,"0.0","0.0","152.0",,"-0.6","-6.7","  320","  320","7.6","10.3",,,,,,,,
"USW00014742","BURLINGTON INTERNATIONAL AIRPORT, VT US","44.46825","-73.1499","101.1","2026-03-06","2.9",,"0.0","0.0","152.0",,"6.1","-6.7","  190","  200","8.0","13.9",,,,,,,,
"USW00014742","BURLINGTON INTERNATIONAL AIRPORT, VT US","44.46825","-73.1499","101.1","2026-03-07","9.8",,"2.0","0.0","152.0",,"10.0","2.8","  200","  200","14.8","21.9","    1",,,,,,,
"USW00014742","BURLINGTON INTERNATIONAL AIRPORT, VT US","44.46825","-73.1499","101.1","2026-03-08","4.9",,"0.5","0.0","25.0",,"13.3","5.0","  260","  200","10.3","15.2",,,,,,,,
"USW00014742","BURLINGTON INTERNATIONAL AIRPORT, VT US","44.46825","-73.1499","101.1","2026-03-09","6.3",,"0.0","0.0","0.0",,"18.3","5.6","  190","  190","11.2","17.4",,,,,,,,
"USW00014742","BURLINGTON INTERNATIONAL AIRPORT, VT US","44.46825","-73.1499","101.1","2026-03-10","3.5",,"0.0","0.0","0.0",,"22.8","2.8","  330","  210","8.0","11.2",,,,,,,,
"USW00014742","BURLINGTON INTERNATIONAL AIRPORT, VT US","44.46825","-73.1499","101.1","2026-03-11","4.5",,"3.0","0.0","0.0",,"17.2","0.0","  190","  190","9.4","13.4",,,,,,,,
"USW00014742","BURLINGTON INTERNATIONAL AIRPORT, VT US","44.46825","-73.1499","101.1","2026-03-12","5.7",,"5.6","0.0","0.0",,"17.2","-2.8","  310","  290","10.3","15.2","    1",,,,,,,
"USW00014742","BURLINGTON INTERNATIONAL AIRPORT, VT US","44.46825","-73.1499","101.1","2026-03-13","3.8",,"0.0","0.0","0.0",,"2.2","-3.3","  180","  170","8.0","12.5",,,,,,,,
"USW00014742","BURLINGTON INTERNATIONAL AIRPORT, VT US","44.46825","-73.1499","101.1","2026-03-14","4.4",,"1.0","10.0","0.0",,"5.0","-1.1","  300","  300","10.7","16.1","    1",,,,,,,
"USW00014742","BURLINGTON INTERNATIONAL AIRPORT, VT US","44.46825","-73.1499","101.1","2026-03-15","3.4",,"0.0","0.0","0.0",,"6.7","-5.0","  180","  170","10.3","14.8",,,,,,,,
"USW00014742","BURLINGTON INTERNATIONAL AIRPORT, VT US","44.46825","-73.1499","101.1","2026-03-16","4.6",,"1.5","0.0","0.0",,"20.0","6.1","  180","  170","11.6","18.8",,,,,,,,
"USW00014742","BURLINGTON INTERNATIONAL AIRPORT, VT US","44.46825","-73.1499","101.1","2026-03-17","6.2",,"8.6","5.0","0.0",,"18.3","-7.8","  350","  360","11.6","17.4","    1",,,,,,,
"USW00014742","BURLINGTON INTERNATIONAL AIRPORT, VT US","44.46825","-73.1499","101.1","2026-03-18","1.7",,"0.3","5.0","0.0",,"-1.1","-10.0","  340","  360","6.7","9.4",,,,,,,"    1",
"USW00014742","BURLINGTON INTERNATIONAL AIRPORT, VT US","44.46825","-73.1499","101.1","2026-03-19","5.3",,"0.0","0.0","0.0",,"3.3","-2.8","  200","  180","9.8","14.3",,,,,,,,
"USW00014742","BURLINGTON INTERNATIONAL AIRPORT, VT US","44.46825","-73.1499","101.1","2026-03-20","2.6",,"14.7","124.0","0.0",,"2.8","-1.7","  360","  340","6.3","8.5","    1","    1",,,,"    1",,
"USW00014742","BURLINGTON INTERNATIONAL AIRPORT, VT US","44.46825","-73.1499","101.1","2026-03-21","2.7",,"0.0","0.0","127.0",,"3.9","-2.8","  340","  320","6.3","8.5","    1",,,,,,,
"USW00014742","BURLINGTON INTERNATIONAL AIRPORT, VT US","44.46825","-73.1499","101.1","2026-03-22","4.0",,"5.1","13.0","102.0",,"3.9","-2.8","  350","  360","9.4","12.5","    1",,,,,,,
"USW00014742","BURLINGTON INTERNATIONAL AIRPORT, VT US","44.46825","-73.1499","101.1","2026-03-23","3.0",,"0.3","10.0","76.0",,"-1.1","-4.4","  360","   10","6.3","8.0","    1",,,,,,"    1",
"USW00014742","BURLINGTON INTERNATIONAL AIRPORT, VT US","44.46825","-73.1499","101.1","2026-03-24","1.8",,"0.0","0.0","76.0",,"5.6","-7.8","  290","  260","7.2","12.1","    1",,,,,,,
"USW00014742","BURLINGTON INTERNATIONAL AIRPORT, VT US","44.46825","-73.1499","101.1","2026-03-25","2.2",,"0.0","0.0","51.0",,"7.8","0.6","   30","  260","5.4","8.0",,,,,,,,
"USW00014742","BURLINGTON INTERNATIONAL AIRPORT, VT US","44.46825","-73.1499","101.1","2026-03-26","4.8",,"1.3","0.0","0.0",,"14.4","0.0","  190","  180","10.7","14.8","    1",,,,,,,
"USW00014742","BURLINGTON INTERNATIONAL AIRPORT, VT US","44.46825","-73.1499","101.1","2026-03-27","6.0",,"0.5","0.0","0.0",,"2.8","-4.4","  360","   10","12.5","16.1","    1",,,,,"    1",,
"USW00014742","BURLINGTON INTERNATIONAL AIRPORT, VT US","44.46825","-73.1499","101.1","2026-03-28","2.1",,"0.0","0.0","0.0",,"1.1","-7.2","  320","  300","7.2","9.8",,,,,,,,
"USW00014742","BURLINGTON INTERNATIONAL AIRPORT, VT US","44.46825","-73.1499","101.1","2026-03-29","4.4",,"0.0","0.0","0.0",,"11.1","-4.4","  200","  180","8.9","13.0",,,,,,,,
"USW00014742","BURLINGTON INTERNATIONAL AIRPORT, VT US","44.46825","-73.1499","101.1","2026-03-30","5.3",,"0.0","0.0","0.0",,"20.0","7.2","  200","  200","10.3","14.8",,,,,,,,
"USW00014742","BURLINGTON INTERNATIONAL AIRPORT, VT US","44.46825","-73.1499","101.1","2026-03-31","2.6",,"9.9","0.0","0.0",,"11.7","2.2","  320","  320","6.7","9.4","    1",,,,,,"    1",
"USW00014742","BURLINGTON INTERNATIONAL AIRPORT, VT US","44.46825","-73.1499","101.1","2026-04-01","3.8",,"1.3","0.0","0.0",,"7.2","1.1","  360","  330","8.0","11.6","    1",,,,,,,
"USW00014742","BURLINGTON INTERNATIONAL AIRPORT, VT US","44.46825","-73.1499","101.1","2026-04-02","2.7",,"1.0","0.0","0.0",,"7.8","-2.2","  180","  180","7.2","10.3","    1",,,,,,,
"USW00014742","BURLINGTON INTERNATIONAL AIRPORT, VT US","44.46825","-73.1499","101.1","2026-04-03","8.9",,"0.5","0.0","0.0",,"17.2","3.9","  200","  190","14.3","21.9",,,,,,,,
"USW00014742","BURLINGTON INTERNATIONAL AIRPORT, VT US","44.46825","-73.1499","101.1","2026-04-04","5.4",,"0.0","0.0","0.0",,"10.6","3.3","  320","  170","11.2","15.2",,,,,,,,
"USW00014742","BURLINGTON INTERNATIONAL AIRPORT, VT US","44.46825","-73.1499","101.1","2026-04-05","6.1",,"5.8","0.0","0.0",,"10.0","4.4","  190","  180","13.4","20.1","    1",,,,,,,
"USW00014742","BURLINGTON INTERNATIONAL AIRPORT, VT US","44.46825","-73.1499","101.1","2026-04-06","4.4",,"0.0","0.0","0.0",,"6.1","-0.6","  320","  320","9.8","14.3",,,,,,,,
"USW00014742","BURLINGTON INTERNATIONAL AIRPORT, VT US","44.46825","-73.1499","101.1","2026-04-07","3.0",,"3.0","46.0","0.0",,"3.3","-5.6","  330","  340","8.9","11.6","    1",,,,,,"    1",
"USW00014742","BURLINGTON INTERNATIONAL AIRPORT, VT US","44.46825","-73.1499","101.1","2026-04-08","1.7",,"0.0","0.0","51.0",,"8.3","-8.9","  170","  170","5.8","8.0",,,,,,,,
"USW00014742","BURLINGTON INTERNATIONAL AIRPORT, VT US","44.46825","-73.1499","101.1","2026-04-09","8.6",,"0.0","0.0","0.0",,"17.8","0.0","  190","  180","14.3","21.9",,,,,,,,
"USW00014742","BURLINGTON INTERNATIONAL AIRPORT, VT US","44.46825","-73.1499","101.1","2026-04-10","5.8",,"4.6","0.0","0.0",,"19.4","5.0","  340","  340","13.0","17.4","    1",,,,,,,
"USW00014742","BURLINGTON INTERNATIONAL AIRPORT, VT US","44.46825","-73.1499","101.1","2026-04-11","4.2",,"0.0","0.0","0.0",,"10.6","1.1","  340","  350","10.3","15.6",,,,,,,,
"USW00014742","BURLINGTON INTERNATIONAL AIRPORT, VT US","44.46825","-73.1499","101.1","2026-04-12","2.6",,"7.6","0.0","0.0",,"10.6","-2.2","  190","  170","8.0","12.1","    1",,,,,,,
"USW00014742","BURLINGTON INTERNATIONAL AIRPORT, VT US","44.46825","-73.1499","101.1","2026-04-13","6.3",,"1.3","0.0","0.0",,"17.8","6.7","  190","  190","13.9","21.9",,,,,,,,
"USW00014742","BURLINGTON INTERNATIONAL AIRPORT, VT US","44.46825","-73.1499","101.1","2026-04-14","2.6",,"15.5","0.0","0.0",,"15.6","6.7","  340","  360","7.2","9.4","    1",,,,,,,
"USW00014742","BURLINGTON INTERNATIONAL AIRPORT, VT US","44.46825","-73.1499","101.1","2026-04-15","1.6",,"1.8","0.0","0.0",,"11.7","6.1","   30","   40","5.4","7.6","    1",,,,,,,
"USW00014742","BURLINGTON INTERNATIONAL AIRPORT, VT US","44.46825","-73.1499","101.1","2026-04-16","1.9",,"13.0","0.0","0.0",,"25.0","9.4","  340","  330","10.7","14.3","    1",,"    1",,,,,
"USW00014742","BURLINGTON INTERNATIONAL AIRPORT, VT US","44.46825","-73.1499","101.1","2026-04-17","3.4",,"0.0","0.0","0.0",,"17.8","8.3","  350","  350","7.2","9.4","    1","    1",,,,,"    1",
"USW00014742","BURLINGTON INTERNATIONAL AIRPORT, VT US","44.46825","-73.1499","101.1","2026-04-18","5.7",,"0.0","0.0","0.0",,"24.4","6.7","  190","  190","11.2","17.4",,,,,,,,
"USW00014742","BURLINGTON INTERNATIONAL AIRPORT, VT US","44.46825","-73.1499","101.1","2026-04-19","3.7",,"14.2","5.0","0.0",,"16.1","1.1","  200","  190","10.3","15.2","    1",,,,,,"    1",
"USW00014742","BURLINGTON INTERNATIONAL AIRPORT, VT US","44.46825","-73.1499","101.1","2026-04-20","3.9",,"1.3","15.0","25.0",,"5.6","-2.2","  330","   20","9.4","14.3","    1",,,,,,,
"USW00014742","BURLINGTON INTERNATIONAL AIRPORT, VT US","44.46825","-73.1499","101.1","2026-04-21","3.0",,"0.0","0.0","0.0",,"10.0","-3.9","  200","  180","7.2","10.3",,,,,,,,
"USW00014742","BURLINGTON INTERNATIONAL AIRPORT, VT US","44.46825","-73.1499","101.1","2026-04-22","5.2",,"0.0","0.0","0.0",,"16.1","7.2","  200","  200","8.9","13.9",,,,,,,,
"USW00014742","BURLINGTON INTERNATIONAL AIRPORT, VT US","44.46825","-73.1499","101.1","2026-04-23","5.5",,"0.0","0.0","0.0",,"15.6","3.9","  350","  360","9.8","14.3",,,,,,,,
"USW00014742","BURLINGTON INTERNATIONAL AIRPORT, VT US","44.46825","-73.1499","101.1","2026-04-24","3.8",,"0.0","0.0","0.0",,"12.8","0.0","  340","  360","9.4","12.5",,,,,,,,
"USW00014742","BURLINGTON INTERNATIONAL AIRPORT, VT US","44.46825","-73.1499","101.1","2026-04-25","2.1",,"0.0","0.0","0.0",,"15.0","0.6","  320","  300","5.8","7.6",,,,,,,,
"USW00014742","BURLINGTON INTERNATIONAL AIRPORT, VT US","44.46825","-73.1499","101.1","2026-04-26","2.0",,"0.0","0.0","0.0",,"18.9","2.2","  340","  360","7.6","10.3",,,,,,,,
"USW00014742","BURLINGTON INTERNATIONAL AIRPORT, VT US","44.46825","-73.1499","101.1","2026-04-27","1.6",,"0.0","0.0","0.0",,"23.9","4.4","  310","  290","5.8","9.8",,,,,,,,
"USW00014742","BURLINGTON INTERNATIONAL AIRPORT, VT US","44.46825","-73.1499","101.1","2026-04-28","4.7",,"0.0","0.0","0.0",,"23.9","10.0","  190","  200","9.4","13.4",,,,,,,,
"USW00014742","BURLINGTON INTERNATIONAL AIRPORT, VT US","44.46825","-73.1499","101.1","2026-04-29","5.1",,"0.5","0.0","0.0",,"22.8","10.0","  140","  120","9.4","12.5",,,,,,,,
"USW00014742","BURLINGTON INTERNATIONAL AIRPORT, VT US","44.46825","-73.1499","101.1","2026-04-30","3.6",,"3.6","0.0","0.0",,"13.3","7.8","  330","  180","7.6","11.6","    1",,,,,,"    1",
"USW00014742","BURLINGTON INTERNATIONAL AIRPORT, VT US","44.46825","-73.1499","101.1","2026-05-01","3.0",,"0.0","0.0","0.0",,"14.4","5.0","  350","  320","7.2","10.3",,,,,,,,
"USW00014742","BURLINGTON INTERNATIONAL AIRPORT, VT US","44.46825","-73.1499","101.1","2026-05-02","2.2",,"2.0","0.0","0.0",,"11.1","5.6","  290","  290","7.6","10.7",,,,,,,,
"USW00014742","BURLINGTON INTERNATIONAL AIRPORT, VT US","44.46825","-73.1499","101.1","2026-05-03","2.4",,"0.0","0.0","0.0",,"11.7","5.0","  340","  340","7.2","9.8",,,,,,,,
"USW00014742","BURLINGTON INTERNATIONAL AIRPORT, VT US","44.46825","-73.1499","101.1","2026-05-04","4.6",,"1.0","0.0","0.0",,"22.2","8.3","  190","  190","9.8","13.9",,,,,,,,
"USW00014742","BURLINGTON INTERNATIONAL AIRPORT, VT US","44.46825","-73.1499","101.1","2026-05-05","5.5",,"5.8","0.0","0.0",,"25.6","12.2","  190","  180","11.2","17.0",,,"    1",,,,"    1",
"USW00014742","BURLINGTON INTERNATIONAL AIRPORT, VT US","44.46825","-73.1499","101.1","2026-05-06","2.6",,"13.0","0.0","0.0",,"12.8","6.1","  340","  330","6.7","8.9","    1",,,,,,,
"USW00014742","BURLINGTON INTERNATIONAL AIRPORT, VT US","44.46825","-73.1499","101.1","2026-05-07","3.3",,"0.0","0.0","0.0",,"15.0","5.6","  320","  330","9.4","12.1","    1",,,,,,,
"USW00014742","BURLINGTON INTERNATIONAL AIRPORT, VT US","44.46825","-73.1499","101.1","2026-05-08","1.7",,"0.0","0.0","0.0",,"13.9","2.8","  290","  300","5.4","8.5",,,,,,,,
"USW00014742","BURLINGTON INTERNATIONAL AIRPORT, VT US","44.46825","-73.1499","101.1","2026-05-09","3.7",,"0.0","0.0","0.0",,"16.1","1.1","  180","  180","8.9","12.5",,,,,,,,
"USW00014742","BURLINGTON INTERNATIONAL AIRPORT, VT US","44.46825","-73.1499","101.1","2026-05-10","4.5",,"7.1","0.0","0.0",,"20.0","8.3","  300","  180","9.4","15.2","    1",,,,,,"    1",
"USW00014742","BURLINGTON INTERNATIONAL AIRPORT, VT US","44.46825","-73.1499","101.1","2026-05-11","2.5",,"0.0","0.0","0.0",,"15.0","2.8","  350","   20","7.6","10.3",,,,,,,,
"USW00014742","BURLINGTON INTERNATIONAL AIRPORT, VT US","44.46825","-73.1499","101.1","2026-05-12","2.6",,"0.0","0.0","0.0",,"14.4","3.9","   30","   20","7.2","11.2",,,,,,,,
"USW00014742","BURLINGTON INTERNATIONAL AIRPORT, VT US","44.46825","-73.1499","101.1","2026-05-13","2.5",,"3.3","0.0","0.0",,"11.7","6.1","  130","  120","6.3","7.6","    1",,,,,,,
"USW00014742","BURLINGTON INTERNATIONAL AIRPORT, VT US","44.46825","-73.1499","101.1","2026-05-14","3.3",,"30.5","0.0","0.0",,"12.2","9.4","  350","  360","6.7","8.9","    1",,,,,,,
"USW00014742","BURLINGTON INTERNATIONAL AIRPORT, VT US","44.46825","-73.1499","101.1","2026-05-15","2.3",,"3.3","0.0","0.0",,"18.9","11.1","  330","  330","6.3","7.2","    1",,,,,,,
"USW00014742","BURLINGTON INTERNATIONAL AIRPORT, VT US","44.46825","-73.1499","101.1","2026-05-16","4.5",,"0.0","0.0","0.0",,"25.6","11.7","  190","  180","8.0","13.0","    1",,,,,,,
"USW00014742","BURLINGTON INTERNATIONAL AIRPORT, VT US","44.46825","-73.1499","101.1","2026-05-17","3.0",,"0.0","0.0","0.0",,"26.7","13.3","   30","   30","7.6","10.3",,,,,,,,
"USW00014742","BURLINGTON INTERNATIONAL AIRPORT, VT US","44.46825","-73.1499","101.1","2026-05-18","3.1",,"4.8","0.0","0.0",,"32.2","10.6","  200","  200","7.6","12.1","    1",,,,,,"    1",
"USW00014742","BURLINGTON INTERNATIONAL AIRPORT, VT US","44.46825","-73.1499","101.1","2026-05-19","4.1",,"0.0","0.0","0.0",,"32.2","21.7","  190","  190","7.6","11.6",,,,,,,,
"USW00014742","BURLINGTON INTERNATIONAL AIRPORT, VT US","44.46825","-73.1499","101.1","2026-05-20","4.9",,"0.0","0.0","0.0",,"27.2","14.4","  340","  340","9.4","13.4",,,,,,,,
"USW00014742","BURLINGTON INTERNATIONAL AIRPORT, VT US","44.46825","-73.1499","101.1","2026-05-21","4.3",,"0.0","0.0","0.0",,"16.1","5.6","  330","   20","8.0","11.2",,,,,,,,
"USW00014742","BURLINGTON INTERNATIONAL AIRPORT, VT US","44.46825","-73.1499","101.1","2026-05-22","2.3",,"0.0","0.0","0.0",,"20.0","3.3","  340","   30","6.3","9.4",,,,,,,,
"USW00014742","BURLINGTON INTERNATIONAL AIRPORT, VT US","44.46825","-73.1499","101.1","2026-05-23","2.8",,"0.0","0.0","0.0",,"21.1","6.7","  200","  190","6.7","9.8",,,,,,,,
"USW00014742","BURLINGTON INTERNATIONAL AIRPORT, VT US","44.46825","-73.1499","101.1","2026-05-24","3.6",,"10.4","0.0","0.0",,"13.3","10.0","  170","  170","6.3","8.9","    1",,,,,,,
"USW00014742","BURLINGTON INTERNATIONAL AIRPORT, VT US","44.46825","-73.1499","101.1","2026-05-25","2.2",,"23.6","0.0","0.0",,"22.2","11.7","  360","  330","5.8","8.5","    1",,,,,,,
"USW00014742","BURLINGTON INTERNATIONAL AIRPORT, VT US","44.46825","-73.1499","101.1","2026-05-26","3.6",,"0.0","0.0","0.0",,"30.0","11.1","  190","  190","7.6","12.1",,,,,,,,
"USW00014742","BURLINGTON INTERNATIONAL AIRPORT, VT US","44.46825","-73.1499","101.1","2026-05-27","3.1",,"0.3","0.0","0.0",,"25.0","15.6","   10","  360","7.2","11.2",,,,,,,,
"USW00014742","BURLINGTON INTERNATIONAL AIRPORT, VT US","44.46825","-73.1499","101.1","2026-05-28","3.7",,"0.8","0.0","0.0",,"19.4","12.8","  360","   10","9.4","13.4","    1",,,,,,,
"USW00014742","BURLINGTON INTERNATIONAL AIRPORT, VT US","44.46825","-73.1499","101.1","2026-05-29","3.0",,"7.6","0.0","0.0",,"18.9","8.9","  330","  320","12.5","17.0","    1",,"    1",,,,,
"USW00014742","BURLINGTON INTERNATIONAL AIRPORT, VT US","44.46825","-73.1499","101.1","2026-05-30","4.5",,"7.6","0.0","0.0",,"16.7","7.2","  340","   40","9.4","13.0","    1",,,,,,,
"USW00014742","BURLINGTON INTERNATIONAL AIRPORT, VT US","44.46825","-73.1499","101.1","2026-05-31","2.6",,"2.8","0.0","0.0",,"17.8","6.1","   30","   20","7.6","10.7",,,"    1",,,,,
"USW00014742","BURLINGTON INTERNATIONAL AIRPORT, VT US","44.46825","-73.1499","101.1","2026-06-01","2.9",,"0.0","0.0","0.0",,"21.7","9.4","  340","  340","8.0","10.3",,,,,,,,
"USW00014742","BURLINGTON INTERNATIONAL AIRPORT, VT US","44.46825","-73.1499","101.1","2026-06-02","2.4",,"0.0","0.0","0.0",,"24.4","6.7","  340","  340","9.4","12.5",,,,,,,,
"USW00014742","BURLINGTON INTERNATIONAL AIRPORT, VT US","44.46825","-73.1499","101.1","2026-06-03","1.5",,"0.0","0.0","0.0",,"29.4","7.2","  350","  300","6.7","8.9",,,,,,,,
"USW00014742","BURLINGTON INTERNATIONAL AIRPORT, VT US","44.46825","-73.1499","101.1","2026-06-04","2.5",,"0.0","0.0","0.0",,"30.6","12.2","  200","  190","7.2","9.4",,,,,,,,
"USW00014742","BURLINGTON INTERNATIONAL AIRPORT, VT US","44.46825","-73.1499","101.1","2026-06-05","1.6",,"0.0","0.0","0.0",,"30.0","13.9","  190","  210","5.8","8.5",,,,,,,,
"USW00014742","BURLINGTON INTERNATIONAL AIRPORT, VT US","44.46825","-73.1499","101.1","2026-06-06","3.3",,"11.7","0.0","0.0",,"25.6","16.7","  190","  190","8.9","13.0","    1",,,,,,,
"USW00014742","BURLINGTON INTERNATIONAL AIRPORT, VT US","44.46825","-73.1499","101.1","2026-06-07","4.1",,"10.4","0.0","0.0",,"18.9","11.7","  340","  330","10.3","13.9",,,,,,,,
"USW00014742","BURLINGTON INTERNATIONAL AIRPORT, VT US","44.46825","-73.1499","101.1","2026-06-08","1.2",,"0.0","0.0","0.0",,"26.7","10.0","  190","  210","3.6","5.4","    1","    1",,,,,"    1",
"USW00014742","BURLINGTON INTERNATIONAL AIRPORT, VT US","44.46825","-73.1499","101.1","2026-06-09","1.7",,"0.0","0.0","0.0",,"30.0","10.0","  200","  180","6.3","8.5",,,,,,,,
"USW00014742","BURLINGTON INTERNATIONAL AIRPORT, VT US","44.46825","-73.1499","101.1","2026-06-10","2.4",,"16.3","0.0","0.0",,"30.6","17.2","  330","  330","7.6","11.2","    1",,"    1",,,,,
"USW00014742","BURLINGTON INTERNATIONAL AIRPORT, VT US","44.46825","-73.1499","101.1","2026-06-11","1.7",,"1.0","0.0","0.0",,"32.8","21.7","  240","  260","5.4","7.2","    1",,,,,,,
"USW00014742","BURLINGTON INTERNATIONAL AIRPORT, VT US","44.46825","-73.1499","101.1","2026-06-12","2.5",,"9.4","0.0","0.0",,"33.3","22.2","  130","   90","8.9","11.2",,,"    1",,,,,
"USW00014742","BURLINGTON INTERNATIONAL AIRPORT, VT US","44.46825","-73.1499","101.1","2026-06-13","2.9",,"0.0","0.0","0.0",,"30.0","18.3","  280","  290","6.7","10.7",,,,,,,,
"USW00014742","BURLINGTON INTERNATIONAL AIRPORT, VT US","44.46825","-73.1499","101.1","2026-06-14","3.7",,"13.2","0.0","0.0",,"25.0","17.2","  320","  190","8.9","12.1","    1",,,,,,,
"USW00014742","BURLINGTON INTERNATIONAL AIRPORT, VT US","44.46825","-73.1499","101.1","2026-06-15","3.7",,"2.8","0.0","0.0",,"22.2","15.6","  320","  300","7.2","11.2","    1",,,,,,,
"USW00014742","BURLINGTON INTERNATIONAL AIRPORT, VT US","44.46825","-73.1499","101.1","2026-06-16","2.3",,"0.0","0.0","0.0",,"25.0","13.3","  180","  170","6.7","8.9",,,,,,,,
"USW00014742","BURLINGTON INTERNATIONAL AIRPORT, VT US","44.46825","-73.1499","101.1","2026-06-17","3.0",,"0.0","0.0","0.0",,"26.7","12.8","  200","  170","8.0","11.6",,,,,,,,
"USW00014742","BURLINGTON INTERNATIONAL AIRPORT, VT US","44.46825","-73.1499","101.1","2026-06-18","4.4",,"28.2","0.0","0.0",,"22.8","16.7","  260","  250","8.9","14.3","    1",,"    1",,,,,
"USW00014742","BURLINGTON INTERNATIONAL AIRPORT, VT US","44.46825","-73.1499","101.1","2026-06-19","4.0",,"16.3","0.0","0.0",,"24.4","15.6","  330","  270","9.8","14.3","    1",,,,,,,
"USW00014742","BURLINGTON INTERNATIONAL AIRPORT, VT US","44.46825","-73.1499","101.1","2026-06-20","3.4",,"5.6","0.0","0.0",,"23.3","15.6","  290","  290","8.0","11.6","    1",,,,,,,
"USW00014742","BURLINGTON INTERNATIONAL AIRPORT, VT US","44.46825","-73.1499","101.1","2026-06-21","1.7",,"3.3","0.0","0.0",,"23.3","15.6","  290","  270","4.5","7.2","    1",,"    1",,,,,
"USW00014742","BURLINGTON INTERNATIONAL AIRPORT, VT US","44.46825","-73.1499","101.1","2026-06-22","2.3",,"0.0","0.0","0.0",,"23.3","14.4","  190","  220","9.8","14.3",,,,,,,,
"USW00014742","BURLINGTON INTERNATIONAL AIRPORT, VT US","44.46825","-73.1499","101.1","2026-06-23","2.5",,"0.3","0.0","0.0",,"27.2","16.1","  330","  330","7.2","9.8","    1",,,,,,,
"USW00014742","BURLINGTON INTERNATIONAL AIRPORT, VT US","44.46825","-73.1499","101.1","2026-06-24","3.0",,"0.0","0.0","0.0",,"26.7","13.9","  320","  310","7.6","11.2",,,,,,,,
"USW00014742","BURLINGTON INTERNATIONAL AIRPORT, VT US","44.46825","-73.1499","101.1","2026-06-25","3.3",,"1.8","0.0","0.0",,"28.3","16.1","  200","  200","7.6","10.7",,,,,,,,
"USW00014742","BURLINGTON INTERNATIONAL AIRPORT, VT US","44.46825","-73.1499","101.1","2026-06-26","2.2",,"15.5","0.0","0.0",,"23.3","16.7","  200","  180","6.3","9.4","    1",,"    1",,,,,
"USW00014742","BURLINGTON INTERNATIONAL AIRPORT, VT US","44.46825","-73.1499","101.1","2026-06-27","1.5",,"0.0","0.0","0.0",,"27.2","15.0","  340","  350","5.4","7.2","    1","    1",,,,,,
"USW00014742","BURLINGTON INTERNATIONAL AIRPORT, VT US","44.46825","-73.1499","101.1","2026-06-28","1.7",,"0.0","0.0","0.0",,"30.0","14.4","  340","   10","5.8","8.0",,,,,,,,
"USW00014742","BURLINGTON INTERNATIONAL AIRPORT, VT US","44.46825","-73.1499","101.1","2026-06-29","1.6",,"0.0","0.0","0.0",,"30.0","15.0","  330","  330","5.4","7.2",,,,,,,,
"USW00014742","BURLINGTON INTERNATIONAL AIRPORT, VT US","44.46825","-73.1499","101.1","2026-06-30","3.2",,"5.6","0.0","0.0",,"28.9","15.0","  190","  200","7.6","11.6","    1",,"    1",,,,,
"USW00014742","BURLINGTON INTERNATIONAL AIRPORT, VT US","44.46825","-73.1499","101.1","2026-07-01","3.5",,"12.2","0.0","0.0",,"33.9","21.7","  340","  360","13.0","17.0","    1",,"    1",,,,,
"USW00014742","BURLINGTON INTERNATIONAL AIRPORT, VT US","44.46825","-73.1499","101.1","2026-07-02","2.4",,"0.0","0.0","0.0",,"35.6","22.2","  240","  240","6.3","8.9",,,,,,,,
"USW00014742","BURLINGTON INTERNATIONAL AIRPORT, VT US","44.46825","-73.1499","101.1","2026-07-03","2.4",,"0.0","0.0","0.0",,"33.9","24.4","  310","  260","6.3","8.9",,,,,,,,
"USW00014742","BURLINGTON INTERNATIONAL AIRPORT, VT US","44.46825","-73.1499","101.1","2026-07-04","2.6",,"0.0","0.0","0.0",,"30.6","17.2","  340","   20","8.0","12.1",,,,,,,,
"USW00014742","BURLINGTON INTERNATIONAL AIRPORT, VT US","44.46825","-73.1499","101.1","2026-07-05","1.5",,"0.0","0.0","0.0",,"30.0","14.4","  340","   10","4.5","6.3",,,,,,,,
"USW00014742","BURLINGTON INTERNATIONAL AIRPORT, VT US","44.46825","-73.1499","101.1","2026-07-06","2.3",,"0.0","0.0","0.0",,"30.0","16.7","  200","  200","5.8","8.5",,,,,,,,
"USW00014742","BURLINGTON INTERNATIONAL AIRPORT, VT US","44.46825","-73.1499","101.1","2026-07-07","3.2",,"0.0","0.0","0.0",,"29.4","19.4","  150","  130","6.7","10.7",,,,,,,,
"USW00014742","BURLINGTON INTERNATIONAL AIRPORT, VT US","44.46825","-73.1499","101.1","2026-07-08","1.9",,"0.0","0.0","0.0",,"32.2","16.7","  200","  200","4.5","7.2",,,,,,,,
"USW00014742","BURLINGTON INTERNATIONAL AIRPORT, VT US","44.46825","-73.1499","101.1","2026-07-09","2.8",,"4.6","0.0","0.0",,"31.1","21.1","  330","  330","9.4","12.5","    1",,,,,,"    1",
"USW00014742","BURLINGTON INTERNATIONAL AIRPORT, VT US","44.46825","-73.1499","101.1","2026-07-10","3.3",,"1.0","0.0","0.0",,"28.3","17.8","  330","  340","7.2","9.4","    1",,,,,,,
"USW00014742","BURLINGTON INTERNATIONAL AIRPORT, VT US","44.46825","-73.1499","101.1","2026-07-11","2.5",,"0.0","0.0","0.0",,"27.8","15.0","  350","  350","7.2","9.8",,,,,,,,
"USW00014742","BURLINGTON INTERNATIONAL AIRPORT, VT US","44.46825","-73.1499","101.1","2026-07-12","1.5",,"0.0","0.0","0.0",,"30.0","13.9","  320","  320","4.5","7.2",,,,,,,,
"USW00014742","BURLINGTON INTERNATIONAL AIRPORT, VT US","44.46825","-73.1499","101.1","2026-07-13","2.7",,"0.0","0.0","0.0",,"31.7","15.6","  190","  200","6.7","8.9",,,,,,,,
"USW00014742","BURLINGTON INTERNATIONAL AIRPORT, VT US","44.46825","-73.1499","101.1","2026-07-14","3.7",,"0.0","0.0","0.0",,"32.2","21.1","  190","  190","8.9","13.9",,,,,,,,
"USW00014742","BURLINGTON INTERNATIONAL AIRPORT, VT US","44.46825","-73.1499","101.1","2026-07-15","4.3",,"0.5","0.0","0.0",,"28.9","22.2","  310","  320","9.4","13.4",,,,,,,,
"USW00014742","BURLINGTON INTERNATIONAL AIRPORT, VT US","44.46825","-73.1499","101.1","2026-07-16","3.6",,"1.0","0.0","0.0",,"28.3","18.3","  360","  360","14.8","21.0","    1",,,,,,,
"USW00014742","BURLINGTON INTERNATIONAL AIRPORT, VT US","44.46825","-73.1499","101.1","2026-07-17","3.0",,"0.0","0.0","0.0",,"27.8","13.9","  340","  310","5.8","11.6",,,,,,,,
"USW00014742","BURLINGTON INTERNATIONAL AIRPORT, VT US","44.46825","-73.1499","101.1","2026-07-18","3.9",,"7.9","0.0","0.0",,"22.2","16.1","  330","  190","9.8","13.9","    1",,,,,,"    1",
"USW00014742","BURLINGTON INTERNATIONAL AIRPORT, VT US","44.46825","-73.1499","101.1","2026-07-19","6.2",,"0.0","0.0","0.0",,"25.6","15.6","  330","  340","11.2","15.2",,,,,,,,
"USW00014742","BURLINGTON INTERNATIONAL AIRPORT, VT US","44.46825","-73.1499","101.1","2026-07-20","2.7",,"0.0","0.0","0.0",,"28.3","13.3","  170","  180","5.8","8.9",,,,,,,,
"USW00014742","BURLINGTON INTERNATIONAL AIRPORT, VT US","44.46825","-73.1499","101.1","2026-07-21",,,"0.0","0.0","0.0",,"28.3","13.3",,,,,,,,,,,,
"USW00014742","BURLINGTON INTERNATIONAL AIRPORT, VT US","44.46825","-73.1499","101.1","2026-07-22","5.1",,"2.5","0.0","0.0",,"26.7","16.7","  290","  310","10.3","16.5",,,,,,,,
"USW00014742","BURLINGTON INTERNATIONAL AIRPORT, VT US","44.46825","-73.1499","101.1","2026-07-23","2.5",,"0.0","0.0","0.0",,"26.7","11.7","  310","  310","7.6","11.2",,,,,,,,
"USW00014742","BURLINGTON INTERNATIONAL AIRPORT, VT US","44.46825","-73.1499","101.1","2026-07-24","1.7",,"0.0","0.0","0.0",,"28.3","12.2","  240","  200","5.4","7.6",,,,,,,,
"USW00014742","BURLINGTON INTERNATIONAL AIRPORT, VT US","44.46825","-73.1499","101.1","2026-07-25","2.2",,"0.0","0.0","0.0",,"30.0","13.3","  200","    0","6.7","9.4",,,,,,,,
"USW00014742","BURLINGTON INTERNATIONAL AIRPORT, VT US","44.46825","-73.1499","101.1","2026-07-26","2.4",,"0.0","0.0","0.0",,"30.6","16.7","  170","  180","6.3","9.4",,,,,,,,
"USW00014742","BURLINGTON INTERNATIONAL AIRPORT, VT US","44.46825","-73.1499","101.1","2026-07-27","2.1",,"0.0","0.0","0.0",,"31.7","16.1","  120","  220","5.4","7.2",,,"    1",,,,,
"USW00014742","BURLINGTON INTERNATIONAL AIRPORT, VT US","44.46825","-73.1499","101.1","2026-07-28","3.0",,"23.1","0.0","0.0",,"27.8","18.9","  150","  160","9.8","15.2","    1",,"    1",,,,,
"USW00014742","BURLINGTON INTERNATIONAL AIRPORT, VT US","44.46825","-73.1499","101.1","2026-07-29","1.8",,"27.2","0.0","0.0",,"24.4","17.8","  130",,"4.0",,"    1",,,,,,,
"USW00014742","BURLINGTON INTERNATIONAL AIRPORT, VT US","44.46825","-73.1499","101.1","2026-07-30","2.2",,"0.8","0.0","0.0",,"26.7","17.2","  340","  340","8.0","10.7",,,,,,,,
"USW00014742","BURLINGTON INTERNATIONAL AIRPORT, VT US","44.46825","-73.1499","101.1","2026-07-31","1.6",,"0.0","0.0","0.0",,"28.3","17.8","  330","  330","5.8","8.0",,,,,,,,
"USW00014742","BURLINGTON INTERNATIONAL AIRPORT, VT US","44.46825","-73.1499","101.1","2026-08-01","2.3",,"0.0","0.0","0.0",,"30.0","17.8","  190","  190","5.8","8.9",,,,,,,,
"USW00014742","BURLINGTON INTERNATIONAL AIRPORT, VT US","44.46825","-73.1499","101.1","2026-08-02","4.1",,"0.0","0.0","0.0",,"28.3","21.1","  180","  190","8.0","13.0",,,,,,,,
"USW00014742","BURLINGTON INTERNATIONAL AIRPORT, VT US","44.46825","-73.1499","101.1","2026-08-03","3.8",,"11.9","0.0","0.0",,"27.2","16.7","  320","  330","10.7","14.3","    1",,,,,,,
"USW00014742","BURLINGTON INTERNATIONAL AIRPORT, VT US","44.46825","-73.1499","101.1","2026-08-04","2.3",,"0.0","0.0","0.0",,"29.4","17.2","  190","  200","5.4","8.0",,,,,,,,
"USW00014742","BURLINGTON INTERNATIONAL AIRPORT, VT US","44.46825","-73.1499","101.1","2026-08-05","3.3",,"0.0","0.0","0.0",,"30.6","16.7","  200","  180","6.7","10.7",,,,,,,,
"USW00014742","BURLINGTON INTERNATIONAL AIRPORT, VT US","44.46825","-73.1499","101.1","2026-08-06","2.9",,"16.3","0.0",,,"32.8","20.6","  310","  300","8.9","11.2","    1",,"    1",,,,,
"USW00014742","BURLINGTON INTERNATIONAL AIRPORT, VT US","44.46825","-73.1499","101.1","2026-08-07","1.2",,"9.1","0.0","0.0",,"30.6","20.0","  240","  230","6.7","10.3","    1","    1",,,,,,
"USW00014742","BURLINGTON INTERNATIONAL AIRPORT, VT US","44.46825","-73.1499","101.1","2026-08-08","2.5",,"31.0","0.0",,,"30.0","19.4","  320","  310","12.5","20.1","    1","    1","    1",,,,,
"USW00014742","BURLINGTON INTERNATIONAL AIRPORT, VT US","44.46825","-73.1499","101.1","2026-08-09","2.2",,"0.0","0.0","0.0",,"29.4","19.4","  320","  330","5.8","8.9",,,,,,,,
"USW00014742","BURLINGTON INTERNATIONAL AIRPORT, VT US","44.46825","-73.1499","101.1","2026-08-10","3.2",,"15.5","0.0","0.0",,"27.8","17.8","  330","  340","8.9","11.6","    1",,"    1",,,,,
"USW00014742","BURLINGTON INTERNATIONAL AIRPORT, VT US","44.46825","-73.1499","101.1","2026-08-11","2.8",,"0.0","0.0","0.0",,"27.8","16.7","  330","  320","7.2","10.7","    1",,,,,,,
"USW00014742","BURLINGTON INTERNATIONAL AIRPORT, VT US","44.46825","-73.1499","101.1","2026-08-12","1.2",,"6.4","0.0","0.0",,"25.6","15.6","  230","  220","5.4","7.2",,,"    1",,,,,
"USW00014742","BURLINGTON INTERNATIONAL AIRPORT, VT US","44.46825","-73.1499","101.1","2026-08-13","2.3",,"8.4","0.0","0.0",,"26.1","15.6","  350","  330","7.2","11.2","    1",,"    1",,,,,
"USW00014742","BURLINGTON INTERNATIONAL AIRPORT, VT US","44.46825","-73.1499","101.1","2026-08-14","1.7",,"0.0","0.0","0.0",,"24.4","13.3","   20","   20","5.4","8.0","    1","    1",,,,,,
"USW00014742","BURLINGTON INTERNATIONAL AIRPORT, VT US","44.46825","-73.1499","101.1","2026-08-15","2.2",,"0.0","0.0",,,"22.8","12.8","  340","  310","7.2","9.8","    1",,,,,,,
"USW00014742","BURLINGTON INTERNATIONAL AIRPORT, VT US","44.46825","-73.1499","101.1","2026-08-16","3.9",,"0.0","0.0",,,"26.7","10.6","  190","  190","9.4","14.8",,,,,,,,
"USW00014742","BURLINGTON INTERNATIONAL AIRPORT, VT US","44.46825","-73.1499","101.1","2026-08-17","4.1",,"2.0","0.0","0.0",,"25.0","17.8","  190","  190","9.4","13.9","    1",,,,,,,
"USW00014742","BURLINGTON INTERNATIONAL AIRPORT, VT US","44.46825","-73.1499","101.1","2026-08-18","1.5",,"0.0","0.0","0.0",,"26.7","16.7","  330","  340","4.5","6.3","    1","    1",,,,,"    1",
"USW00014742","BURLINGTON INTERNATIONAL AIRPORT, VT US","44.46825","-73.1499","101.1","2026-08-19","1.9",,"0.0","0.0","0.0",,"26.7","15.6","  200","  190","6.7","8.9",,,,,,,,
"USW00014742","BURLINGTON INTERNATIONAL AIRPORT, VT US","44.46825","-73.1499","101.1","2026-08-20","1.3",,"0.0","0.0","0.0",,"25.0","13.9","  360","   10","5.4","6.7",,,,,,,,
"USW00014742","BURLINGTON INTERNATIONAL AIRPORT, VT US","44.46825","-73.1499","101.1","2026-08-21","2.0",,"0.0","0.0","0.0",,"25.6","11.1","  330","  340","5.8","8.5",,,,,,,,
"USW00014742","BURLINGTON INTERNATIONAL AIRPORT, VT US","44.46825","-73.1499","101.1","2026-08-22","2.5",,"0.0","0.0","0.0",,"27.2","11.7","  150","  140","6.7","9.4",,,,,,,,
"USW00014742","BURLINGTON INTERNATIONAL AIRPORT, VT US","44.46825","-73.1499","101.1","2026-08-23","3.0",,"0.3","0.0","0.0",,"26.7","17.2","  190","  180","6.7","10.3",,,"    1",,,,,
"USW00014742","BURLINGTON INTERNATIONAL AIRPORT, VT US","44.46825","-73.1499","101.1","2026-08-24","3.1",,"0.0","0.0","0.0",,"24.4","14.4","  190","  190","8.0","12.1",,,"    1",,,,,
"USW00014742","BURLINGTON INTERNATIONAL AIRPORT, VT US","44.46825","-73.1499","101.1","2026-08-25","2.0",,"0.0","0.0","0.0",,"23.9","16.1","  190","  300","5.4","7.2","    1",,,,,,,
"USW00014742","BURLINGTON INTERNATIONAL AIRPORT, VT US","44.46825","-73.1499","101.1","2026-08-26","1.7",,"0.0","0.0","0.0",,"26.7","15.0","  190","  200","4.5","6.3",,,,,,,,
"USW00014742","BURLINGTON INTERNATIONAL AIRPORT, VT US","44.46825","-73.1499","101.1","2026-08-27","4.8",,"0.0","0.0","0.0",,"26.7","16.1","  200","  190","11.2","17.0",,,,,,,,
"USW00014742","BURLINGTON INTERNATIONAL AIRPORT, VT US","44.46825","-73.1499","101.1","2026-08-28","3.8",,"0.0","0.0","0.0",,"25.6","15.0","  320","  330","8.0","12.1",,,,,,,,
"USW00014742","BURLINGTON INTERNATIONAL AIRPORT, VT US","44.46825","-73.1499","101.1","2026-08-29","2.2",,"0.0","0.0","0.0",,"25.0","10.0","  190",,"4.5",,,,,,,,,
"USW00014742","BURLINGTON INTERNATIONAL AIRPORT, VT US","44.46825","-73.1499","101.1","2026-08-30","3.2",,"0.5","0.0","0.0",,"20.6","17.2","  200","  190","7.2","10.7",,,,,,,,
"USW00014742","BURLINGTON INTERNATIONAL AIRPORT, VT US","44.46825","-73.1499","101.1","2026-08-31","1.3",,"0.0","0.0","0.0",,"26.7","12.2","  360","  290","3.6","5.4","    1","    1",,,,,,
"USW00014742","BURLINGTON INTERNATIONAL AIRPORT, VT US","44.46825","-73.1499","101.1","2026-09-01","2.1",,"0.0","0.0","0.0",,"25.6","16.1","  260","  110","5.4","7.2",,,,,,,,
"USW00014742","BURLINGTON INTERNATIONAL AIRPORT, VT US","44.46825","-73.1499","101.1","2026-09-02","5.0",,"5.1","0.0","0.0",,"25.0","17.8","  190","  200","9.8","13.4","    1",,,,,,,
"USW00014742","BURLINGTON INTERNATIONAL AIRPORT, VT US","44.46825","-73.1499","101.1","2026-09-03","3.9",,"2.8","0.0","0.0",,"27.8","17.2","  190","  210","7.2","11.6","    1",,,,,,,
"USW00014742","BURLINGTON INTERNATIONAL AIRPORT, VT US","44.46825","-73.1499","101.1","2026-09-04","2.1",,"0.0","0.0","0.0",,"25.0","16.1","  330","  340","6.3","9.4",,,,,,,,
"USW00014742","BURLINGTON INTERNATIONAL AIRPORT, VT US","44.46825","-73.1499","101.1","2026-09-05","3.1",,"0.0","0.0","0.0",,"21.7","15.0","  340","  340","7.6","8.9",,,,,,,,
"USW00014742","BURLINGTON INTERNATIONAL AIRPORT, VT US","44.46825","-73.1499","101.1","2026-09-06","3.5",,"0.0","0.0","0.0",,"22.2","12.2","  340","  330","8.9","12.1",,,,,,,,
"USW00014742","BURLINGTON INTERNATIONAL AIRPORT, VT US","44.46825","-73.1499","101.1","2026-09-07","2.0",,"0.0","0.0","0.0",,"26.1","10.0","  340","  330","7.2","9.4",,,,,,,,
"USW00014742","BURLINGTON INTERNATIONAL AIRPORT, VT US","44.46825","-73.1499","101.1","2026-09-08","1.2",,"0.5","0.0","0.0",,"22.8","12.2","  340","  340","4.5","7.2","    1",,,,,,,
"USW00014742","BURLINGTON INTERNATIONAL AIRPORT, VT US","44.46825","-73.1499","101.1","2026-09-09","4.1",,"18.8","0.0","0.0",,"21.7","12.2","  190","  200","9.8","14.8","    1",,,,,,,
"USW00014742","BURLINGTON INTERNATIONAL AIRPORT, VT US","44.46825","-73.1499","101.1","2026-09-10","4.5",,"0.0","0.0","0.0",,"26.1","16.1","  300","  330","10.3","12.1",,,,,,,,
"USW00014742","BURLINGTON INTERNATIONAL AIRPORT, VT US","44.46825","-73.1499","101.1","2026-09-11","2.5",,"0.0","0.0","0.0",,"20.6","10.0","  330","  330","6.7","9.4",,,,,,,,
"USW00014742","BURLINGTON INTERNATIONAL AIRPORT, VT US","44.46825","-73.1499","101.1","2026-09-12","3.8",,"4.1","0.0","0.0",,"25.0","7.8","  200","  200","9.4","13.0","    1",,,,,,,
"USW00014742","BURLINGTON INTERNATIONAL AIRPORT, VT US","44.46825","-73.1499","101.1","2026-09-13","5.3",,"4.1","0.0","0.0",,"24.4","17.2","  200","  170","8.9","13.0","    1",,,,,,,
"USW00014742","BURLINGTON INTERNATIONAL AIRPORT, VT US","44.46825","-73.1499","101.1","2026-09-14","5.0",,"0.0","0.0","0.0",,"21.1","9.4","  330","  340","10.3","14.3",,,,,,,,
"USW00014742","BURLINGTON INTERNATIONAL AIRPORT, VT US","44.46825","-73.1499","101.1","2026-09-15","3.4",,"0.0","0.0","0.0",,"21.1","6.7","  190","  190","7.6","12.5",,,,,,,,
"USW00014742","BURLINGTON INTERNATIONAL AIRPORT, VT US","44.46825","-73.1499","101.1","2026-09-16","2.6",,"1.0","0.0","0.0",,"24.4","15.0","  200","  210","8.0","12.1","    1",,,,,,,
"USW00014742","BURLINGTON INTERNATIONAL AIRPORT, VT US","44.46825","-73.1499","101.1","2026-09-17","1.3",,"0.0","0.0","0.0",,"23.3","15.6","  340","  340","5.8","7.2","    1",,,,,,,
