"STATION","NAME","LATITUDE","LONGITUDE","ELEVATION","DATE","PRCP","SNWD","TMAX","TMIN","TOBS"
"USC00435416","MOUNT MANSFIELD, VT US","44.5248","-72.8154","1204.0","2022-09-01","0.3","0.0","23.3","6.1","6.7"
"USC00435416","MOUNT MANSFIELD, VT US","44.5248","-72.8154","1204.0","2022-09-02","0.0","0.0","17.8","5.0","17.2"
"USC00435416","MOUNT MANSFIELD, VT US","44.5248","-72.8154","1204.0","2022-09-03","0.0","0.0","21.1","13.3","19.4"
"USC00435416","MOUNT MANSFIELD, VT US","44.5248","-72.8154","1204.0","2022-09-04","0.5","0.0","20.6","13.9","15.0"
"USC00435416","MOUNT MANSFIELD, VT US","44.5248","-72.8154","1204.0","2022-09-05","0.8","0.0","16.1","13.3","15.0"
"USC00435416","MOUNT MANSFIELD, VT US","44.5248","-72.8154","1204.0","2022-09-06","7.1","0.0","15.0","11.1","12.2"
"USC00435416","MOUNT MANSFIELD, VT US","44.5248","-72.8154","1204.0","2022-09-07","0.0","0.0","17.8","10.6","15.0"
"USC00435416","MOUNT MANSFIELD, VT US","44.5248","-72.8154","1204.0","2022-09-08","0.0","0.0","18.9","11.7","16.7"
"USC00435416","MOUNT MANSFIELD, VT US","44.5248","-72.8154","1204.0","2022-09-09","0.0","0.0","18.9","13.3","18.3"
"USC00435416","MOUNT MANSFIELD, VT US","44.5248","-72.8154","1204.0","2022-09-10","0.0","0.0","21.1","13.9","20.6"
"USC00435416","MOUNT MANSFIELD, VT US","44.5248","-72.8154","1204.0","2022-09-11","0.0","0.0","22.2","14.4","18.9"
"USC00435416","MOUNT MANSFIELD, VT US","44.5248","-72.8154","1204.0","2022-09-12","0.0","0.0","21.1","13.3","17.8"
"USC00435416","MOUNT MANSFIELD, VT US","44.5248","-72.8154","1204.0","2022-09-13","9.9","0.0","20.0","14.4","14.4"
"USC00435416","MOUNT MANSFIELD, VT US","44.5248","-72.8154","1204.0","2022-09-14",,"0.0","15.0","10.0","12.2"
"USC00435416","MOUNT MANSFIELD, VT US","44.5248","-72.8154","1204.0","2022-09-15","0.0","0.0","12.8","2.2","6.1"
"USC00435416","MOUNT MANSFIELD, VT US","44.5248","-72.8154","1204.0","2022-09-16","0.0","0.0","9.4","3.3","9.4"
"USC00435416","MOUNT MANSFIELD, VT US","44.5248","-72.8154","1204.0","2022-09-17","0.0","0.0","13.3","4.4","11.7"
"USC00435416","MOUNT MANSFIELD, VT US","44.5248","-72.8154","1204.0","2022-09-18","14.2","0.0","14.4","10.0","13.9"
"USC00435416","MOUNT MANSFIELD, VT US","44.5248","-72.8154","1204.0","2022-09-19","22.6","0.0","14.4","12.2","13.9"
"USC00435416","MOUNT MANSFIELD, VT US","44.5248","-72.8154","1204.0","2022-09-20",,"0.0","14.4","10.0","10.0"
"USC00435416","MOUNT MANSFIELD, VT US","44.5248","-72.8154","1204.0","2022-09-21",,"0.0","16.7","6.7","15.0"
"USC00435416","MOUNT MANSFIELD, VT US","44.5248","-72.8154","1204.0","2022-09-22","17.3","0.0","15.0","6.7","6.7"
"USC00435416","MOUNT MANSFIELD, VT US","44.5248","-72.8154","1204.0","2022-09-23","8.4","0.0","6.7","-1.1","-0.6"
"USC00435416","MOUNT MANSFIELD, VT US","44.5248","-72.8154","1204.0","2022-09-24","0.0","0.0","8.9","-0.6","8.3"
"USC00435416","MOUNT MANSFIELD, VT US","44.5248","-72.8154","1204.0","2022-09-25","0.3",,"8.9","4.4","7.2"
"USC00435416","MOUNT MANSFIELD, VT US","44.5248","-72.8154","1204.0","2022-09-26","14.2","0.0","11.1","6.1","10.6"
"USC00435416","MOUNT MANSFIELD, VT US","44.5248","-72.8154","1204.0","2022-09-27","4.8","0.0","10.6","5.0","6.7"
"USC00435416","MOUNT MANSFIELD, VT US","44.5248","-72.8154","1204.0","2022-09-28","25.1","0.0","7.2","6.1","6.7"
"USC00435416","MOUNT MANSFIELD, VT US","44.5248","-72.8154","1204.0","2022-09-29","4.8","0.0","7.2","0.6","2.8"
"USC00435416","MOUNT MANSFIELD, VT US","44.5248","-72.8154","1204.0","2022-09-30","0.0","0.0","12.2","1.7","8.9"
"USC00435416","MOUNT MANSFIELD, VT US","44.5248","-72.8154","1204.0","2022-10-01","0.0","0.0","15.0","6.7","12.2"
"USC00435416","MOUNT MANSFIELD, VT US","44.5248","-72.8154","1204.0","2022-10-02","0.0","0.0","13.3","2.2","5.6"
"USC00435416","MOUNT MANSFIELD, VT US","44.5248","-72.8154","1204.0","2022-10-03","0.0","0.0","11.1","0.6","11.1"
"USC00435416","MOUNT MANSFIELD, VT US","44.5248","-72.8154","1204.0","2022-10-04","0.0","0.0","12.8","3.9","9.4"
"USC00435416","MOUNT MANSFIELD, VT US","44.5248","-72.8154","1204.0","2022-10-05","0.0","0.0","18.3","8.3","16.1"
"USC00435416","MOUNT MANSFIELD, VT US","44.5248","-72.8154","1204.0","2022-10-06","0.0","0.0","17.2","10.0","16.1"
"USC00435416","MOUNT MANSFIELD, VT US","44.5248","-72.8154","1204.0","2022-10-07","8.4",,"16.7","5.6","5.6"
"USC00435416","MOUNT MANSFIELD, VT US","44.5248","-72.8154","1204.0","2022-10-08","1.3",,"5.6","-3.9","0.0"
"USC00435416","MOUNT MANSFIELD, VT US","44.5248","-72.8154","1204.0","2022-10-09","1.5",,"1.7","-1.1","1.1"
"USC00435416","MOUNT MANSFIELD, VT US","44.5248","-72.8154","1204.0","2022-10-10","0.5",,"3.3","-1.1","1.7"
"USC00435416","MOUNT MANSFIELD, VT US","44.5248","-72.8154","1204.0","2022-10-11","0.0",,"7.8","-0.6","7.8"
"USC00435416","MOUNT MANSFIELD, VT US","44.5248","-72.8154","1204.0","2022-10-12","0.0","0.0","15.6","6.1","12.8"
"USC00435416","MOUNT MANSFIELD, VT US","44.5248","-72.8154","1204.0","2022-10-13","0.8","0.0","12.8","6.7","10.6"
"USC00435416","MOUNT MANSFIELD, VT US","44.5248","-72.8154","1204.0","2022-10-14","75.4","0.0","11.1","4.4","7.2"
"USC00435416","MOUNT MANSFIELD, VT US","44.5248","-72.8154","1204.0","2022-10-15","0.0","0.0","12.8","2.8","10.0"
"USC00435416","MOUNT MANSFIELD, VT US","44.5248","-72.8154","1204.0","2022-10-16","0.0","0.0","10.0","1.1","8.3"
"USC00435416","MOUNT MANSFIELD, VT US","44.5248","-72.8154","1204.0","2022-10-17","1.3","0.0","8.3","2.2","3.3"
"USC00435416","MOUNT MANSFIELD, VT US","44.5248","-72.8154","1204.0","2022-10-18","4.6","0.0","7.2","1.7","3.3"
"USC00435416","MOUNT MANSFIELD, VT US","44.5248","-72.8154","1204.0","2022-10-19","0.5",,"5.0","-1.1","0.6"
"USC00435416","MOUNT MANSFIELD, VT US","44.5248","-72.8154","1204.0","2022-10-20","0.0",,"2.2","-2.2","0.0"
"USC00435416","MOUNT MANSFIELD, VT US","44.5248","-72.8154","1204.0","2022-10-21","0.0","0.0","8.3","-2.2","7.2"
"USC00435416","MOUNT MANSFIELD, VT US","44.5248","-72.8154","1204.0","2022-10-22","0.0","0.0","14.4","3.3","13.3"
"USC00435416","MOUNT MANSFIELD, VT US","44.5248","-72.8154","1204.0","2022-10-23","0.0","0.0","16.1","9.4","11.7"
"USC00435416","MOUNT MANSFIELD, VT US","44.5248","-72.8154","1204.0","2022-10-24","3.8","0.0","12.8","8.3","12.2"
"USC00435416","MOUNT MANSFIELD, VT US","44.5248","-72.8154","1204.0","2022-10-25","0.5","0.0","16.7","12.2","13.3"
"USC00435416","MOUNT MANSFIELD, VT US","44.5248","-72.8154","1204.0","2022-10-26","0.3","0.0","15.0","12.2","13.9"
"USC00435416","MOUNT MANSFIELD, VT US","44.5248","-72.8154","1204.0","2022-10-27","7.9","0.0","15.0","-0.6","0.0"
"USC00435416","MOUNT MANSFIELD, VT US","44.5248","-72.8154","1204.0","2022-10-28","0.0","0.0","7.8","-3.9","5.6"
"USC00435416","MOUNT MANSFIELD, VT US","44.5248","-72.8154","1204.0","2022-10-29","0.0","0.0","10.6","1.7","9.4"
"USC00435416","MOUNT MANSFIELD, VT US","44.5248","-72.8154","1204.0","2022-10-30","0.0","0.0","15.0","6.1","11.7"
"USC00435416","MOUNT MANSFIELD, VT US","44.5248","-72.8154","1204.0","2022-10-31","0.0","0.0","13.3","5.6","8.3"
"USC00435416","MOUNT MANSFIELD, VT US","44.5248","-72.8154","1204.0","2022-11-01","0.8","0.0","10.0","7.2","8.9"
"USC00435416","MOUNT MANSFIELD, VT US","44.5248","-72.8154","1204.0","2022-11-02","1.8","0.0","10.0","4.4","7.8"
"USC00435416","MOUNT MANSFIELD, VT US","44.5248","-72.8154","1204.0","2022-11-03","0.0","0.0","12.2","5.6","11.1"
"USC00435416","MOUNT MANSFIELD, VT US","44.5248","-72.8154","1204.0","2022-11-04","0.0","0.0","14.4","6.7","11.1"
"USC00435416","MOUNT MANSFIELD, VT US","44.5248","-72.8154","1204.0","2022-11-05","0.0","0.0","13.9","7.8","13.9"
"USC00435416","MOUNT MANSFIELD, VT US","44.5248","-72.8154","1204.0","2022-11-06","0.8","0.0","15.6","12.2","13.3"
"USC00435416","MOUNT MANSFIELD, VT US","44.5248","-72.8154","1204.0","2022-11-07","19.6","0.0","14.4","6.1","6.1"
"USC00435416","MOUNT MANSFIELD, VT US","44.5248","-72.8154","1204.0","2022-11-08","0.0","0.0","6.1","-6.1","-3.9"
"USC00435416","MOUNT MANSFIELD, VT US","44.5248","-72.8154","1204.0","2022-11-09","0.0","0.0","8.3","-6.7","5.6"
"USC00435416","MOUNT MANSFIELD, VT US","44.5248","-72.8154","1204.0","2022-11-10","0.0","0.0","11.7","3.3","10.0"
"USC00435416","MOUNT MANSFIELD, VT US","44.5248","-72.8154","1204.0","2022-11-11","0.8","0.0","12.8","6.7","11.7"
"USC00435416","MOUNT MANSFIELD, VT US","44.5248","-72.8154","1204.0","2022-11-12","46.5","0.0","15.0","6.1","6.1"
"USC00435416","MOUNT MANSFIELD, VT US","44.5248","-72.8154","1204.0","2022-11-13","2.8",,"6.1","-4.4","-4.4"
"USC00435416","MOUNT MANSFIELD, VT US","44.5248","-72.8154","1204.0","2022-11-14","0.8","25.0","-4.4","-11.1","-8.3"
"USC00435416","MOUNT MANSFIELD, VT US","44.5248","-72.8154","1204.0","2022-11-15","0.0","25.0","-4.4","-9.4","-7.2"
"USC00435416","MOUNT MANSFIELD, VT US","44.5248","-72.8154","1204.0","2022-11-16","10.9","178.0","-1.1","-8.3","-3.3"
"USC00435416","MOUNT MANSFIELD, VT US","44.5248","-72.8154","1204.0","2022-11-17","2.3","229.0","-3.3","-9.4","-8.9"
"USC00435416","MOUNT MANSFIELD, VT US","44.5248","-72.8154","1204.0","2022-11-18","0.8","254.0","-6.7","-12.2","-7.8"
"USC00435416","MOUNT MANSFIELD, VT US","44.5248","-72.8154","1204.0","2022-11-19","0.8","229.0","-1.1","-9.4","-4.4"
"USC00435416","MOUNT MANSFIELD, VT US","44.5248","-72.8154","1204.0","2022-11-20","1.5","254.0","-4.4","-12.8","-12.8"
"USC00435416","MOUNT MANSFIELD, VT US","44.5248","-72.8154","1204.0","2022-11-21","0.3","229.0","-8.3","-17.8","-9.4"
"USC00435416","MOUNT MANSFIELD, VT US","44.5248","-72.8154","1204.0","2022-11-22","0.0","229.0","-5.0","-11.1","-6.1"
"USC00435416","MOUNT MANSFIELD, VT US","44.5248","-72.8154","1204.0","2022-11-23","0.0","203.0","-4.4","-7.2","-6.7"
"USC00435416","MOUNT MANSFIELD, VT US","44.5248","-72.8154","1204.0","2022-11-24","0.0","203.0","-1.1","-8.9","-2.2"
"USC00435416","MOUNT MANSFIELD, VT US","44.5248","-72.8154","1204.0","2022-11-25","2.5","203.0","0.0","-2.8","-2.8"
"USC00435416","MOUNT MANSFIELD, VT US","44.5248","-72.8154","1204.0","2022-11-26","3.8","203.0","-0.6","-7.2","-2.2"
"USC00435416","MOUNT MANSFIELD, VT US","44.5248","-72.8154","1204.0","2022-11-27",,"203.0","4.4","-2.2","2.2"
"USC00435416","MOUNT MANSFIELD, VT US","44.5248","-72.8154","1204.0","2022-11-28",,"203.0","2.2","-6.1","-6.1"
"USC00435416","MOUNT MANSFIELD, VT US","44.5248","-72.8154","1204.0","2022-11-29",,"229.0","-5.0","-11.1","-7.8"
"USC00435416","MOUNT MANSFIELD, VT US","44.5248","-72.8154","1204.0","2022-11-30","14.0","229.0","0.6","-7.8","0.6"
"USC00435416","MOUNT MANSFIELD, VT US","44.5248","-72.8154","1204.0","2022-12-01","18.3","254.0","3.3","-9.4","-8.9"
"USC00435416","MOUNT MANSFIELD, VT US","44.5248","-72.8154","1204.0","2022-12-02","0.0","254.0","-3.3","-9.4","-6.1"
"USC00435416","MOUNT MANSFIELD, VT US","44.5248","-72.8154","1204.0","2022-12-03","4.3","203.0","3.3","-6.1","3.3"
"USC00435416","MOUNT MANSFIELD, VT US","44.5248","-72.8154","1204.0","2022-12-04","1.3","229.0","3.3","-11.1","-8.9"
"USC00435416","MOUNT MANSFIELD, VT US","44.5248","-72.8154","1204.0","2022-12-05","0.0","203.0","0.0","-9.4","-2.8"
"USC00435416","MOUNT MANSFIELD, VT US","44.5248","-72.8154","1204.0","2022-12-06","2.0","203.0","1.7","-4.4","0.6"
"USC00435416","MOUNT MANSFIELD, VT US","44.5248","-72.8154","1204.0","2022-12-07","16.5","178.0","6.7","0.6","6.1"
"USC00435416","MOUNT MANSFIELD, VT US","44.5248","-72.8154","1204.0","2022-12-08","5.3","152.0","6.7","-5.6","-5.6"
"USC00435416","MOUNT MANSFIELD, VT US","44.5248","-72.8154","1204.0","2022-12-09","0.0","152.0","-4.4","-10.0","-8.3"
"USC00435416","MOUNT MANSFIELD, VT US","44.5248","-72.8154","1204.0","2022-12-10",,"152.0","-1.1","-10.0","-4.4"
"USC00435416","MOUNT MANSFIELD, VT US","44.5248","-72.8154","1204.0","2022-12-11","0.8","152.0","-2.2","-9.4","-6.7"
"USC00435416","MOUNT MANSFIELD, VT US","44.5248","-72.8154","1204.0","2022-12-12","3.6","152.0","-5.6","-12.2","-9.4"
"USC00435416","MOUNT MANSFIELD, VT US","44.5248","-72.8154","1204.0","2022-12-13","0.0","152.0","-5.0","-11.1","-10.0"
"USC00435416","MOUNT MANSFIELD, VT US","44.5248","-72.8154","1204.0","2022-12-14","1.3","178.0","-7.2","-16.7","-7.2"
"USC00435416","MOUNT MANSFIELD, VT US","44.5248","-72.8154","1204.0","2022-12-15","0.0","178.0","-2.8","-7.2","-4.4"
"USC00435416","MOUNT MANSFIELD, VT US","44.5248","-72.8154","1204.0","2022-12-16","5.6",,"-4.4","-6.7","-5.6"
"USC00435416","MOUNT MANSFIELD, VT US","44.5248","-72.8154","1204.0","2022-12-17","1.5","508.0","-3.9","-6.7","-6.1"
"USC00435416","MOUNT MANSFIELD, VT US","44.5248","-72.8154","1204.0","2022-12-18","0.3","457.0","-6.1","-8.9","-8.3"
"USC00435416","MOUNT MANSFIELD, VT US","44.5248","-72.8154","1204.0","2022-12-19","0.0","483.0","-7.8","-9.4","-8.9"
"USC00435416","MOUNT MANSFIELD, VT US","44.5248","-72.8154","1204.0","2022-12-20","0.5","457.0","-6.7","-10.6","-9.4"
"USC00435416","MOUNT MANSFIELD, VT US","44.5248","-72.8154","1204.0","2022-12-21","0.0","457.0","-1.7","-11.7","-6.1"
"USC00435416","MOUNT MANSFIELD, VT US","44.5248","-72.8154","1204.0","2022-12-22","0.0","432.0","-5.0","-9.4","-7.8"
"USC00435416","MOUNT MANSFIELD, VT US","44.5248","-72.8154","1204.0","2022-12-23","62.7","483.0","3.3","-7.8","0.0"
"USC00435416","MOUNT MANSFIELD, VT US","44.5248","-72.8154","1204.0","2022-12-24",,"508.0","0.0","-21.7","-20.0"
"USC00435416","MOUNT MANSFIELD, VT US","44.5248","-72.8154","1204.0","2022-12-25",,"508.0","-13.9","-20.6","-13.9"
"USC00435416","MOUNT MANSFIELD, VT US","44.5248","-72.8154","1204.0","2022-12-26",,"533.0","-12.2","-15.0","-12.8"
"USC00435416","MOUNT MANSFIELD, VT US","44.5248","-72.8154","1204.0","2022-12-27",,"610.0","-11.7","-13.9","-12.2"
"USC00435416","MOUNT MANSFIELD, VT US","44.5248","-72.8154","1204.0","2022-12-28",,"610.0","-7.2","-12.2","-7.8"
"USC00435416","MOUNT MANSFIELD, VT US","44.5248","-72.8154","1204.0","2022-12-29","0.0","610.0","0.0","-7.8","-1.7"
"USC00435416","MOUNT MANSFIELD, VT US","44.5248","-72.8154","1204.0","2022-12-30","0.0","457.0","7.2","-1.7","6.1"
"USC00435416","MOUNT MANSFIELD, VT US","44.5248","-72.8154","1204.0","2022-12-31","1.0","381.0","6.7","3.9","4.4"
"USC00435416","MOUNT MANSFIELD, VT US","44.5248","-72.8154","1204.0","2023-01-01","20.6","330.0","6.7","-4.4","-4.4"
"USC00435416","MOUNT MANSFIELD, VT US","44.5248","-72.8154","1204.0","2023-01-02",,"305.0","-2.8","-5.0","-3.9"
"USC00435416","MOUNT MANSFIELD, VT US","44.5248","-72.8154","1204.0","2023-01-03","0.0","305.0","0.6","-6.1","0.0"
"USC00435416","MOUNT MANSFIELD, VT US","44.5248","-72.8154","1204.0","2023-01-04","1.8","254.0","5.0","0.0","0.6"
"USC00435416","MOUNT MANSFIELD, VT US","44.5248","-72.8154","1204.0","2023-01-05",,"254.0","0.6","-1.7","-1.1"
"USC00435416","MOUNT MANSFIELD, VT US","44.5248","-72.8154","1204.0","2023-01-06",,"254.0","-0.6","-3.9","-2.8"
"USC00435416","MOUNT MANSFIELD, VT US","44.5248","-72.8154","1204.0","2023-01-07",,"330.0","-2.2","-11.7","-11.7"
"USC00435416","MOUNT MANSFIELD, VT US","44.5248","-72.8154","1204.0","2023-01-08",,"356.0","-7.8","-16.7","-8.9"
"USC00435416","MOUNT MANSFIELD, VT US","44.5248","-72.8154","1204.0","2023-01-09","0.0","356.0","-8.3","-10.6","-8.9"
"USC00435416","MOUNT MANSFIELD, VT US","44.5248","-72.8154","1204.0","2023-01-10",,,"-6.7","-15.6","-12.2"
"USC00435416","MOUNT MANSFIELD, VT US","44.5248","-72.8154","1204.0","2023-01-11",,"457.0","-2.2","-16.1","-11.7"
"USC00435416","MOUNT MANSFIELD, VT US","44.5248","-72.8154","1204.0","2023-01-12",,"457.0","-6.1","-12.8","-6.1"
"USC00435416","MOUNT MANSFIELD, VT US","44.5248","-72.8154","1204.0","2023-01-13",,,"0.6","-8.9","-8.9"
"USC00435416","MOUNT MANSFIELD, VT US","44.5248","-72.8154","1204.0","2023-01-14",,"533.0","-4.4","-11.1","-8.9"
"USC00435416","MOUNT MANSFIELD, VT US","44.5248","-72.8154","1204.0","2023-01-15",,"559.0","-2.2","-12.8","-6.1"
"USC00435416","MOUNT MANSFIELD, VT US","44.5248","-72.8154","1204.0","2023-01-16",,,"-3.9","-10.0","-6.1"
"USC00435416","MOUNT MANSFIELD, VT US","44.5248","-72.8154","1204.0","2023-01-17",,,"0.0","-7.8","-4.4"
"USC00435416","MOUNT MANSFIELD, VT US","44.5248","-72.8154","1204.0","2023-01-18",,"584.0","0.0","-4.4","-3.9"
"USC00435416","MOUNT MANSFIELD, VT US","44.5248","-72.8154","1204.0","2023-01-19",,"584.0","-1.7","-7.8","-5.0"
"USC00435416","MOUNT MANSFIELD, VT US","44.5248","-72.8154","1204.0","2023-01-20",,"660.0","-3.9","-6.7","-3.9"
"USC00435416","MOUNT MANSFIELD, VT US","44.5248","-72.8154","1204.0","2023-01-21",,"686.0","-3.9","-11.7","-9.4"
"USC00435416","MOUNT MANSFIELD, VT US","44.5248","-72.8154","1204.0","2023-01-22",,"686.0","-6.1","-10.0","-8.3"
"USC00435416","MOUNT MANSFIELD, VT US","44.5248","-72.8154","1204.0","2023-01-23",,"737.0","-3.3","-8.9","-8.9"
"USC00435416","MOUNT MANSFIELD, VT US","44.5248","-72.8154","1204.0","2023-01-24",,"762.0","-6.1","-9.4","-6.1"
"USC00435416","MOUNT MANSFIELD, VT US","44.5248","-72.8154","1204.0","2023-01-25",,"787.0","-6.1","-11.7","-10.0"
"USC00435416","MOUNT MANSFIELD, VT US","44.5248","-72.8154","1204.0","2023-01-26",,"965.0","-1.1","-10.6","-10.6"
"USC00435416","MOUNT MANSFIELD, VT US","44.5248","-72.8154","1204.0","2023-01-27",,"1016.0","-6.1","-12.8","-7.2"
"USC00435416","MOUNT MANSFIELD, VT US","44.5248","-72.8154","1204.0","2023-01-28",,"1016.0","-5.0","-8.9","-6.7"
"USC00435416","MOUNT MANSFIELD, VT US","44.5248","-72.8154","1204.0","2023-01-29",,"991.0","-2.2","-8.3","-2.2"
"USC00435416","MOUNT MANSFIELD, VT US","44.5248","-72.8154","1204.0","2023-01-30",,"1041.0","-2.2","-11.1","-8.3"
"USC00435416","MOUNT MANSFIELD, VT US","44.5248","-72.8154","1204.0","2023-01-31",,"1118.0","-7.2","-15.6","-8.9"
"USC00435416","MOUNT MANSFIELD, VT US","44.5248","-72.8154","1204.0","2023-02-01",,"1067.0","-8.9","-21.7","-13.3"
"USC00435416","MOUNT MANSFIELD, VT US","44.5248","-72.8154","1204.0","2023-02-02",,"1067.0","-8.3","-15.0","-9.4"
"USC00435416","MOUNT MANSFIELD, VT US","44.5248","-72.8154","1204.0","2023-02-03",,"1067.0","-9.4","-33.3","-32.8"
"USC00435416","MOUNT MANSFIELD, VT US","44.5248","-72.8154","1204.0","2023-02-04",,"1067.0","-17.8","-37.2","-18.3"
"USC00435416","MOUNT MANSFIELD, VT US","44.5248","-72.8154","1204.0","2023-02-05","0.0","1067.0","-5.0","-22.8","-5.6"
"USC00435416","MOUNT MANSFIELD, VT US","44.5248","-72.8154","1204.0","2023-02-06","0.0","1067.0","-1.1","-5.6","-2.2"
"USC00435416","MOUNT MANSFIELD, VT US","44.5248","-72.8154","1204.0","2023-02-07","0.0","1041.0","-2.2","-12.8","-6.7"
"USC00435416","MOUNT MANSFIELD, VT US","44.5248","-72.8154","1204.0","2023-02-08",,"1041.0","-2.8","-6.7","-3.3"
"USC00435416","MOUNT MANSFIELD, VT US","44.5248","-72.8154","1204.0","2023-02-09",,"1041.0","-1.1","-6.7","-3.9"
"USC00435416","MOUNT MANSFIELD, VT US","44.5248","-72.8154","1204.0","2023-02-10",,"991.0","5.0","-4.4","-3.9"
"USC00435416","MOUNT MANSFIELD, VT US","44.5248","-72.8154","1204.0","2023-02-11",,"1092.0",,,
"USC00435416","MOUNT MANSFIELD, VT US","44.5248","-72.8154","1204.0","2023-02-12","0.0","1067.0",,,"-3.9"
"USC00435416","MOUNT MANSFIELD, VT US","44.5248","-72.8154","1204.0","2023-02-13",,"1067.0","0.6","-6.7","-1.7"
"USC00435416","MOUNT MANSFIELD, VT US","44.5248","-72.8154","1204.0","2023-02-14",,"1143.0","-1.7","-7.2","-5.0"
"USC00435416","MOUNT MANSFIELD, VT US","44.5248","-72.8154","1204.0","2023-02-15","0.0","1143.0","5.6","-6.1","3.9"
"USC00435416","MOUNT MANSFIELD, VT US","44.5248","-72.8154","1204.0","2023-02-16",,"1067.0",,,"-1.7"
"USC00435416","MOUNT MANSFIELD, VT US","44.5248","-72.8154","1204.0","2023-02-17",,"1092.0","5.6","-16.7","-16.7"
"USC00435416","MOUNT MANSFIELD, VT US","44.5248","-72.8154","1204.0","2023-02-18",,"1092.0","-8.3",,"-8.9"
"USC00435416","MOUNT MANSFIELD, VT US","44.5248","-72.8154","1204.0","2023-02-19",,"1067.0","-1.7","-10.6","-3.9"
"USC00435416","MOUNT MANSFIELD, VT US","44.5248","-72.8154","1204.0","2023-02-20",,"1092.0","-1.1","-7.2","-3.9"
"USC00435416","MOUNT MANSFIELD, VT US","44.5248","-72.8154","1204.0","2023-02-21",,"1118.0","-3.3","-10.6","-4.4"
"USC00435416","MOUNT MANSFIELD, VT US","44.5248","-72.8154","1204.0","2023-02-22",,"1143.0","-3.9","-15.6","-12.2"
"USC00435416","MOUNT MANSFIELD, VT US","44.5248","-72.8154","1204.0","2023-02-23",,"1321.0","-8.9","-14.4","-9.4"
"USC00435416","MOUNT MANSFIELD, VT US","44.5248","-72.8154","1204.0","2023-02-24",,"1270.0","-5.6","-22.2","-19.4"
"USC00435416","MOUNT MANSFIELD, VT US","44.5248","-72.8154","1204.0","2023-02-25",,"1270.0","-8.9","-28.3","-17.8"
"USC00435416","MOUNT MANSFIELD, VT US","44.5248","-72.8154","1204.0","2023-02-26",,"1346.0","-2.2","-18.9","-8.9"
"USC00435416","MOUNT MANSFIELD, VT US","44.5248","-72.8154","1204.0","2023-02-27",,"1372.0","-5.0","-16.1","-7.2"
"USC00435416","MOUNT MANSFIELD, VT US","44.5248","-72.8154","1204.0","2023-02-28",,"1422.0","-7.2","-16.7","-7.8"
"USC00435416","MOUNT MANSFIELD, VT US","44.5248","-72.8154","1204.0","2023-03-01",,"1422.0","-0.6","-9.4","-5.0"
"USC00435416","MOUNT MANSFIELD, VT US","44.5248","-72.8154","1204.0","2023-03-02",,"1448.0",,,
"USC00435416","MOUNT MANSFIELD, VT US","44.5248","-72.8154","1204.0","2023-03-03",,"1448.0",,,
"USC00435416","MOUNT MANSFIELD, VT US","44.5248","-72.8154","1204.0","2023-03-04",,"1626.0",,,
"USC00435416","MOUNT MANSFIELD, VT US","44.5248","-72.8154","1204.0","2023-03-05",,"1626.0",,,
"USC00435416","MOUNT MANSFIELD, VT US","44.5248","-72.8154","1204.0","2023-03-06",,"1600.0",,,
"USC00435416","MOUNT MANSFIELD, VT US","44.5248","-72.8154","1204.0","2023-03-07",,"1651.0",,,
"USC00435416","MOUNT MANSFIELD, VT US","44.5248","-72.8154","1204.0","2023-03-08",,"1651.0",,,
"USC00435416","MOUNT MANSFIELD, VT US","44.5248","-72.8154","1204.0","2023-03-09",,"1626.0",,,
"USC00435416","MOUNT MANSFIELD, VT US","44.5248","-72.8154","1204.0","2023-03-10",,"1600.0",,,
"USC00435416","MOUNT MANSFIELD, VT US","44.5248","-72.8154","1204.0","2023-03-11","0.0","1575.0",,,
"USC00435416","MOUNT MANSFIELD, VT US","44.5248","-72.8154","1204.0","2023-03-12","0.0","1575.0",,,
"USC00435416","MOUNT MANSFIELD, VT US","44.5248","-72.8154","1204.0","2023-03-13",,"1575.0",,,
"USC00435416","MOUNT MANSFIELD, VT US","44.5248","-72.8154","1204.0","2023-03-14",,"1956.0","-3.3","-6.7","-6.1"
"USC00435416","MOUNT MANSFIELD, VT US","44.5248","-72.8154","1204.0","2023-03-15",,"2286.0",,,
"USC00435416","MOUNT MANSFIELD, VT US","44.5248","-72.8154","1204.0","2023-03-16",,"2184.0",,,
"USC00435416","MOUNT MANSFIELD, VT US","44.5248","-72.8154","1204.0","2023-03-17",,"2108.0",,,
"USC00435416","MOUNT MANSFIELD, VT US","44.5248","-72.8154","1204.0","2023-03-18",,"2057.0",,,
"USC00435416","MOUNT MANSFIELD, VT US","44.5248","-72.8154","1204.0","2023-03-19",,"2134.0",,,
"USC00435416","MOUNT MANSFIELD, VT US","44.5248","-72.8154","1204.0","2023-03-20",,"2134.0",,,
"USC00435416","MOUNT MANSFIELD, VT US","44.5248","-72.8154","1204.0","2023-03-21",,"2108.0","5.0","-10.6","-2.8"
"USC00435416","MOUNT MANSFIELD, VT US","44.5248","-72.8154","1204.0","2023-03-22",,"2108.0","5.0","-6.7","3.3"
"USC00435416","MOUNT MANSFIELD, VT US","44.5248","-72.8154","1204.0","2023-03-23",,"2083.0","3.3","-1.1","1.7"
"USC00435416","MOUNT MANSFIELD, VT US","44.5248","-72.8154","1204.0","2023-03-24",,"2032.0","1.7","-7.8","-6.1"
"USC00435416","MOUNT MANSFIELD, VT US","44.5248","-72.8154","1204.0","2023-03-25",,"2007.0","-4.4","-8.3","-6.1"
"USC00435416","MOUNT MANSFIELD, VT US","44.5248","-72.8154","1204.0","2023-03-26",,"2083.0",,,
"USC00435416","MOUNT MANSFIELD, VT US","44.5248","-72.8154","1204.0","2023-03-27",,"2057.0",,,
"USC00435416","MOUNT MANSFIELD, VT US","44.5248","-72.8154","1204.0","2023-03-28",,"2032.0","-1.1","-6.7","-3.9"
"USC00435416","MOUNT MANSFIELD, VT US","44.5248","-72.8154","1204.0","2023-03-29",,"2007.0","-1.1","-9.4","-1.7"
"USC00435416","MOUNT MANSFIELD, VT US","44.5248","-72.8154","1204.0","2023-03-30",,"2083.0",,,
"USC00435416","MOUNT MANSFIELD, VT US","44.5248","-72.8154","1204.0","2023-03-31",,"2108.0",,,
"USC00435416","MOUNT MANSFIELD, VT US","44.5248","-72.8154","1204.0","2023-04-01",,"2007.0",,,
"USC00435416","MOUNT MANSFIELD, VT US","44.5248","-72.8154","1204.0","2023-04-02",,"2007.0",,,"-9.4"
"USC00435416","MOUNT MANSFIELD, VT US","44.5248","-72.8154","1204.0","2023-04-03",,"1981.0","2.2","-12.2","0.6"
"USC00435416","MOUNT MANSFIELD, VT US","44.5248","-72.8154","1204.0","2023-04-04",,"1956.0","5.0","-8.3","1.7"
"USC00435416","MOUNT MANSFIELD, VT US","44.5248","-72.8154","1204.0","2023-04-05",,"1930.0","3.9","-3.9","-1.1"
"USC00435416","MOUNT MANSFIELD, VT US","44.5248","-72.8154","1204.0","2023-04-06",,"1905.0",,,
"USC00435416","MOUNT MANSFIELD, VT US","44.5248","-72.8154","1204.0","2023-04-07",,"1880.0",,,
"USC00435416","MOUNT MANSFIELD, VT US","44.5248","-72.8154","1204.0","2023-04-08",,"1854.0",,,
"USC00435416","MOUNT MANSFIELD, VT US","44.5248","-72.8154","1204.0","2023-04-09",,"1829.0","2.2",,"-2.2"
"USC00435416","MOUNT MANSFIELD, VT US","44.5248","-72.8154","1204.0","2023-04-10",,"1803.0","10.6",,"9.4"
"USC00435416","MOUNT MANSFIELD, VT US","44.5248","-72.8154","1204.0","2023-04-11",,"1778.0","10.0",,"10.0"
"USC00435416","MOUNT MANSFIELD, VT US","44.5248","-72.8154","1204.0","2023-04-12",,"1702.0","10.6",,"5.0"
"USC00435416","MOUNT MANSFIELD, VT US","44.5248","-72.8154","1204.0","2023-04-13",,"1575.0","21.1",,"20.6"
"USC00435416","MOUNT MANSFIELD, VT US","44.5248","-72.8154","1204.0","2023-04-14",,"1422.0","20.6","9.4","20.0"
"USC00435416","MOUNT MANSFIELD, VT US","44.5248","-72.8154","1204.0","2023-04-15",,"1219.0","20.6","7.2","19.4"
"USC00435416","MOUNT MANSFIELD, VT US","44.5248","-72.8154","1204.0","2023-04-16","0.0","1194.0","21.1","11.1","17.2"
"USC00435416","MOUNT MANSFIELD, VT US","44.5248","-72.8154","1204.0","2023-04-17","9.7","1092.0","17.2","6.1","6.7"
"USC00435416","MOUNT MANSFIELD, VT US","44.5248","-72.8154","1204.0","2023-04-18",,"1067.0",,,
"USC00435416","MOUNT MANSFIELD, VT US","44.5248","-72.8154","1204.0","2023-04-19",,"1067.0","-2.2","-7.8","-3.9"
"USC00435416","MOUNT MANSFIELD, VT US","44.5248","-72.8154","1204.0","2023-04-20","0.0","1041.0","0.6",,"0.6"
"USC00435416","MOUNT MANSFIELD, VT US","44.5248","-72.8154","1204.0","2023-04-21",,"965.0","13.3","-1.7","13.3"
"USC00435416","MOUNT MANSFIELD, VT US","44.5248","-72.8154","1204.0","2023-04-22",,"914.0","13.3","1.1","5.0"
"USC00435416","MOUNT MANSFIELD, VT US","44.5248","-72.8154","1204.0","2023-04-23",,"914.0","5.0",,"0.6"
"USC00435416","MOUNT MANSFIELD, VT US","44.5248","-72.8154","1204.0","2023-04-24",,"889.0","1.7","0.0","0.0"
"USC00435416","MOUNT MANSFIELD, VT US","44.5248","-72.8154","1204.0","2023-04-25",,"889.0","3.9","-1.7","0.0"
"USC00435416","MOUNT MANSFIELD, VT US","44.5248","-72.8154","1204.0","2023-04-26",,"864.0","5.6","-2.8","1.7"
"USC00435416","MOUNT MANSFIELD, VT US","44.5248","-72.8154","1204.0","2023-04-27",,"838.0","5.6","-1.1","2.8"
"USC00435416","MOUNT MANSFIELD, VT US","44.5248","-72.8154","1204.0","2023-04-28",,"787.0","12.8","0.0","11.1"
"USC00435416","MOUNT MANSFIELD, VT US","44.5248","-72.8154","1204.0","2023-04-29","0.3","787.0","11.1","1.1","1.1"
"USC00435416","MOUNT MANSFIELD, VT US","44.5248","-72.8154","1204.0","2023-04-30","5.3","787.0","3.9","0.0","3.3"
"USC00435416","MOUNT MANSFIELD, VT US","44.5248","-72.8154","1204.0","2023-05-01","13.7","787.0","6.7","-1.7","3.3"
"USC00435416","MOUNT MANSFIELD, VT US","44.5248","-72.8154","1204.0","2023-05-02","6.6","787.0","5.0","-1.1","3.3"
"USC00435416","MOUNT MANSFIELD, VT US","44.5248","-72.8154","1204.0","2023-05-03","3.6","787.0","3.9","0.6","1.1"
"USC00435416","MOUNT MANSFIELD, VT US","44.5248","-72.8154","1204.0","2023-05-04","2.3","787.0","2.2","0.0","1.1"
"USC00435416","MOUNT MANSFIELD, VT US","44.5248","-72.8154","1204.0","2023-05-05","1.0","762.0","7.2","0.6","5.6"
"USC00435416","MOUNT MANSFIELD, VT US","44.5248","-72.8154","1204.0","2023-05-06","0.0","711.0","13.3","3.9","12.8"
"USC00435416","MOUNT MANSFIELD, VT US","44.5248","-72.8154","1204.0","2023-05-07","0.0","660.0","15.6","5.6","12.8"
"USC00435416","MOUNT MANSFIELD, VT US","44.5248","-72.8154","1204.0","2023-05-08","0.0","635.0","12.8","3.3","7.8"
"USC00435416","MOUNT MANSFIELD, VT US","44.5248","-72.8154","1204.0","2023-05-09","0.0","533.0","7.8","0.6","6.1"
"USC00435416","MOUNT MANSFIELD, VT US","44.5248","-72.8154","1204.0","2023-05-10","0.0","483.0","14.4","1.1","13.9"
"USC00435416","MOUNT MANSFIELD, VT US","44.5248","-72.8154","1204.0","2023-05-11","0.0","432.0","17.2","6.1","16.7"
"USC00435416","MOUNT MANSFIELD, VT US","44.5248","-72.8154","1204.0","2023-05-12","2.3","406.0","17.8","7.8","15.6"
"USC00435416","MOUNT MANSFIELD, VT US","44.5248","-72.8154","1204.0","2023-05-13","0.0","381.0","17.2","2.8","12.2"
"USC00435416","MOUNT MANSFIELD, VT US","44.5248","-72.8154","1204.0","2023-05-14","0.0","305.0","12.8","-2.8","6.7"
"USC00435416","MOUNT MANSFIELD, VT US","44.5248","-72.8154","1204.0","2023-05-15","0.0","254.0","12.8","3.9","11.7"
"USC00435416","MOUNT MANSFIELD, VT US","44.5248","-72.8154","1204.0","2023-05-16","0.0","254.0","12.8","5.6","5.6"
"USC00435416","MOUNT MANSFIELD, VT US","44.5248","-72.8154","1204.0","2023-05-17","0.5","254.0","5.6","-7.2","-5.6"
"USC00435416","MOUNT MANSFIELD, VT US","44.5248","-72.8154","1204.0","2023-05-18","0.0","254.0","8.9","-5.6","7.8"
"USC00435416","MOUNT MANSFIELD, VT US","44.5248","-72.8154","1204.0","2023-05-19","0.0","152.0",,,
"USC00435416","MOUNT MANSFIELD, VT US","44.5248","-72.8154","1204.0","2023-05-20","2.5","76.0","17.8","7.8","11.1"
"USC00435416","MOUNT MANSFIELD, VT US","44.5248","-72.8154","1204.0","2023-05-21","15.2","25.0","12.2","1.7","11.1"
"USC00435416","MOUNT MANSFIELD, VT US","44.5248","-72.8154","1204.0","2023-05-22","0.8","0.0","13.3","3.3","10.6"
"USC00435416","MOUNT MANSFIELD, VT US","44.5248","-72.8154","1204.0","2023-05-23",,"0.0","18.9","6.1","17.2"
"USC00435416","MOUNT MANSFIELD, VT US","44.5248","-72.8154","1204.0","2023-05-24","7.6","0.0","17.8","5.0","5.0"
"USC00435416","MOUNT MANSFIELD, VT US","44.5248","-72.8154","1204.0","2023-05-25",,"0.0","7.2","-0.6","7.2"
"USC00435416","MOUNT MANSFIELD, VT US","44.5248","-72.8154","1204.0","2023-05-26","0.0","0.0","12.8","2.8","12.8"
"USC00435416","MOUNT MANSFIELD, VT US","44.5248","-72.8154","1204.0","2023-05-27",,"0.0","20.6","7.2","18.3"
"USC00435416","MOUNT MANSFIELD, VT US","44.5248","-72.8154","1204.0","2023-05-28","0.0","0.0",,,
"USC00435416","MOUNT MANSFIELD, VT US","44.5248","-72.8154","1204.0","2023-05-29",,"0.0",,,
"USC00435416","MOUNT MANSFIELD, VT US","44.5248","-72.8154","1204.0","2023-05-30","0.0","0.0",,,
"USC00435416","MOUNT MANSFIELD, VT US","44.5248","-72.8154","1204.0","2023-05-31",,"0.0",,,
"USC00435416","MOUNT MANSFIELD, VT US","44.5248","-72.8154","1204.0","2023-06-01","0.0","0.0",,,
"USC00435416","MOUNT MANSFIELD, VT US","44.5248","-72.8154","1204.0","2023-06-02","0.0","0.0",,,
"USC00435416","MOUNT MANSFIELD, VT US","44.5248","-72.8154","1204.0","2023-06-03","2.8","0.0",,"7.2","10.6"
"USC00435416","MOUNT MANSFIELD, VT US","44.5248","-72.8154","1204.0","2023-06-04","1.3","0.0","11.7","2.2","10.6"
"USC00435416","MOUNT MANSFIELD, VT US","44.5248","-72.8154","1204.0","2023-06-05","0.0","0.0","14.4","4.4","13.9"
"USC00435416","MOUNT MANSFIELD, VT US","44.5248","-72.8154","1204.0","2023-06-06","0.0","0.0","14.4","7.2","11.1"
"USC00435416","MOUNT MANSFIELD, VT US","44.5248","-72.8154","1204.0","2023-06-07","14.7","0.0","11.1","3.9","5.0"
"USC00435416","MOUNT MANSFIELD, VT US","44.5248","-72.8154","1204.0","2023-06-08","5.6","0.0","8.9","3.3","6.7"
"USC00435416","MOUNT MANSFIELD, VT US","44.5248","-72.8154","1204.0","2023-06-09","4.6","0.0","10.6","5.0","9.4"
"USC00435416","MOUNT MANSFIELD, VT US","44.5248","-72.8154","1204.0","2023-06-10","10.7","0.0","12.8","5.0","12.8"
"USC00435416","MOUNT MANSFIELD, VT US","44.5248","-72.8154","1204.0","2023-06-11","1.0","0.0","18.9","8.9","17.2"
"USC00435416","MOUNT MANSFIELD, VT US","44.5248","-72.8154","1204.0","2023-06-12","0.3","0.0","23.3","11.7","22.2"
"USC00435416","MOUNT MANSFIELD, VT US","44.5248","-72.8154","1204.0","2023-06-13",,"0.0","22.2","11.1","13.9"
"USC00435416","MOUNT MANSFIELD, VT US","44.5248","-72.8154","1204.0","2023-06-14",,"0.0","18.3","10.6","15.0"
"USC00435416","MOUNT MANSFIELD, VT US","44.5248","-72.8154","1204.0","2023-06-15","0.0","0.0","16.1","8.9","16.1"
"USC00435416","MOUNT MANSFIELD, VT US","44.5248","-72.8154","1204.0","2023-06-16",,"0.0","17.2","9.4",
"USC00435416","MOUNT MANSFIELD, VT US","44.5248","-72.8154","1204.0","2023-06-17","26.4","0.0","14.4","9.4","10.6"
"USC00435416","MOUNT MANSFIELD, VT US","44.5248","-72.8154","1204.0","2023-06-18","3.3","0.0","13.3","7.8","8.9"
"USC00435416","MOUNT MANSFIELD, VT US","44.5248","-72.8154","1204.0","2023-06-19","0.0","0.0","16.1","7.2","12.8"
"USC00435416","MOUNT MANSFIELD, VT US","44.5248","-72.8154","1204.0","2023-06-20","0.8","0.0","17.8","9.4","16.7"
"USC00435416","MOUNT MANSFIELD, VT US","44.5248","-72.8154","1204.0","2023-06-21",,"0.0",,,
"USC00435416","MOUNT MANSFIELD, VT US","44.5248","-72.8154","1204.0","2023-06-22",,"0.0",,,
"USC00435416","MOUNT MANSFIELD, VT US","44.5248","-72.8154","1204.0","2023-06-23",,"0.0",,,
"USC00435416","MOUNT MANSFIELD, VT US","44.5248","-72.8154","1204.0","2023-06-24","6.9","0.0",,,
"USC00435416","MOUNT MANSFIELD, VT US","44.5248","-72.8154","1204.0","2023-06-25","10.2","0.0",,,
"USC00435416","MOUNT MANSFIELD, VT US","44.5248","-72.8154","1204.0","2023-06-26","1.3","0.0","18.9","14.4","17.8"
"USC00435416","MOUNT MANSFIELD, VT US","44.5248","-72.8154","1204.0","2023-06-27","7.1","0.0","17.8","13.9","13.9"
"USC00435416","MOUNT MANSFIELD, VT US","44.5248","-72.8154","1204.0","2023-06-28","0.0","0.0","16.7","13.9","15.0"
"USC00435416","MOUNT MANSFIELD, VT US","44.5248","-72.8154","1204.0","2023-06-29","14.2","0.0","15.6","10.6","13.3"
"USC00435416","MOUNT MANSFIELD, VT US","44.5248","-72.8154","1204.0","2023-06-30",,"0.0",,"13.3",
"USC00435416","MOUNT MANSFIELD, VT US","44.5248","-72.8154","1204.0","2023-07-01",,"0.0","21.1","15.0",
"USC00435416","MOUNT MANSFIELD, VT US","44.5248","-72.8154","1204.0","2023-07-02","13.2","0.0",,,"16.1"
"USC00435416","MOUNT MANSFIELD, VT US","44.5248","-72.8154","1204.0","2023-07-03","3.3","0.0","19.4","15.0","18.3"
"USC00435416","MOUNT MANSFIELD, VT US","44.5248","-72.8154","1204.0","2023-07-04","6.9","0.0",,"12.8",
"USC00435416","MOUNT MANSFIELD, VT US","44.5248","-72.8154","1204.0","2023-07-05",,"0.0",,,
"USC00435416","MOUNT MANSFIELD, VT US","44.5248","-72.8154","1204.0","2023-07-06","0.0","0.0",,,
"USC00435416","MOUNT MANSFIELD, VT US","44.5248","-72.8154","1204.0","2023-07-07","1.3","0.0",,,
"USC00435416","MOUNT MANSFIELD, VT US","44.5248","-72.8154","1204.0","2023-07-08","0.8","0.0",,"15.6","19.4"
"USC00435416","MOUNT MANSFIELD, VT US","44.5248","-72.8154","1204.0","2023-07-09","1.0","0.0","21.1","15.6","18.9"
"USC00435416","MOUNT MANSFIELD, VT US","44.5248","-72.8154","1204.0","2023-07-10","136.7","0.0","22.2","13.9","15.0"
"USC00435416","MOUNT MANSFIELD, VT US","44.5248","-72.8154","1204.0","2023-07-11","27.9","0.0","18.9","12.8",
"USC00435416","MOUNT MANSFIELD, VT US","44.5248","-72.8154","1204.0","2023-07-12","2.0","0.0","18.3","11.1","16.7"
"USC00435416","MOUNT MANSFIELD, VT US","44.5248","-72.8154","1204.0","2023-07-13","10.9","0.0","20.0","11.1","16.1"
"USC00435416","MOUNT MANSFIELD, VT US","44.5248","-72.8154","1204.0","2023-07-14","7.6","0.0","22.2","11.1","18.9"
"USC00435416","MOUNT MANSFIELD, VT US","44.5248","-72.8154","1204.0","2023-07-15","0.0","0.0","21.7","14.4","21.7"
"USC00435416","MOUNT MANSFIELD, VT US","44.5248","-72.8154","1204.0","2023-07-16","13.2","0.0","22.2","13.3","21.1"
"USC00435416","MOUNT MANSFIELD, VT US","44.5248","-72.8154","1204.0","2023-07-17",,"0.0",,"14.4",
"USC00435416","MOUNT MANSFIELD, VT US","44.5248","-72.8154","1204.0","2023-07-18","19.1","0.0",,,
"USC00435416","MOUNT MANSFIELD, VT US","44.5248","-72.8154","1204.0","2023-07-19","2.0","0.0",,"12.8","19.4"
"USC00435416","MOUNT MANSFIELD, VT US","44.5248","-72.8154","1204.0","2023-07-20","0.0","0.0",,"12.2",
"USC00435416","MOUNT MANSFIELD, VT US","44.5248","-72.8154","1204.0","2023-07-21","17.3","0.0","25.0","12.8","15.6"
"USC00435416","MOUNT MANSFIELD, VT US","44.5248","-72.8154","1204.0","2023-07-22","29.5","0.0","16.7","11.1","13.3"
"USC00435416","MOUNT MANSFIELD, VT US","44.5248","-72.8154","1204.0","2023-07-23","0.3","0.0","19.4","11.7","18.3"
"USC00435416","MOUNT MANSFIELD, VT US","44.5248","-72.8154","1204.0","2023-07-24","0.0","0.0","21.7","13.9","18.3"
"USC00435416","MOUNT MANSFIELD, VT US","44.5248","-72.8154","1204.0","2023-07-25","0.0","0.0","18.9","13.3","18.9"
"USC00435416","MOUNT MANSFIELD, VT US","44.5248","-72.8154","1204.0","2023-07-26","0.0","0.0",,"12.2",
"USC00435416","MOUNT MANSFIELD, VT US","44.5248","-72.8154","1204.0","2023-07-27","22.1","0.0",,,"16.7"
"USC00435416","MOUNT MANSFIELD, VT US","44.5248","-72.8154","1204.0","2023-07-28","1.5","0.0",,,
"USC00435416","MOUNT MANSFIELD, VT US","44.5248","-72.8154","1204.0","2023-07-29","3.3","0.0",,,
"USC00435416","MOUNT MANSFIELD, VT US","44.5248","-72.8154","1204.0","2023-07-30","6.9","0.0","15.6","5.6","15.0"
"USC00435416","MOUNT MANSFIELD, VT US","44.5248","-72.8154","1204.0","2023-07-31","3.0","0.0","16.1","9.4","11.1"
"USC00435416","MOUNT MANSFIELD, VT US","44.5248","-72.8154","1204.0","2023-08-01",,"0.0","13.3","5.0","11.7"
"USC00435416","MOUNT MANSFIELD, VT US","44.5248","-72.8154","1204.0","2023-08-02",,"0.0","16.1","7.2","15.6"
"USC00435416","MOUNT MANSFIELD, VT US","44.5248","-72.8154","1204.0","2023-08-03","1.8","0.0","16.1","10.6","13.9"
"USC00435416","MOUNT MANSFIELD, VT US","44.5248","-72.8154","1204.0","2023-08-04","23.9","0.0","15.6","11.1","13.9"
"USC00435416","MOUNT MANSFIELD, VT US","44.5248","-72.8154","1204.0","2023-08-05","0.5","0.0","16.7","11.1","15.6"
"USC00435416","MOUNT MANSFIELD, VT US","44.5248","-72.8154","1204.0","2023-08-06","0.0","0.0",,"10.6","16.1"
"USC00435416","MOUNT MANSFIELD, VT US","44.5248","-72.8154","1204.0","2023-08-07","4.8","0.0","17.8","11.7","12.8"
"USC00435416","MOUNT MANSFIELD, VT US","44.5248","-72.8154","1204.0","2023-08-08","38.6","0.0","16.7","12.8","16.1"
"USC00435416","MOUNT MANSFIELD, VT US","44.5248","-72.8154","1204.0","2023-08-09","16.3","0.0","16.7","10.6","16.7"
"USC00435416","MOUNT MANSFIELD, VT US","44.5248","-72.8154","1204.0","2023-08-10","0.0","0.0","21.1","12.8","21.1"
"USC00435416","MOUNT MANSFIELD, VT US","44.5248","-72.8154","1204.0","2023-08-11","20.3","0.0",,"10.0",
"USC00435416","MOUNT MANSFIELD, VT US","44.5248","-72.8154","1204.0","2023-08-12","1.3","0.0","21.1","10.0","18.3"
"USC00435416","MOUNT MANSFIELD, VT US","44.5248","-72.8154","1204.0","2023-08-13","7.9","0.0","18.3","13.3","16.7"
"USC00435416","MOUNT MANSFIELD, VT US","44.5248","-72.8154","1204.0","2023-08-14","3.8","0.0","16.7","11.7","14.4"
"USC00435416","MOUNT MANSFIELD, VT US","44.5248","-72.8154","1204.0","2023-08-15","0.8","0.0","20.0","11.7","16.1"
"USC00435416","MOUNT MANSFIELD, VT US","44.5248","-72.8154","1204.0","2023-08-16","21.8","0.0","17.2","12.2","15.0"
"USC00435416","MOUNT MANSFIELD, VT US","44.5248","-72.8154","1204.0","2023-08-17","2.3","0.0","17.2","13.9","15.6"
"USC00435416","MOUNT MANSFIELD, VT US","44.5248","-72.8154","1204.0","2023-08-18","5.3","0.0","16.1","12.8","14.4"
"USC00435416","MOUNT MANSFIELD, VT US","44.5248","-72.8154","1204.0","2023-08-19","19.6","0.0","15.6","8.3","9.4"
"USC00435416","MOUNT MANSFIELD, VT US","44.5248","-72.8154","1204.0","2023-08-20","4.1","0.0","17.8","8.9","17.2"
"USC00435416","MOUNT MANSFIELD, VT US","44.5248","-72.8154","1204.0","2023-08-21","1.3","0.0","17.2","12.8","13.9"
"USC00435416","MOUNT MANSFIELD, VT US","44.5248","-72.8154","1204.0","2023-08-22","0.0","0.0","15.0","8.3","14.4"
"USC00435416","MOUNT MANSFIELD, VT US","44.5248","-72.8154","1204.0","2023-08-23","0.0","0.0",,"9.4","16.7"
"USC00435416","MOUNT MANSFIELD, VT US","44.5248","-72.8154","1204.0","2023-08-24",,"0.0",,"11.1",
"USC00435416","MOUNT MANSFIELD, VT US","44.5248","-72.8154","1204.0","2023-08-25",,"0.0","15.6","8.9","15.0"
"USC00435416","MOUNT MANSFIELD, VT US","44.5248","-72.8154","1204.0","2023-08-26",,"0.0","22.8","6.1","13.9"
"USC00435416","MOUNT MANSFIELD, VT US","44.5248","-72.8154","1204.0","2023-08-27",,"0.0","15.0","10.6","12.2"
"USC00435416","MOUNT MANSFIELD, VT US","44.5248","-72.8154","1204.0","2023-08-28","0.0","0.0",,"10.6",
"USC00435416","MOUNT MANSFIELD, VT US","44.5248","-72.8154","1204.0","2023-08-29",,"0.0",,,
"USC00435416","MOUNT MANSFIELD, VT US","44.5248","-72.8154","1204.0","2023-08-30",,"0.0",,,
"USC00435416","MOUNT MANSFIELD, VT US","44.5248","-72.8154","1204.0","2023-08-31",,"0.0",,"3.3","11.7"
"USC00435416","MOUNT MANSFIELD, VT US","44.5248","-72.8154","1204.0","2023-09-01","0.0","0.0","16.1","7.2","14.4"
"USC00435416","MOUNT MANSFIELD, VT US","44.5248","-72.8154","1204.0","2023-09-02",,"0.0","20.6","10.0","15.6"
"USC00435416","MOUNT MANSFIELD, VT US","44.5248","-72.8154","1204.0","2023-09-03",,"0.0",,,
"USC00435416","MOUNT MANSFIELD, VT US","44.5248","-72.8154","1204.0","2023-09-04",,"0.0",,,
"USC00435416","MOUNT MANSFIELD, VT US","44.5248","-72.8154","1204.0","2023-09-05","0.0","0.0",,,
"USC00435416","MOUNT MANSFIELD, VT US","44.5248","-72.8154","1204.0","2023-09-06","0.0","0.0",,,
"USC00435416","MOUNT MANSFIELD, VT US","44.5248","-72.8154","1204.0","2023-09-07",,"0.0",,,"13.3"
"USC00435416","MOUNT MANSFIELD, VT US","44.5248","-72.8154","1204.0","2023-09-08","8.4","0.0",,,
"USC00435416","MOUNT MANSFIELD, VT US","44.5248","-72.8154","1204.0","2023-09-09","2.5","0.0","18.3","10.6","15.6"
"USC00435416","MOUNT MANSFIELD, VT US","44.5248","-72.8154","1204.0","2023-09-10","6.9","0.0",,,"15.0"
"USC00435416","MOUNT MANSFIELD, VT US","44.5248","-72.8154","1204.0","2023-09-11","1.5","0.0","16.7","13.3","13.9"
"USC00435416","MOUNT MANSFIELD, VT US","44.5248","-72.8154","1204.0","2023-09-12","0.5","0.0","24.4","12.2","16.1"
"USC00435416","MOUNT MANSFIELD, VT US","44.5248","-72.8154","1204.0","2023-09-13","1.0","0.0","16.1","12.2","12.8"
"USC00435416","MOUNT MANSFIELD, VT US","44.5248","-72.8154","1204.0","2023-09-14","6.1","0.0","16.7","6.7",
"USC00435416","MOUNT MANSFIELD, VT US","44.5248","-72.8154","1204.0","2023-09-15","0.0","0.0","12.8","4.4","11.1"
"USC00435416","MOUNT MANSFIELD, VT US","44.5248","-72.8154","1204.0","2023-09-16","0.0","0.0","12.2","6.7","10.0"
"USC00435416","MOUNT MANSFIELD, VT US","44.5248","-72.8154","1204.0","2023-09-17","0.0","0.0","16.1","6.7","12.8"
"USC00435416","MOUNT MANSFIELD, VT US","44.5248","-72.8154","1204.0","2023-09-18","5.3","0.0","13.3","7.2","10.6"
"USC00435416","MOUNT MANSFIELD, VT US","44.5248","-72.8154","1204.0","2023-09-19","6.9","0.0","11.1","8.3","8.9"
"USC00435416","MOUNT MANSFIELD, VT US","44.5248","-72.8154","1204.0","2023-09-20","3.3","0.0","11.7","5.6","11.1"
"USC00435416","MOUNT MANSFIELD, VT US","44.5248","-72.8154","1204.0","2023-09-21","0.0","0.0","13.3","6.1","12.8"
"USC00435416","MOUNT MANSFIELD, VT US","44.5248","-72.8154","1204.0","2023-09-22","0.0","0.0","16.1","7.2","13.9"
"USC00435416","MOUNT MANSFIELD, VT US","44.5248","-72.8154","1204.0","2023-09-23","0.0","0.0","16.1","7.8","12.2"
"USC00435416","MOUNT MANSFIELD, VT US","44.5248","-72.8154","1204.0","2023-09-24","0.0","0.0","15.6","10.0","13.9"
"USC00435416","MOUNT MANSFIELD, VT US","44.5248","-72.8154","1204.0","2023-09-25","0.0","0.0","15.6","8.9","13.3"
"USC00435416","MOUNT MANSFIELD, VT US","44.5248","-72.8154","1204.0","2023-09-26","0.0","0.0","15.6","3.3","11.7"
"USC00435416","MOUNT MANSFIELD, VT US","44.5248","-72.8154","1204.0","2023-09-27","0.0","0.0","16.1","6.1","14.4"
"USC00435416","MOUNT MANSFIELD, VT US","44.5248","-72.8154","1204.0","2023-09-28","0.0","0.0","16.1","8.3","15.0"
"USC00435416","MOUNT MANSFIELD, VT US","44.5248","-72.8154","1204.0","2023-09-29","0.8","0.0","15.0","8.3","13.3"
"USC00435416","MOUNT MANSFIELD, VT US","44.5248","-72.8154","1204.0","2023-09-30","0.0","0.0","19.4","8.9","16.7"
"USC00435416","MOUNT MANSFIELD, VT US","44.5248","-72.8154","1204.0","2023-10-01","0.0","0.0","24.4","8.9","16.7"
"USC00435416","MOUNT MANSFIELD, VT US","44.5248","-72.8154","1204.0","2023-10-02","0.0","0.0","17.2","9.4","16.7"
"USC00435416","MOUNT MANSFIELD, VT US","44.5248","-72.8154","1204.0","2023-10-03","0.0","0.0",,,"18.9"
"USC00435416","MOUNT MANSFIELD, VT US","44.5248","-72.8154","1204.0","2023-10-04","0.0","0.0",,"8.9",
"USC00435416","MOUNT MANSFIELD, VT US","44.5248","-72.8154","1204.0","2023-10-05","0.0","0.0",,"14.4","20.0"
"USC00435416","MOUNT MANSFIELD, VT US","44.5248","-72.8154","1204.0","2023-10-06","0.0","0.0","21.1","10.6","13.3"
"USC00435416","MOUNT MANSFIELD, VT US","44.5248","-72.8154","1204.0","2023-10-07","24.6","0.0","13.3","12.2","12.8"
"USC00435416","MOUNT MANSFIELD, VT US","44.5248","-72.8154","1204.0","2023-10-08","1.3","0.0",,"1.7","3.9"
"USC00435416","MOUNT MANSFIELD, VT US","44.5248","-72.8154","1204.0","2023-10-09","0.0","0.0","6.7","0.6","4.4"
"USC00435416","MOUNT MANSFIELD, VT US","44.5248","-72.8154","1204.0","2023-10-10","0.3","0.0","8.3","1.1","5.0"
"USC00435416","MOUNT MANSFIELD, VT US","44.5248","-72.8154","1204.0","2023-10-11","0.5","0.0","5.0","2.8","3.9"
"USC00435416","MOUNT MANSFIELD, VT US","44.5248","-72.8154","1204.0","2023-10-12","0.8","0.0","5.0","2.8","3.9"
"USC00435416","MOUNT MANSFIELD, VT US","44.5248","-72.8154","1204.0","2023-10-13","2.0","0.0","3.9","-0.6","3.9"
"USC00435416","MOUNT MANSFIELD, VT US","44.5248","-72.8154","1204.0","2023-10-14","0.3","0.0","4.4","2.2","3.3"
"USC00435416","MOUNT MANSFIELD, VT US","44.5248","-72.8154","1204.0","2023-10-15","0.5","0.0","3.9","1.1","1.7"
"USC00435416","MOUNT MANSFIELD, VT US","44.5248","-72.8154","1204.0","2023-10-16","3.8","0.0","5.6","1.1","3.9"
"USC00435416","MOUNT MANSFIELD, VT US","44.5248","-72.8154","1204.0","2023-10-17","1.5","0.0","5.0","3.3","3.9"
"USC00435416","MOUNT MANSFIELD, VT US","44.5248","-72.8154","1204.0","2023-10-18","1.0","0.0","6.7","2.2","5.0"
"USC00435416","MOUNT MANSFIELD, VT US","44.5248","-72.8154","1204.0","2023-10-19","1.8","0.0","7.8","2.8","7.2"
"USC00435416","MOUNT MANSFIELD, VT US","44.5248","-72.8154","1204.0","2023-10-20","2.5","0.0","8.3","5.0","6.7"
"USC00435416","MOUNT MANSFIELD, VT US","44.5248","-72.8154","1204.0","2023-10-21",,"0.0","8.9","6.1","7.2"
"USC00435416","MOUNT MANSFIELD, VT US","44.5248","-72.8154","1204.0","2023-10-22","10.4","25.0","7.2","-2.2","-1.1"
"USC00435416","MOUNT MANSFIELD, VT US","44.5248","-72.8154","1204.0","2023-10-23",,"25.0",,"-2.8","0.6"
"USC00435416","MOUNT MANSFIELD, VT US","44.5248","-72.8154","1204.0","2023-10-24",,"0.0","3.3","-1.7","3.3"
"USC00435416","MOUNT MANSFIELD, VT US","44.5248","-72.8154","1204.0","2023-10-25","4.6","0.0",,"3.3",
"USC00435416","MOUNT MANSFIELD, VT US","44.5248","-72.8154","1204.0","2023-10-26","0.0","0.0","15.6","10.6","11.1"
"USC00435416","MOUNT MANSFIELD, VT US","44.5248","-72.8154","1204.0","2023-10-27","2.8","0.0","13.9","10.0","13.9"
"USC00435416","MOUNT MANSFIELD, VT US","44.5248","-72.8154","1204.0","2023-10-28",,"0.0",,"6.1","6.1"
"USC00435416","MOUNT MANSFIELD, VT US","44.5248","-72.8154","1204.0","2023-10-29","1.3","0.0","7.8",,"0.6"
"USC00435416","MOUNT MANSFIELD, VT US","44.5248","-72.8154","1204.0","2023-10-30","17.3","0.0","2.8","-0.6","-0.6"
"USC00435416","MOUNT MANSFIELD, VT US","44.5248","-72.8154","1204.0","2023-10-31","1.0","0.0","-0.6","-6.7","-4.4"
"USC00435416","MOUNT MANSFIELD, VT US","44.5248","-72.8154","1204.0","2023-11-01","2.8","51.0","-3.3","-7.2","-6.1"
"USC00435416","MOUNT MANSFIELD, VT US","44.5248","-72.8154","1204.0","2023-11-02","0.8","51.0","-1.7","-8.3","-3.3"
"USC00435416","MOUNT MANSFIELD, VT US","44.5248","-72.8154","1204.0","2023-11-03","0.0","51.0","1.7","-5.0","1.1"
"USC00435416","MOUNT MANSFIELD, VT US","44.5248","-72.8154","1204.0","2023-11-04","0.3","25.0","3.3","1.1","2.2"
"USC00435416","MOUNT MANSFIELD, VT US","44.5248","-72.8154","1204.0","2023-11-05","0.0","0.0","3.3","-1.7","-1.7"
"USC00435416","MOUNT MANSFIELD, VT US","44.5248","-72.8154","1204.0","2023-11-06","0.0","0.0","0.6","-4.4","0.0"
"USC00435416","MOUNT MANSFIELD, VT US","44.5248","-72.8154","1204.0","2023-11-07","7.6","0.0","7.2","-1.1","2.2"
"USC00435416","MOUNT MANSFIELD, VT US","44.5248","-72.8154","1204.0","2023-11-08","0.3","0.0",,,
"USC00435416","MOUNT MANSFIELD, VT US","44.5248","-72.8154","1204.0","2023-11-09",,"102.0",,,
"USC00435416","MOUNT MANSFIELD, VT US","44.5248","-72.8154","1204.0","2023-11-10",,"127.0",,,
"USC00435416","MOUNT MANSFIELD, VT US","44.5248","-72.8154","1204.0","2023-11-11","3.0","127.0",,,
"USC00435416","MOUNT MANSFIELD, VT US","44.5248","-72.8154","1204.0","2023-11-12",,"127.0",,,
"USC00435416","MOUNT MANSFIELD, VT US","44.5248","-72.8154","1204.0","2023-11-13","1.0","127.0","0.0",,"-5.0"
"USC00435416","MOUNT MANSFIELD, VT US","44.5248","-72.8154","1204.0","2023-11-14","3.3","152.0","-1.7",,"-4.4"
"USC00435416","MOUNT MANSFIELD, VT US","44.5248","-72.8154","1204.0","2023-11-15","0.8","152.0",,,"-3.3"
"USC00435416","MOUNT MANSFIELD, VT US","44.5248","-72.8154","1204.0","2023-11-16","0.0","152.0",,,"2.8"
"USC00435416","MOUNT MANSFIELD, VT US","44.5248","-72.8154","1204.0","2023-11-17","0.0","127.0","10.0","1.7","8.9"
"USC00435416","MOUNT MANSFIELD, VT US","44.5248","-72.8154","1204.0","2023-11-18","14.0","102.0","8.9","-7.8","-7.8"
"USC00435416","MOUNT MANSFIELD, VT US","44.5248","-72.8154","1204.0","2023-11-19","0.5","102.0",,,
"USC00435416","MOUNT MANSFIELD, VT US","44.5248","-72.8154","1204.0","2023-11-20","2.0","102.0",,,
"USC00435416","MOUNT MANSFIELD, VT US","44.5248","-72.8154","1204.0","2023-11-21","0.0","76.0",,,
"USC00435416","MOUNT MANSFIELD, VT US","44.5248","-72.8154","1204.0","2023-11-22","10.9","203.0",,,"0.6"
"USC00435416","MOUNT MANSFIELD, VT US","44.5248","-72.8154","1204.0","2023-11-23","1.5","203.0",,,
"USC00435416","MOUNT MANSFIELD, VT US","44.5248","-72.8154","1204.0","2023-11-24","1.8","203.0",,,"-11.7"
"USC00435416","MOUNT MANSFIELD, VT US","44.5248","-72.8154","1204.0","2023-11-25","0.0","203.0","-5.6","-16.1","-7.8"
"USC00435416","MOUNT MANSFIELD, VT US","44.5248","-72.8154","1204.0","2023-11-26","0.8","178.0","0.0","-8.9","-4.4"
"USC00435416","MOUNT MANSFIELD, VT US","44.5248","-72.8154","1204.0","2023-11-27","13.5","432.0","1.1","-5.6","-3.9"
"USC00435416","MOUNT MANSFIELD, VT US","44.5248","-72.8154","1204.0","2023-11-28","2.8","432.0","-3.9","-10.6","-10.0"
"USC00435416","MOUNT MANSFIELD, VT US","44.5248","-72.8154","1204.0","2023-11-29",,"711.0","-9.4","-14.4","-9.4"
"USC00435416","MOUNT MANSFIELD, VT US","44.5248","-72.8154","1204.0","2023-11-30",,"660.0","1.7","-10.0","-2.8"
"USC00435416","MOUNT MANSFIELD, VT US","44.5248","-72.8154","1204.0","2023-12-01","1.8","533.0","1.1","-4.4","0.0"
"USC00435416","MOUNT MANSFIELD, VT US","44.5248","-72.8154","1204.0","2023-12-02","5.1","508.0","1.1","-1.1","0.6"
"USC00435416","MOUNT MANSFIELD, VT US","44.5248","-72.8154","1204.0","2023-12-03",,"559.0","0.6","-2.8","-2.2"
"USC00435416","MOUNT MANSFIELD, VT US","44.5248","-72.8154","1204.0","2023-12-04",,"838.0","-1.1","-4.4","-4.4"
"USC00435416","MOUNT MANSFIELD, VT US","44.5248","-72.8154","1204.0","2023-12-05",,"991.0","0.6","-10.6","-8.3"
"USC00435416","MOUNT MANSFIELD, VT US","44.5248","-72.8154","1204.0","2023-12-06",,"965.0",,"-10.0","-8.9"
"USC00435416","MOUNT MANSFIELD, VT US","44.5248","-72.8154","1204.0","2023-12-07","0.5","965.0","-7.8","-16.1","-10.6"
"USC00435416","MOUNT MANSFIELD, VT US","44.5248","-72.8154","1204.0","2023-12-08","0.0","965.0",,"-10.6","-3.3"
"USC00435416","MOUNT MANSFIELD, VT US","44.5248","-72.8154","1204.0","2023-12-09",,"889.0","1.7","-4.4","1.1"
"USC00435416","MOUNT MANSFIELD, VT US","44.5248","-72.8154","1204.0","2023-12-10",,"635.0",,,
"USC00435416","MOUNT MANSFIELD, VT US","44.5248","-72.8154","1204.0","2023-12-11","30.2","838.0","2.2","-6.1","-4.4"
"USC00435416","MOUNT MANSFIELD, VT US","44.5248","-72.8154","1204.0","2023-12-12","3.8","940.0",,,
"USC00435416","MOUNT MANSFIELD, VT US","44.5248","-72.8154","1204.0","2023-12-13",,"991.0",,,
"USC00435416","MOUNT MANSFIELD, VT US","44.5248","-72.8154","1204.0","2023-12-14","1.0","1016.0",,,
"USC00435416","MOUNT MANSFIELD, VT US","44.5248","-72.8154","1204.0","2023-12-15","0.0","965.0",,,
"USC00435416","MOUNT MANSFIELD, VT US","44.5248","-72.8154","1204.0","2023-12-16","0.0","965.0",,,"-1.7"
"USC00435416","MOUNT MANSFIELD, VT US","44.5248","-72.8154","1204.0","2023-12-17","0.3",,,,
"USC00435416","MOUNT MANSFIELD, VT US","44.5248","-72.8154","1204.0","2023-12-18","49.8","737.0","9.4",,"3.9"
"USC00435416","MOUNT MANSFIELD, VT US","44.5248","-72.8154","1204.0","2023-12-19","5.8","660.0",,,"-8.9"
"USC00435416","MOUNT MANSFIELD, VT US","44.5248","-72.8154","1204.0","2023-12-20","0.0","660.0",,,"-6.7"
"USC00435416","MOUNT MANSFIELD, VT US","44.5248","-72.8154","1204.0","2023-12-21","0.0","660.0","-6.1",,"-16.1"
"USC00435416","MOUNT MANSFIELD, VT US","44.5248","-72.8154","1204.0","2023-12-22","0.0","660.0","-1.1","-16.1","-4.4"
"USC00435416","MOUNT MANSFIELD, VT US","44.5248","-72.8154","1204.0","2023-12-23","0.0","635.0","2.2",,"-2.8"
"USC00435416","MOUNT MANSFIELD, VT US","44.5248","-72.8154","1204.0","2023-12-24",,"635.0","1.1",,"-0.6"
"USC00435416","MOUNT MANSFIELD, VT US","44.5248","-72.8154","1204.0","2023-12-25","0.0","635.0","1.1","-1.1","0.6"
"USC00435416","MOUNT MANSFIELD, VT US","44.5248","-72.8154","1204.0","2023-12-26","0.0","610.0","5.0","-1.1","3.9"
"USC00435416","MOUNT MANSFIELD, VT US","44.5248","-72.8154","1204.0","2023-12-27","7.9","584.0","6.1","3.3","6.1"
"USC00435416","MOUNT MANSFIELD, VT US","44.5248","-72.8154","1204.0","2023-12-28","1.8","533.0","7.2","3.3","4.4"
"USC00435416","MOUNT MANSFIELD, VT US","44.5248","-72.8154","1204.0","2023-12-29","5.8","508.0","5.6","1.1","1.1"
"USC00435416","MOUNT MANSFIELD, VT US","44.5248","-72.8154","1204.0","2023-12-30","2.3","508.0","1.1","-6.7","-6.7"
"USC00435416","MOUNT MANSFIELD, VT US","44.5248","-72.8154","1204.0","2023-12-31","0.5","559.0","-6.7","-12.2","-10.6"
"USC00435416","MOUNT MANSFIELD, VT US","44.5248","-72.8154","1204.0","2024-01-01","0.0","559.0","-8.3","-15.6","-13.3"
"USC00435416","MOUNT MANSFIELD, VT US","44.5248","-72.8154","1204.0","2024-01-02","0.3","559.0",,,"-6.7"
"USC00435416","MOUNT MANSFIELD, VT US","44.5248","-72.8154","1204.0","2024-01-03","0.3","559.0",,,"-3.9"
"USC00435416","MOUNT MANSFIELD, VT US","44.5248","-72.8154","1204.0","2024-01-04",,"610.0",,,
"USC00435416","MOUNT MANSFIELD, VT US","44.5248","-72.8154","1204.0","2024-01-05",,"686.0",,,
"USC00435416","MOUNT MANSFIELD, VT US","44.5248","-72.8154","1204.0","2024-01-06","1.0","508.0",,,
"USC00435416","MOUNT MANSFIELD, VT US","44.5248","-72.8154","1204.0","2024-01-07",,"660.0",,,
"USC00435416","MOUNT MANSFIELD, VT US","44.5248","-72.8154","1204.0","2024-01-08","1.0","711.0",,,
"USC00435416","MOUNT MANSFIELD, VT US","44.5248","-72.8154","1204.0","2024-01-09","0.0","711.0",,,
"USC00435416","MOUNT MANSFIELD, VT US","44.5248","-72.8154","1204.0","2024-01-10","41.9","838.0",,,
"USC00435416","MOUNT MANSFIELD, VT US","44.5248","-72.8154","1204.0","2024-01-11","1.0",,,,
"USC00435416","MOUNT MANSFIELD, VT US","44.5248","-72.8154","1204.0","2024-01-12","1.8","889.0","-1.1","-8.9","-1.7"
"USC00435416","MOUNT MANSFIELD, VT US","44.5248","-72.8154","1204.0","2024-01-14",,"1219.0",,,
"USC00435416","MOUNT MANSFIELD, VT US","44.5248","-72.8154","1204.0","2024-01-15",,"1168.0",,,
"USC00435416","MOUNT MANSFIELD, VT US","44.5248","-72.8154","1204.0","2024-01-16",,"1270.0",,,
"USC00435416","MOUNT MANSFIELD, VT US","44.5248","-72.8154","1204.0","2024-01-17",,"1321.0",,,
"USC00435416","MOUNT MANSFIELD, VT US","44.5248","-72.8154","1204.0","2024-01-18",,"1321.0",,,
"USC00435416","MOUNT MANSFIELD, VT US","44.5248","-72.8154","1204.0","2024-01-19",,"1397.0",,,
"USC00435416","MOUNT MANSFIELD, VT US","44.5248","-72.8154","1204.0","2024-01-20",,"1397.0",,,
"USC00435416","MOUNT MANSFIELD, VT US","44.5248","-72.8154","1204.0","2024-01-21",,"1397.0",,,
"USC00435416","MOUNT MANSFIELD, VT US","44.5248","-72.8154","1204.0","2024-01-22",,"1397.0",,,
"USC00435416","MOUNT MANSFIELD, VT US","44.5248","-72.8154","1204.0","2024-01-23",,"1372.0",,,
"USC00435416","MOUNT MANSFIELD, VT US","44.5248","-72.8154","1204.0","2024-01-24",,"1295.0",,,
"USC00435416","MOUNT MANSFIELD, VT US","44.5248","-72.8154","1204.0","2024-01-25",,"1270.0",,,
"USC00435416","MOUNT MANSFIELD, VT US","44.5248","-72.8154","1204.0","2024-01-26",,"1245.0",,,
"USC00435416","MOUNT MANSFIELD, VT US","44.5248","-72.8154","1204.0","2024-01-27",,"1219.0",,,
"USC00435416","MOUNT MANSFIELD, VT US","44.5248","-72.8154","1204.0","2024-01-28",,"1219.0",,,
"USC00435416","MOUNT MANSFIELD, VT US","44.5248","-72.8154","1204.0","2024-01-29",,"1219.0",,,
"USC00435416","MOUNT MANSFIELD, VT US","44.5248","-72.8154","1204.0","2024-01-30",,"1219.0",,,
"USC00435416","MOUNT MANSFIELD, VT US","44.5248","-72.8154","1204.0","2024-01-31",,"1219.0",,,
"USC00435416","MOUNT MANSFIELD, VT US","44.5248","-72.8154","1204.0","2024-02-01",,"1219.0",,,
"USC00435416","MOUNT MANSFIELD, VT US","44.5248","-72.8154","1204.0","2024-02-02",,"1219.0",,,
"USC00435416","MOUNT MANSFIELD, VT US","44.5248","-72.8154","1204.0","2024-02-03",,"1219.0",,,
"USC00435416","MOUNT MANSFIELD, VT US","44.5248","-72.8154","1204.0","2024-02-04",,"1219.0",,,
"USC00435416","MOUNT MANSFIELD, VT US","44.5248","-72.8154","1204.0","2024-02-05",,"1219.0",,,
"USC00435416","MOUNT MANSFIELD, VT US","44.5248","-72.8154","1204.0","2024-02-06",,"1219.0",,,
"USC00435416","MOUNT MANSFIELD, VT US","44.5248","-72.8154","1204.0","2024-02-07",,"1194.0",,,
"USC00435416","MOUNT MANSFIELD, VT US","44.5248","-72.8154","1204.0","2024-02-08",,"1194.0",,,
"USC00435416","MOUNT MANSFIELD, VT US","44.5248","-72.8154","1204.0","2024-02-09",,"1194.0",,,
"USC00435416","MOUNT MANSFIELD, VT US","44.5248","-72.8154","1204.0","2024-02-10",,"1194.0",,,
"USC00435416","MOUNT MANSFIELD, VT US","44.5248","-72.8154","1204.0","2024-02-11",,"1168.0",,,
"USC00435416","MOUNT MANSFIELD, VT US","44.5248","-72.8154","1204.0","2024-02-12",,"1168.0",,,
"USC00435416","MOUNT MANSFIELD, VT US","44.5248","-72.8154","1204.0","2024-02-13",,"1168.0",,,
"USC00435416","MOUNT MANSFIELD, VT US","44.5248","-72.8154","1204.0","2024-02-14",,"1321.0",,,
"USC00435416","MOUNT MANSFIELD, VT US","44.5248","-72.8154","1204.0","2024-02-15",,"1270.0",,,
"USC00435416","MOUNT MANSFIELD, VT US","44.5248","-72.8154","1204.0","2024-02-16",,"1473.0",,,
"USC00435416","MOUNT MANSFIELD, VT US","44.5248","-72.8154","1204.0","2024-02-17",,"1549.0",,,
"USC00435416","MOUNT MANSFIELD, VT US","44.5248","-72.8154","1204.0","2024-02-18",,"1549.0",,,
"USC00435416","MOUNT MANSFIELD, VT US","44.5248","-72.8154","1204.0","2024-02-19",,"1626.0",,,
"USC00435416","MOUNT MANSFIELD, VT US","44.5248","-72.8154","1204.0","2024-02-20",,"1600.0",,,
"USC00435416","MOUNT MANSFIELD, VT US","44.5248","-72.8154","1204.0","2024-02-21",,"1549.0",,,
"USC00435416","MOUNT MANSFIELD, VT US","44.5248","-72.8154","1204.0","2024-02-22",,"1524.0",,,
"USC00435416","MOUNT MANSFIELD, VT US","44.5248","-72.8154","1204.0","2024-02-23",,"1499.0",,,
"USC00435416","MOUNT MANSFIELD, VT US","44.5248","-72.8154","1204.0","2024-02-24",,"1499.0",,,
"USC00435416","MOUNT MANSFIELD, VT US","44.5248","-72.8154","1204.0","2024-02-25",,"1499.0",,,
"USC00435416","MOUNT MANSFIELD, VT US","44.5248","-72.8154","1204.0","2024-02-26",,"1473.0",,,
"USC00435416","MOUNT MANSFIELD, VT US","44.5248","-72.8154","1204.0","2024-02-28",,"1321.0",,,
"USC00435416","MOUNT MANSFIELD, VT US","44.5248","-72.8154","1204.0","2024-02-29",,"1422.0",,,
"USC00435416","MOUNT MANSFIELD, VT US","44.5248","-72.8154","1204.0","2024-03-01",,"1422.0",,,
"USC00435416","MOUNT MANSFIELD, VT US","44.5248","-72.8154","1204.0","2024-03-02",,"1422.0",,,
"USC00435416","MOUNT MANSFIELD, VT US","44.5248","-72.8154","1204.0","2024-03-03",,"1397.0",,,
"USC00435416","MOUNT MANSFIELD, VT US","44.5248","-72.8154","1204.0","2024-03-04",,"1346.0",,,
"USC00435416","MOUNT MANSFIELD, VT US","44.5248","-72.8154","1204.0","2024-03-05",,"1321.0",,,
"USC00435416","MOUNT MANSFIELD, VT US","44.5248","-72.8154","1204.0","2024-03-06",,"1270.0",,,
"USC00435416","MOUNT MANSFIELD, VT US","44.5248","-72.8154","1204.0","2024-03-07",,"1092.0",,,
"USC00435416","MOUNT MANSFIELD, VT US","44.5248","-72.8154","1204.0","2024-03-08",,"1041.0",,,
"USC00435416","MOUNT MANSFIELD, VT US","44.5248","-72.8154","1204.0","2024-03-09",,"1041.0",,,
"USC00435416","MOUNT MANSFIELD, VT US","44.5248","-72.8154","1204.0","2024-03-10",,"1372.0",,,
"USC00435416","MOUNT MANSFIELD, VT US","44.5248","-72.8154","1204.0","2024-03-11",,"1651.0",,,
"USC00435416","MOUNT MANSFIELD, VT US","44.5248","-72.8154","1204.0","2024-03-12",,"1626.0",,,
"USC00435416","MOUNT MANSFIELD, VT US","44.5248","-72.8154","1204.0","2024-03-13",,"1600.0",,,
"USC00435416","MOUNT MANSFIELD, VT US","44.5248","-72.8154","1204.0","2024-03-14",,"1549.0",,,
"USC00435416","MOUNT MANSFIELD, VT US","44.5248","-72.8154","1204.0","2024-03-15",,"1626.0",,,
"USC00435416","MOUNT MANSFIELD, VT US","44.5248","-72.8154","1204.0","2024-03-16",,"1575.0",,,
"USC00435416","MOUNT MANSFIELD, VT US","44.5248","-72.8154","1204.0","2024-03-17",,"1626.0",,,
"USC00435416","MOUNT MANSFIELD, VT US","44.5248","-72.8154","1204.0","2024-03-18",,"1727.0",,,
"USC00435416","MOUNT MANSFIELD, VT US","44.5248","-72.8154","1204.0","2024-03-19",,"1930.0",,,
"USC00435416","MOUNT MANSFIELD, VT US","44.5248","-72.8154","1204.0","2024-03-20",,"2057.0",,,
"USC00435416","MOUNT MANSFIELD, VT US","44.5248","-72.8154","1204.0","2024-03-21","4.3","2210.0",,,
"USC00435416","MOUNT MANSFIELD, VT US","44.5248","-72.8154","1204.0","2024-03-23",,"2311.0",,,
"USC00435416","MOUNT MANSFIELD, VT US","44.5248","-72.8154","1204.0","2024-03-24",,"2311.0",,,
"USC00435416","MOUNT MANSFIELD, VT US","44.5248","-72.8154","1204.0","2024-03-25",,"2184.0",,,
"USC00435416","MOUNT MANSFIELD, VT US","44.5248","-72.8154","1204.0","2024-03-26",,"2057.0",,,
"USC00435416","MOUNT MANSFIELD, VT US","44.5248","-72.8154","1204.0","2024-03-28",,"2007.0",,,
"USC00435416","MOUNT MANSFIELD, VT US","44.5248","-72.8154","1204.0","2024-03-29",,"1956.0",,,
"USC00435416","MOUNT MANSFIELD, VT US","44.5248","-72.8154","1204.0","2024-03-30",,"1930.0",,,
"USC00435416","MOUNT MANSFIELD, VT US","44.5248","-72.8154","1204.0","2024-03-31",,"1930.0",,,
"USC00435416","MOUNT MANSFIELD, VT US","44.5248","-72.8154","1204.0","2024-04-01",,"1854.0",,,
"USC00435416","MOUNT MANSFIELD, VT US","44.5248","-72.8154","1204.0","2024-04-02",,"1854.0",,,
"USC00435416","MOUNT MANSFIELD, VT US","44.5248","-72.8154","1204.0","2024-04-03",,"1829.0",,,
"USC00435416","MOUNT MANSFIELD, VT US","44.5248","-72.8154","1204.0","2024-04-05",,"2286.0",,,
"USC00435416","MOUNT MANSFIELD, VT US","44.5248","-72.8154","1204.0","2024-04-06",,"2286.0",,,
"USC00435416","MOUNT MANSFIELD, VT US","44.5248","-72.8154","1204.0","2024-04-07",,"2286.0",,,
"USC00435416","MOUNT MANSFIELD, VT US","44.5248","-72.8154","1204.0","2024-04-08","0.0","2184.0",,,
"USC00435416","MOUNT MANSFIELD, VT US","44.5248","-72.8154","1204.0","2024-04-09",,"2057.0",,,
"USC00435416","MOUNT MANSFIELD, VT US","44.5248","-72.8154","1204.0","2024-04-11",,"1778.0",,,
"USC00435416","MOUNT MANSFIELD, VT US","44.5248","-72.8154","1204.0","2024-04-13",,"1600.0",,,
"USC00435416","MOUNT MANSFIELD, VT US","44.5248","-72.8154","1204.0","2024-04-14",,"1651.0",,,
"USC00435416","MOUNT MANSFIELD, VT US","44.5248","-72.8154","1204.0","2024-04-15",,"1651.0",,,
"USC00435416","MOUNT MANSFIELD, VT US","44.5248","-72.8154","1204.0","2024-04-16",,"1626.0",,,
"USC00435416","MOUNT MANSFIELD, VT US","44.5248","-72.8154","1204.0","2024-04-17",,"1600.0",,,
"USC00435416","MOUNT MANSFIELD, VT US","44.5248","-72.8154","1204.0","2024-04-18",,"1575.0",,,
"USC00435416","MOUNT MANSFIELD, VT US","44.5248","-72.8154","1204.0","2024-04-19",,"1549.0",,,
"USC00435416","MOUNT MANSFIELD, VT US","44.5248","-72.8154","1204.0","2024-04-20",,"1524.0",,,
"USC00435416","MOUNT MANSFIELD, VT US","44.5248","-72.8154","1204.0","2024-04-21",,"1575.0",,,
"USC00435416","MOUNT MANSFIELD, VT US","44.5248","-72.8154","1204.0","2024-04-22",,"1575.0",,,
"USC00435416","MOUNT MANSFIELD, VT US","44.5248","-72.8154","1204.0","2024-04-23",,"1499.0",,,
"USC00435416","MOUNT MANSFIELD, VT US","44.5248","-72.8154","1204.0","2024-04-24",,"1524.0",,,
"USC00435416","MOUNT MANSFIELD, VT US","44.5248","-72.8154","1204.0","2024-04-25",,"1524.0",,,
"USC00435416","MOUNT MANSFIELD, VT US","44.5248","-72.8154","1204.0","2024-04-26",,"1473.0",,,
"USC00435416","MOUNT MANSFIELD, VT US","44.5248","-72.8154","1204.0","2024-04-27",,"1397.0",,,
"USC00435416","MOUNT MANSFIELD, VT US","44.5248","-72.8154","1204.0","2024-04-28",,"1270.0",,,
"USC00435416","MOUNT MANSFIELD, VT US","44.5248","-72.8154","1204.0","2024-04-29",,"1194.0",,,
"USC00435416","MOUNT MANSFIELD, VT US","44.5248","-72.8154","1204.0","2024-04-30",,"1168.0",,,
"USC00435416","MOUNT MANSFIELD, VT US","44.5248","-72.8154","1204.0","2024-05-02",,"1067.0",,,
"USC00435416","MOUNT MANSFIELD, VT US","44.5248","-72.8154","1204.0","2024-05-03",,"965.0",,,
"USC00435416","MOUNT MANSFIELD, VT US","44.5248","-72.8154","1204.0","2024-05-04",,"889.0",,,
"USC00435416","MOUNT MANSFIELD, VT US","44.5248","-72.8154","1204.0","2024-05-05",,"838.0",,,
"USC00435416","MOUNT MANSFIELD, VT US","44.5248","-72.8154","1204.0","2024-05-06",,"762.0",,,
"USC00435416","MOUNT MANSFIELD, VT US","44.5248","-72.8154","1204.0","2024-05-07",,"737.0",,,
"USC00435416","MOUNT MANSFIELD, VT US","44.5248","-72.8154","1204.0","2024-05-08",,"686.0",,,
"USC00435416","MOUNT MANSFIELD, VT US","44.5248","-72.8154","1204.0","2024-05-09",,"660.0",,,
"USC00435416","MOUNT MANSFIELD, VT US","44.5248","-72.8154","1204.0","2024-05-10",,"610.0",,,
"USC00435416","MOUNT MANSFIELD, VT US","44.5248","-72.8154","1204.0","2024-05-11",,"584.0",,,
"USC00435416","MOUNT MANSFIELD, VT US","44.5248","-72.8154","1204.0","2024-05-12",,"483.0",,,
"USC00435416","MOUNT MANSFIELD, VT US","44.5248","-72.8154","1204.0","2024-05-13",,"483.0",,,
"USC00435416","MOUNT MANSFIELD, VT US","44.5248","-72.8154","1204.0","2024-05-14",,"457.0",,,
"USC00435416","MOUNT MANSFIELD, VT US","44.5248","-72.8154","1204.0","2024-05-15",,"406.0",,,
"USC00435416","MOUNT MANSFIELD, VT US","44.5248","-72.8154","1204.0","2024-05-16",,"381.0",,,
"USC00435416","MOUNT MANSFIELD, VT US","44.5248","-72.8154","1204.0","2024-05-17",,"356.0",,,
"USC00435416","MOUNT MANSFIELD, VT US","44.5248","-72.8154","1204.0","2024-05-18",,"305.0",,,
"USC00435416","MOUNT MANSFIELD, VT US","44.5248","-72.8154","1204.0","2024-05-19",,"229.0",,,
"USC00435416","MOUNT MANSFIELD, VT US","44.5248","-72.8154","1204.0","2024-05-21",,"76.0",,,
"USC00435416","MOUNT MANSFIELD, VT US","44.5248","-72.8154","1204.0","2024-05-22",,"0.0",,,
"USC00435416","MOUNT MANSFIELD, VT US","44.5248","-72.8154","1204.0","2024-05-23",,"0.0",,,
"USC00435416","MOUNT MANSFIELD, VT US","44.5248","-72.8154","1204.0","2024-05-24",,"0.0",,,
"USC00435416","MOUNT MANSFIELD, VT US","44.5248","-72.8154","1204.0","2024-05-25",,"0.0",,,
"USC00435416","MOUNT MANSFIELD, VT US","44.5248","-72.8154","1204.0","2024-05-26",,"0.0",,,
"USC00435416","MOUNT MANSFIELD, VT US","44.5248","-72.8154","1204.0","2024-05-27",,"0.0",,,
"USC00435416","MOUNT MANSFIELD, VT US","44.5248","-72.8154","1204.0","2024-05-28",,"0.0",,,
"USC00435416","MOUNT MANSFIELD, VT US","44.5248","-72.8154","1204.0","2024-05-29",,"0.0",,,
"USC00435416","MOUNT MANSFIELD, VT US","44.5248","-72.8154","1204.0","2024-05-30",,"0.0",,,
"USC00435416","MOUNT MANSFIELD, VT US","44.5248","-72.8154","1204.0","2024-05-31",,"0.0",,,
"USC00435416","MOUNT MANSFIELD, VT US","44.5248","-72.8154","1204.0","2024-06-01",,"0.0",,,
"USC00435416","MOUNT MANSFIELD, VT US","44.5248","-72.8154","1204.0","2024-06-02",,"0.0",,,
"USC00435416","MOUNT MANSFIELD, VT US","44.5248","-72.8154","1204.0","2024-06-03",,"0.0",,,
"USC00435416","MOUNT MANSFIELD, VT US","44.5248","-72.8154","1204.0","2024-06-04",,"0.0",,,
"USC00435416","MOUNT MANSFIELD, VT US","44.5248","-72.8154","1204.0","2024-06-05",,"0.0",,,
"USC00435416","MOUNT MANSFIELD, VT US","44.5248","-72.8154","1204.0","2024-06-06",,"0.0",,,
"USC00435416","MOUNT MANSFIELD, VT US","44.5248","-72.8154","1204.0","2024-06-07",,"0.0",,,
"USC00435416","MOUNT MANSFIELD, VT US","44.5248","-72.8154","1204.0","2024-06-08",,"0.0",,,
"USC00435416","MOUNT MANSFIELD, VT US","44.5248","-72.8154","1204.0","2024-06-09",,"0.0",,,
"USC00435416","MOUNT MANSFIELD, VT US","44.5248","-72.8154","1204.0","2024-06-10",,"0.0",,,
"USC00435416","MOUNT MANSFIELD, VT US","44.5248","-72.8154","1204.0","2024-06-11",,"0.0",,,
"USC00435416","MOUNT MANSFIELD, VT US","44.5248","-72.8154","1204.0","2024-06-12",,"0.0",,,
"USC00435416","MOUNT MANSFIELD, VT US","44.5248","-72.8154","1204.0","2024-06-13",,"0.0",,,
"USC00435416","MOUNT MANSFIELD, VT US","44.5248","-72.8154","1204.0","2024-06-14",,"0.0",,,
"USC00435416","MOUNT MANSFIELD, VT US","44.5248","-72.8154","1204.0","2024-06-15",,"0.0",,,
"USC00435416","MOUNT MANSFIELD, VT US","44.5248","-72.8154","1204.0","2024-06-16",,"0.0",,,
"USC00435416","MOUNT MANSFIELD, VT US","44.5248","-72.8154","1204.0","2024-06-17",,"0.0",,,
"USC00435416","MOUNT MANSFIELD, VT US","44.5248","-72.8154","1204.0","2024-06-18",,"0.0",,,
"USC00435416","MOUNT MANSFIELD, VT US","44.5248","-72.8154","1204.0","2024-06-19",,"0.0",,,
"USC00435416","MOUNT MANSFIELD, VT US","44.5248","-72.8154","1204.0","2024-06-20",,"0.0",,,
"USC00435416","MOUNT MANSFIELD, VT US","44.5248","-72.8154","1204.0","2024-06-21",,"0.0",,,
"USC00435416","MOUNT MANSFIELD, VT US","44.5248","-72.8154","1204.0","2024-06-22",,"0.0",,,
"USC00435416","MOUNT MANSFIELD, VT US","44.5248","-72.8154","1204.0","2024-06-23",,"0.0",,,
"USC00435416","MOUNT MANSFIELD, VT US","44.5248","-72.8154","1204.0","2024-06-24",,"0.0",,,
"USC00435416","MOUNT MANSFIELD, VT US","44.5248","-72.8154","1204.0","2024-06-25",,"0.0",,,
"USC00435416","MOUNT MANSFIELD, VT US","44.5248","-72.8154","1204.0","2024-06-26",,"0.0",,,
"USC00435416","MOUNT MANSFIELD, VT US","44.5248","-72.8154","1204.0","2024-06-27",,"0.0",,,
"USC00435416","MOUNT MANSFIELD, VT US","44.5248","-72.8154","1204.0","2024-06-28",,"0.0",,,
"USC00435416","MOUNT MANSFIELD, VT US","44.5248","-72.8154","1204.0","2024-06-29",,"0.0",,,
"USC00435416","MOUNT MANSFIELD, VT US","44.5248","-72.8154","1204.0","2024-06-30",,"0.0",,,
"USC00435416","MOUNT MANSFIELD, VT US","44.5248","-72.8154","1204.0","2024-07-01",,"0.0",,,
"USC00435416","MOUNT MANSFIELD, VT US","44.5248","-72.8154","1204.0","2024-07-02",,"0.0",,,
"USC00435416","MOUNT MANSFIELD, VT US","44.5248","-72.8154","1204.0","2024-07-03",,"0.0",,,
"USC00435416","MOUNT MANSFIELD, VT US","44.5248","-72.8154","1204.0","2024-07-04",,"0.0",,,
"USC00435416","MOUNT MANSFIELD, VT US","44.5248","-72.8154","1204.0","2024-07-05",,"0.0",,,
"USC00435416","MOUNT MANSFIELD, VT US","44.5248","-72.8154","1204.0","2024-07-06",,"0.0",,,
"USC00435416","MOUNT MANSFIELD, VT US","44.5248","-72.8154","1204.0","2024-07-07",,"0.0",,,
"USC00435416","MOUNT MANSFIELD, VT US","44.5248","-72.8154","1204.0","2024-07-08",,"0.0",,,
"USC00435416","MOUNT MANSFIELD, VT US","44.5248","-72.8154","1204.0","2024-07-09",,"0.0",,,
"USC00435416","MOUNT MANSFIELD, VT US","44.5248","-72.8154","1204.0","2024-07-10",,"0.0",,,
"USC00435416","MOUNT MANSFIELD, VT US","44.5248","-72.8154","1204.0","2024-07-11",,"0.0",,,
"USC00435416","MOUNT MANSFIELD, VT US","44.5248","-72.8154","1204.0","2024-07-12",,"0.0",,,
"USC00435416","MOUNT MANSFIELD, VT US","44.5248","-72.8154","1204.0","2024-07-13",,"0.0",,,
"USC00435416","MOUNT MANSFIELD, VT US","44.5248","-72.8154","1204.0","2024-07-14",,"0.0",,,
"USC00435416","MOUNT MANSFIELD, VT US","44.5248","-72.8154","1204.0","2024-07-15",,"0.0",,,
"USC00435416","MOUNT MANSFIELD, VT US","44.5248","-72.8154","1204.0","2024-07-16",,"0.0",,,
"USC00435416","MOUNT MANSFIELD, VT US","44.5248","-72.8154","1204.0","2024-07-17",,"0.0",,,
"USC00435416","MOUNT MANSFIELD, VT US","44.5248","-72.8154","1204.0","2024-07-18",,"0.0",,,
"USC00435416","MOUNT MANSFIELD, VT US","44.5248","-72.8154","1204.0","2024-07-19",,"0.0",,,
"USC00435416","MOUNT MANSFIELD, VT US","44.5248","-72.8154","1204.0","2024-07-20",,"0.0",,,
"USC00435416","MOUNT MANSFIELD, VT US","44.5248","-72.8154","1204.0","2024-07-21",,"0.0",,,
"USC00435416","MOUNT MANSFIELD, VT US","44.5248","-72.8154","1204.0","2024-07-22",,"0.0",,,
"USC00435416","MOUNT MANSFIELD, VT US","44.5248","-72.8154","1204.0","2024-07-23",,"0.0",,,
"USC00435416","MOUNT MANSFIELD, VT US","44.5248","-72.8154","1204.0","2024-07-24",,"0.0",,,
"USC00435416","MOUNT MANSFIELD, VT US","44.5248","-72.8154","1204.0","2024-07-25",,"0.0",,,
"USC00435416","MOUNT MANSFIELD, VT US","44.5248","-72.8154","1204.0","2024-07-26",,"0.0",,,
"USC00435416","MOUNT MANSFIELD, VT US","44.5248","-72.8154","1204.0","2024-07-27",,"0.0",,,
"USC00435416","MOUNT MANSFIELD, VT US","44.5248","-72.8154","1204.0","2024-07-28",,"0.0",,,
"USC00435416","MOUNT MANSFIELD, VT US","44.5248","-72.8154","1204.0","2024-07-29",,"0.0",,,
"USC00435416","MOUNT MANSFIELD, VT US","44.5248","-72.8154","1204.0","2024-07-30",,"0.0",,,
"USC00435416","MOUNT MANSFIELD, VT US","44.5248","-72.8154","1204.0","2024-07-31",,"0.0",,,
"USC00435416","MOUNT MANSFIELD, VT US","44.5248","-72.8154","1204.0","2024-08-01",,"0.0",,,
"USC00435416","MOUNT MANSFIELD, VT US","44.5248","-72.8154","1204.0","2024-08-02",,"0.0",,,
"USC00435416","MOUNT MANSFIELD, VT US","44.5248","-72.8154","1204.0","2024-08-03",,"0.0",,,
"USC00435416","MOUNT MANSFIELD, VT US","44.5248","-72.8154","1204.0","2024-08-04",,"0.0",,,
"USC00435416","MOUNT MANSFIELD, VT US","44.5248","-72.8154","1204.0","2024-08-05",,"0.0",,,
"USC00435416","MOUNT MANSFIELD, VT US","44.5248","-72.8154","1204.0","2024-08-06",,"0.0",,,
"USC00435416","MOUNT MANSFIELD, VT US","44.5248","-72.8154","1204.0","2024-08-07",,"0.0",,,
"USC00435416","MOUNT MANSFIELD, VT US","44.5248","-72.8154","1204.0","2024-08-08",,"0.0",,,
"USC00435416","MOUNT MANSFIELD, VT US","44.5248","-72.8154","1204.0","2024-08-09",,"0.0",,,
"USC00435416","MOUNT MANSFIELD, VT US","44.5248","-72.8154","1204.0","2024-08-10",,"0.0",,,
"USC00435416","MOUNT MANSFIELD, VT US","44.5248","-72.8154","1204.0","2024-08-11",,"0.0",,,
"USC00435416","MOUNT MANSFIELD, VT US","44.5248","-72.8154","1204.0","2024-08-12",,"0.0",,,
"USC00435416","MOUNT MANSFIELD, VT US","44.5248","-72.8154","1204.0","2024-08-13",,"0.0",,,
"USC00435416","MOUNT MANSFIELD, VT US","44.5248","-72.8154","1204.0","2024-08-14",,"0.0",,,
"USC00435416","MOUNT MANSFIELD, VT US","44.5248","-72.8154","1204.0","2024-08-15",,"0.0",,,
"USC00435416","MOUNT MANSFIELD, VT US","44.5248","-72.8154","1204.0","2024-08-16",,"0.0",,,
"USC00435416","MOUNT MANSFIELD, VT US","44.5248","-72.8154","1204.0","2024-08-17",,"0.0",,,
"USC00435416","MOUNT MANSFIELD, VT US","44.5248","-72.8154","1204.0","2024-08-18",,"0.0",,,
"USC00435416","MOUNT MANSFIELD, VT US","44.5248","-72.8154","1204.0","2024-08-19",,"0.0",,,
"USC00435416","MOUNT MANSFIELD, VT US","44.5248","-72.8154","1204.0","2024-08-20",,"0.0",,,
"USC00435416","MOUNT MANSFIELD, VT US","44.5248","-72.8154","1204.0","2024-08-21",,"0.0",,,
"USC00435416","MOUNT MANSFIELD, VT US","44.5248","-72.8154","1204.0","2024-08-22",,"0.0",,,
"USC00435416","MOUNT MANSFIELD, VT US","44.5248","-72.8154","1204.0","2024-08-23",,"0.0",,,
"USC00435416","MOUNT MANSFIELD, VT US","44.5248","-72.8154","1204.0","2024-08-24",,"0.0",,,
"USC00435416","MOUNT MANSFIELD, VT US","44.5248","-72.8154","1204.0","2024-08-25",,"0.0",,,
"USC00435416","MOUNT MANSFIELD, VT US","44.5248","-72.8154","1204.0","2024-08-26",,"0.0",,,
"USC00435416","MOUNT MANSFIELD, VT US","44.5248","-72.8154","1204.0","2024-08-27",,"0.0",,,
"USC00435416","MOUNT MANSFIELD, VT US","44.5248","-72.8154","1204.0","2024-08-28",,"0.0",,,
"USC00435416","MOUNT MANSFIELD, VT US","44.5248","-72.8154","1204.0","2024-08-29",,"0.0",,,
"USC00435416","MOUNT MANSFIELD, VT US","44.5248","-72.8154","1204.0","2024-08-30",,"0.0",,,
"USC00435416","MOUNT MANSFIELD, VT US","44.5248","-72.8154","1204.0","2024-08-31",,"0.0",,,
"USC00435416","MOUNT MANSFIELD, VT US","44.5248","-72.8154","1204.0","2024-09-01",,"0.0",,,
"USC00435416","MOUNT MANSFIELD, VT US","44.5248","-72.8154","1204.0","2024-09-02",,"0.0",,,
"USC00435416","MOUNT MANSFIELD, VT US","44.5248","-72.8154","1204.0","2024-09-03",,"0.0",,,
"USC00435416","MOUNT MANSFIELD, VT US","44.5248","-72.8154","1204.0","2024-09-04",,"0.0",,,
"USC00435416","MOUNT MANSFIELD, VT US","44.5248","-72.8154","1204.0","2024-09-05",,"0.0",,,
"USC00435416","MOUNT MANSFIELD, VT US","44.5248","-72.8154","1204.0","2024-09-06",,"0.0",,,
"USC00435416","MOUNT MANSFIELD, VT US","44.5248","-72.8154","1204.0","2024-09-07",,"0.0",,,
"USC00435416","MOUNT MANSFIELD, VT US","44.5248","-72.8154","1204.0","2024-09-08",,"0.0",,,
"USC00435416","MOUNT MANSFIELD, VT US","44.5248","-72.8154","1204.0","2024-09-09",,"0.0",,,
"USC00435416","MOUNT MANSFIELD, VT US","44.5248","-72.8154","1204.0","2024-09-10",,"0.0",,,
"USC00435416","MOUNT MANSFIELD, VT US","44.5248","-72.8154","1204.0","2024-09-11",,"0.0",,,
"USC00435416","MOUNT MANSFIELD, VT US","44.5248","-72.8154","1204.0","2024-09-12",,"0.0",,,
"USC00435416","MOUNT MANSFIELD, VT US","44.5248","-72.8154","1204.0","2024-09-13",,"0.0",,,
"USC00435416","MOUNT MANSFIELD, VT US","44.5248","-72.8154","1204.0","2024-09-14",,"0.0",,,
"USC00435416","MOUNT MANSFIELD, VT US","44.5248","-72.8154","1204.0","2024-09-15",,"0.0",,,
"USC00435416","MOUNT MANSFIELD, VT US","44.5248","-72.8154","1204.0","2024-09-16",,"0.0",,,
"USC00435416","MOUNT MANSFIELD, VT US","44.5248","-72.8154","1204.0","2024-09-17",,"0.0",,,
"USC00435416","MOUNT MANSFIELD, VT US","44.5248","-72.8154","1204.0","2024-09-18",,"0.0",,,
"USC00435416","MOUNT MANSFIELD, VT US","44.5248","-72.8154","1204.0","2024-09-19",,"0.0",,,
"USC00435416","MOUNT MANSFIELD, VT US","44.5248","-72.8154","1204.0","2024-09-20",,"0.0",,,
"USC00435416","MOUNT MANSFIELD, VT US","44.5248","-72.8154","1204.0","2024-09-21",,"0.0",,,
"USC00435416","MOUNT MANSFIELD, VT US","44.5248","-72.8154","1204.0","2024-09-22",,"0.0",,,
"USC00435416","MOUNT MANSFIELD, VT US","44.5248","-72.8154","1204.0","2024-09-23",,"0.0",,,
"USC00435416","MOUNT MANSFIELD, VT US","44.5248","-72.8154","1204.0","2024-09-24",,"0.0",,,
"USC00435416","MOUNT MANSFIELD, VT US","44.5248","-72.8154","1204.0","2024-09-25",,"0.0",,,
"USC00435416","MOUNT MANSFIELD, VT US","44.5248","-72.8154","1204.0","2024-09-26",,"0.0",,,
"USC00435416","MOUNT MANSFIELD, VT US","44.5248","-72.8154","1204.0","2024-09-27",,"0.0",,,
"USC00435416","MOUNT MANSFIELD, VT US","44.5248","-72.8154","1204.0","2024-09-28",,"0.0",,,
"USC00435416","MOUNT MANSFIELD, VT US","44.5248","-72.8154","1204.0","2024-09-29",,"0.0",,,
"USC00435416","MOUNT MANSFIELD, VT US","44.5248","-72.8154","1204.0","2024-09-30",,"0.0",,,
"USC00435416","MOUNT MANSFIELD, VT US","44.5248","-72.8154","1204.0","2024-10-01",,"0.0",,,
"USC00435416","MOUNT MANSFIELD, VT US","44.5248","-72.8154","1204.0","2024-10-02",,"0.0",,,
"USC00435416","MOUNT MANSFIELD, VT US","44.5248","-72.8154","1204.0","2024-10-03",,"0.0",,,
"USC00435416","MOUNT MANSFIELD, VT US","44.5248","-72.8154","1204.0","2024-10-04",,"0.0",,,
"USC00435416","MOUNT MANSFIELD, VT US","44.5248","-72.8154","1204.0","2024-10-05",,"0.0",,,
"USC00435416","MOUNT MANSFIELD, VT US","44.5248","-72.8154","1204.0","2024-10-06",,"0.0",,,
"USC00435416","MOUNT MANSFIELD, VT US","44.5248","-72.8154","1204.0","2024-10-07",,"0.0",,,
"USC00435416","MOUNT MANSFIELD, VT US","44.5248","-72.8154","1204.0","2024-10-08",,"0.0",,,
"USC00435416","MOUNT MANSFIELD, VT US","44.5248","-72.8154","1204.0","2024-10-09",,"0.0",,,
"USC00435416","MOUNT MANSFIELD, VT US","44.5248","-72.8154","1204.0","2024-10-13",,"0.0",,,
"USC00435416","MOUNT MANSFIELD, VT US","44.5248","-72.8154","1204.0","2024-10-15",,"102.0",,,
"USC00435416","MOUNT MANSFIELD, VT US","44.5248","-72.8154","1204.0","2024-10-16",,"305.0",,,
"USC00435416","MOUNT MANSFIELD, VT US","44.5248","-72.8154","1204.0","2024-10-18","0.0","254.0",,,
"USC00435416","MOUNT MANSFIELD, VT US","44.5248","-72.8154","1204.0","2024-10-20","0.0",,,,
"USC00435416","MOUNT MANSFIELD, VT US","44.5248","-72.8154","1204.0","2024-10-22","0.0","0.0",,,
"USC00435416","MOUNT MANSFIELD, VT US","44.5248","-72.8154","1204.0","2024-10-23",,"0.0",,,
"USC00435416","MOUNT MANSFIELD, VT US","44.5248","-72.8154","1204.0","2024-10-24",,"0.0",,,
"USC00435416","MOUNT MANSFIELD, VT US","44.5248","-72.8154","1204.0","2024-10-25",,"0.0",,,
"USC00435416","MOUNT MANSFIELD, VT US","44.5248","-72.8154","1204.0","2024-10-26",,"0.0",,,
"USC00435416","MOUNT MANSFIELD, VT US","44.5248","-72.8154","1204.0","2024-10-27",,"0.0",,,
"USC00435416","MOUNT MANSFIELD, VT US","44.5248","-72.8154","1204.0","2024-10-28",,"102.0",,,
"USC00435416","MOUNT MANSFIELD, VT US","44.5248","-72.8154","1204.0","2024-10-29",,"76.0",,,
"USC00435416","MOUNT MANSFIELD, VT US","44.5248","-72.8154","1204.0","2024-10-30",,"0.0",,,
"USC00435416","MOUNT MANSFIELD, VT US","44.5248","-72.8154","1204.0","2024-10-31",,"0.0",,,
"USC00435416","MOUNT MANSFIELD, VT US","44.5248","-72.8154","1204.0","2024-11-01",,"0.0",,"5.0","5.6"
"USC00435416","MOUNT MANSFIELD, VT US","44.5248","-72.8154","1204.0","2024-11-02","0.0","0.0","5.6","-4.4","-4.4"
"USC00435416","MOUNT MANSFIELD, VT US","44.5248","-72.8154","1204.0","2024-11-03","0.0","0.0","-1.7","-7.2","-3.9"
"USC00435416","MOUNT MANSFIELD, VT US","44.5248","-72.8154","1204.0","2024-11-04","0.0","0.0","2.8","-3.9","0.0"
"USC00435416","MOUNT MANSFIELD, VT US","44.5248","-72.8154","1204.0","2024-11-05",,"0.0","15.0","-0.6","12.2"
"USC00435416","MOUNT MANSFIELD, VT US","44.5248","-72.8154","1204.0","2024-11-06","0.0","0.0",,,"12.2"
"USC00435416","MOUNT MANSFIELD, VT US","44.5248","-72.8154","1204.0","2024-11-07","0.0","0.0","12.2","0.0","0.6"
"USC00435416","MOUNT MANSFIELD, VT US","44.5248","-72.8154","1204.0","2024-11-08","0.0","0.0","2.8","-1.1","0.6"
"USC00435416","MOUNT MANSFIELD, VT US","44.5248","-72.8154","1204.0","2024-11-09","0.0","0.0","0.6","-5.6","-3.3"
"USC00435416","MOUNT MANSFIELD, VT US","44.5248","-72.8154","1204.0","2024-11-10","0.0","0.0","8.3","-4.4","2.8"
"USC00435416","MOUNT MANSFIELD, VT US","44.5248","-72.8154","1204.0","2024-11-11","0.0","0.0","6.1","1.7","4.4"
"USC00435416","MOUNT MANSFIELD, VT US","44.5248","-72.8154","1204.0","2024-11-12",,"51.0","4.4","-6.1","-6.1"
"USC00435416","MOUNT MANSFIELD, VT US","44.5248","-72.8154","1204.0","2024-11-13",,"51.0","-1.7","-9.4","-5.6"
"USC00435416","MOUNT MANSFIELD, VT US","44.5248","-72.8154","1204.0","2024-11-14",,"51.0","4.4","-6.1","1.1"
"USC00435416","MOUNT MANSFIELD, VT US","44.5248","-72.8154","1204.0","2024-11-15","0.0","51.0","7.2","-1.1","5.6"
"USC00435416","MOUNT MANSFIELD, VT US","44.5248","-72.8154","1204.0","2024-11-16","0.0","25.0","5.6","-1.7","1.7"
"USC00435416","MOUNT MANSFIELD, VT US","44.5248","-72.8154","1204.0","2024-11-17","0.0","25.0","6.1","-1.7","2.8"
"USC00435416","MOUNT MANSFIELD, VT US","44.5248","-72.8154","1204.0","2024-11-18",,"25.0","6.7","0.6","1.1"
"USC00435416","MOUNT MANSFIELD, VT US","44.5248","-72.8154","1204.0","2024-11-19",,"25.0","1.7","-1.7","-0.6"
"USC00435416","MOUNT MANSFIELD, VT US","44.5248","-72.8154","1204.0","2024-11-20","0.0","25.0","10.0","-0.6","4.4"
"USC00435416","MOUNT MANSFIELD, VT US","44.5248","-72.8154","1204.0","2024-11-21","0.0","25.0","4.4","0.6","1.1"
"USC00435416","MOUNT MANSFIELD, VT US","44.5248","-72.8154","1204.0","2024-11-22",,"25.0","1.1","-0.6","-0.6"
"USC00435416","MOUNT MANSFIELD, VT US","44.5248","-72.8154","1204.0","2024-11-23",,"102.0",,,"-1.7"
"USC00435416","MOUNT MANSFIELD, VT US","44.5248","-72.8154","1204.0","2024-11-24",,"127.0",,,
"USC00435416","MOUNT MANSFIELD, VT US","44.5248","-72.8154","1204.0","2024-11-25",,"127.0",,,
"USC00435416","MOUNT MANSFIELD, VT US","44.5248","-72.8154","1204.0","2024-11-26",,"127.0",,,
"USC00435416","MOUNT MANSFIELD, VT US","44.5248","-72.8154","1204.0","2024-11-27",,"152.0","0.6","-6.1","-5.0"
"USC00435416","MOUNT MANSFIELD, VT US","44.5248","-72.8154","1204.0","2024-11-28",,"254.0","-2.2","-6.1","-2.8"
"USC00435416","MOUNT MANSFIELD, VT US","44.5248","-72.8154","1204.0","2024-11-29",,"305.0","-2.2","-7.2","-6.1"
"USC00435416","MOUNT MANSFIELD, VT US","44.5248","-72.8154","1204.0","2024-11-30",,"330.0","-5.6","-8.3","-8.3"
"USC00435416","MOUNT MANSFIELD, VT US","44.5248","-72.8154","1204.0","2024-12-01",,"381.0",,"-10.0",
"USC00435416","MOUNT MANSFIELD, VT US","44.5248","-72.8154","1204.0","2024-12-02",,"483.0",,,
"USC00435416","MOUNT MANSFIELD, VT US","44.5248","-72.8154","1204.0","2024-12-03",,"483.0",,,
"USC00435416","MOUNT MANSFIELD, VT US","44.5248","-72.8154","1204.0","2024-12-04",,"483.0",,,
"USC00435416","MOUNT MANSFIELD, VT US","44.5248","-72.8154","1204.0","2024-12-05",,"508.0",,,
"USC00435416","MOUNT MANSFIELD, VT US","44.5248","-72.8154","1204.0","2024-12-06",,"762.0",,,
"USC00435416","MOUNT MANSFIELD, VT US","44.5248","-72.8154","1204.0","2024-12-07",,"889.0",,,
"USC00435416","MOUNT MANSFIELD, VT US","44.5248","-72.8154","1204.0","2024-12-08",,"965.0",,,
"USC00435416","MOUNT MANSFIELD, VT US","44.5248","-72.8154","1204.0","2024-12-09",,"914.0",,,
"USC00435416","MOUNT MANSFIELD, VT US","44.5248","-72.8154","1204.0","2024-12-10",,"889.0",,,"0.6"
"USC00435416","MOUNT MANSFIELD, VT US","44.5248","-72.8154","1204.0","2024-12-11",,"813.0","3.3","-2.2","3.3"
"USC00435416","MOUNT MANSFIELD, VT US","44.5248","-72.8154","1204.0","2024-12-12",,"838.0",,,
"USC00435416","MOUNT MANSFIELD, VT US","44.5248","-72.8154","1204.0","2024-12-13",,"838.0",,,
"USC00435416","MOUNT MANSFIELD, VT US","44.5248","-72.8154","1204.0","2024-12-14",,"838.0",,,"-12.8"
"USC00435416","MOUNT MANSFIELD, VT US","44.5248","-72.8154","1204.0","2024-12-15",,"838.0","-6.1","-15.0","-10.0"
"USC00435416","MOUNT MANSFIELD, VT US","44.5248","-72.8154","1204.0","2024-12-16",,"838.0","0.0","-10.0","-0.6"
"USC00435416","MOUNT MANSFIELD, VT US","44.5248","-72.8154","1204.0","2024-12-17",,"660.0",,,
"USC00435416","MOUNT MANSFIELD, VT US","44.5248","-72.8154","1204.0","2024-12-19",,"940.0",,,
"USC00435416","MOUNT MANSFIELD, VT US","44.5248","-72.8154","1204.0","2024-12-21",,"965.0",,,
"USC00435416","MOUNT MANSFIELD, VT US","44.5248","-72.8154","1204.0","2024-12-22",,"965.0",,,
"USC00435416","MOUNT MANSFIELD, VT US","44.5248","-72.8154","1204.0","2024-12-23",,"965.0",,,
"USC00435416","MOUNT MANSFIELD, VT US","44.5248","-72.8154","1204.0","2024-12-24",,"1016.0",,,
"USC00435416","MOUNT MANSFIELD, VT US","44.5248","-72.8154","1204.0","2024-12-26",,"940.0",,,
"USC00435416","MOUNT MANSFIELD, VT US","44.5248","-72.8154","1204.0","2024-12-28",,"940.0",,,
"USC00435416","MOUNT MANSFIELD, VT US","44.5248","-72.8154","1204.0","2024-12-30",,"711.0",,,
"USC00435416","MOUNT MANSFIELD, VT US","44.5248","-72.8154","1204.0","2025-01-01",,"838.0",,,
"USC00435416","MOUNT MANSFIELD, VT US","44.5248","-72.8154","1204.0","2025-01-02",,"991.0",,,
"USC00435416","MOUNT MANSFIELD, VT US","44.5248","-72.8154","1204.0","2025-01-03",,"1041.0",,,
"USC00435416","MOUNT MANSFIELD, VT US","44.5248","-72.8154","1204.0","2025-01-08",,"965.0",,,
"USC00435416","MOUNT MANSFIELD, VT US","44.5248","-72.8154","1204.0","2025-01-10",,"1143.0",,,
"USC00435416","MOUNT MANSFIELD, VT US","44.5248","-72.8154","1204.0","2025-01-11",,"1168.0",,,
"USC00435416","MOUNT MANSFIELD, VT US","44.5248","-72.8154","1204.0","2025-01-12",,,"-4.4","-13.3","-6.7"
"USC00435416","MOUNT MANSFIELD, VT US","44.5248","-72.8154","1204.0","2025-01-13",,,"-5.6","-10.0","-6.7"
"USC00435416","MOUNT MANSFIELD, VT US","44.5248","-72.8154","1204.0","2025-01-14",,"1346.0",,,
"USC00435416","MOUNT MANSFIELD, VT US","44.5248","-72.8154","1204.0","2025-01-15","5.6","1422.0",,,"-12.2"
"USC00435416","MOUNT MANSFIELD, VT US","44.5248","-72.8154","1204.0","2025-01-16","0.3","1397.0","-7.2","-12.8","-7.2"
"USC00435416","MOUNT MANSFIELD, VT US","44.5248","-72.8154","1204.0","2025-01-17","0.8","1422.0","-6.1","-11.1","-7.2"
"USC00435416","MOUNT MANSFIELD, VT US","44.5248","-72.8154","1204.0","2025-01-18",,"1397.0","-2.8","-7.8","-3.3"
"USC00435416","MOUNT MANSFIELD, VT US","44.5248","-72.8154","1204.0","2025-01-19","2.8","1397.0",,,
"USC00435416","MOUNT MANSFIELD, VT US","44.5248","-72.8154","1204.0","2025-01-20",,"1422.0",,,
"USC00435416","MOUNT MANSFIELD, VT US","44.5248","-72.8154","1204.0","2025-01-21",,"1422.0",,,
"USC00435416","MOUNT MANSFIELD, VT US","44.5248","-72.8154","1204.0","2025-01-22",,"1397.0",,,
"USC00435416","MOUNT MANSFIELD, VT US","44.5248","-72.8154","1204.0","2025-01-23",,"1397.0",,,
"USC00435416","MOUNT MANSFIELD, VT US","44.5248","-72.8154","1204.0","2025-01-24","2.3","1448.0",,,
"USC00435416","MOUNT MANSFIELD, VT US","44.5248","-72.8154","1204.0","2025-01-25",,"1422.0",,,
"USC00435416","MOUNT MANSFIELD, VT US","44.5248","-72.8154","1204.0","2025-01-26","4.3","1473.0",,,
"USC00435416","MOUNT MANSFIELD, VT US","44.5248","-72.8154","1204.0","2025-01-27","2.3","1448.0",,,
"USC00435416","MOUNT MANSFIELD, VT US","44.5248","-72.8154","1204.0","2025-01-28",,"1575.0",,,
"USC00435416","MOUNT MANSFIELD, VT US","44.5248","-72.8154","1204.0","2025-01-29",,"1676.0",,,
"USC00435416","MOUNT MANSFIELD, VT US","44.5248","-72.8154","1204.0","2025-01-30",,"1702.0",,,
"USC00435416","MOUNT MANSFIELD, VT US","44.5248","-72.8154","1204.0","2025-01-31",,"1626.0",,,
"USC00435416","MOUNT MANSFIELD, VT US","44.5248","-72.8154","1204.0","2025-02-03",,"1702.0",,,
"USC00435416","MOUNT MANSFIELD, VT US","44.5248","-72.8154","1204.0","2025-02-04",,"1930.0",,,
"USC00435416","MOUNT MANSFIELD, VT US","44.5248","-72.8154","1204.0","2025-02-05",,"1930.0",,,
"USC00435416","MOUNT MANSFIELD, VT US","44.5248","-72.8154","1204.0","2025-02-06","4.6","1981.0",,,
"USC00435416","MOUNT MANSFIELD, VT US","44.5248","-72.8154","1204.0","2025-02-07","2.3","1854.0",,,
"USC00435416","MOUNT MANSFIELD, VT US","44.5248","-72.8154","1204.0","2025-02-08","1.8","1981.0",,,
"USC00435416","MOUNT MANSFIELD, VT US","44.5248","-72.8154","1204.0","2025-02-09","4.6","2057.0",,,
"USC00435416","MOUNT MANSFIELD, VT US","44.5248","-72.8154","1204.0","2025-02-10","2.5","2134.0",,,
"USC00435416","MOUNT MANSFIELD, VT US","44.5248","-72.8154","1204.0","2025-02-11",,"2083.0",,,
"USC00435416","MOUNT MANSFIELD, VT US","44.5248","-72.8154","1204.0","2025-02-12",,"2083.0",,,
"USC00435416","MOUNT MANSFIELD, VT US","44.5248","-72.8154","1204.0","2025-02-13",,"2134.0",,,
"USC00435416","MOUNT MANSFIELD, VT US","44.5248","-72.8154","1204.0","2025-02-14","3.6","2184.0",,,
"USC00435416","MOUNT MANSFIELD, VT US","44.5248","-72.8154","1204.0","2025-02-15",,"2159.0",,,
"USC00435416","MOUNT MANSFIELD, VT US","44.5248","-72.8154","1204.0","2025-02-16",,"2337.0",,,
"USC00435416","MOUNT MANSFIELD, VT US","44.5248","-72.8154","1204.0","2025-02-17",,"2413.0",,,
"USC00435416","MOUNT MANSFIELD, VT US","44.5248","-72.8154","1204.0","2025-02-18",,"2388.0",,,
"USC00435416","MOUNT MANSFIELD, VT US","44.5248","-72.8154","1204.0","2025-02-19",,"2362.0",,,
"USC00435416","MOUNT MANSFIELD, VT US","44.5248","-72.8154","1204.0","2025-02-20",,"2337.0",,,
"USC00435416","MOUNT MANSFIELD, VT US","44.5248","-72.8154","1204.0","2025-02-21",,"2388.0",,,
"USC00435416","MOUNT MANSFIELD, VT US","44.5248","-72.8154","1204.0","2025-02-22",,"2337.0",,,
"USC00435416","MOUNT MANSFIELD, VT US","44.5248","-72.8154","1204.0","2025-02-23",,"2413.0",,,
"USC00435416","MOUNT MANSFIELD, VT US","44.5248","-72.8154","1204.0","2025-02-24","1.0","2413.0",,,
"USC00435416","MOUNT MANSFIELD, VT US","44.5248","-72.8154","1204.0","2025-02-25",,"2413.0",,,
"USC00435416","MOUNT MANSFIELD, VT US","44.5248","-72.8154","1204.0","2025-02-26",,"2464.0",,,
"USC00435416","MOUNT MANSFIELD, VT US","44.5248","-72.8154","1204.0","2025-02-27","3.8","2489.0",,,
"USC00435416","MOUNT MANSFIELD, VT US","44.5248","-72.8154","1204.0","2025-02-28",,"2489.0",,,
"USC00435416","MOUNT MANSFIELD, VT US","44.5248","-72.8154","1204.0","2025-03-01","4.6","2591.0",,,
"USC00435416","MOUNT MANSFIELD, VT US","44.5248","-72.8154","1204.0","2025-03-02",,"2616.0",,,
"USC00435416","MOUNT MANSFIELD, VT US","44.5248","-72.8154","1204.0","2025-03-03","0.0","2591.0",,,
"USC00435416","MOUNT MANSFIELD, VT US","44.5248","-72.8154","1204.0","2025-03-04","0.0","2540.0",,,
"USC00435416","MOUNT MANSFIELD, VT US","44.5248","-72.8154","1204.0","2025-03-05",,"2464.0",,,
"USC00435416","MOUNT MANSFIELD, VT US","44.5248","-72.8154","1204.0","2025-03-06",,"2362.0",,,
"USC00435416","MOUNT MANSFIELD, VT US","44.5248","-72.8154","1204.0","2025-03-07",,"2362.0",,,
"USC00435416","MOUNT MANSFIELD, VT US","44.5248","-72.8154","1204.0","2025-03-08","2.0","2413.0",,,
"USC00435416","MOUNT MANSFIELD, VT US","44.5248","-72.8154","1204.0","2025-03-09",,"2413.0",,,
"USC00435416","MOUNT MANSFIELD, VT US","44.5248","-72.8154","1204.0","2025-03-10",,"2388.0",,,
"USC00435416","MOUNT MANSFIELD, VT US","44.5248","-72.8154","1204.0","2025-03-11","0.0","2362.0",,,
"USC00435416","MOUNT MANSFIELD, VT US","44.5248","-72.8154","1204.0","2025-03-12","0.0","2311.0",,,
"USC00435416","MOUNT MANSFIELD, VT US","44.5248","-72.8154","1204.0","2025-03-13","0.0","2286.0",,,
"USC00435416","MOUNT MANSFIELD, VT US","44.5248","-72.8154","1204.0","2025-03-14","0.0","2261.0",,,
"USC00435416","MOUNT MANSFIELD, VT US","44.5248","-72.8154","1204.0","2025-03-15","0.0","2235.0",,,
"USC00435416","MOUNT MANSFIELD, VT US","44.5248","-72.8154","1204.0","2025-03-16",,"2184.0",,,
"USC00435416","MOUNT MANSFIELD, VT US","44.5248","-72.8154","1204.0","2025-03-17","0.0","2032.0",,,
"USC00435416","MOUNT MANSFIELD, VT US","44.5248","-72.8154","1204.0","2025-03-18",,"2007.0",,,
"USC00435416","MOUNT MANSFIELD, VT US","44.5248","-72.8154","1204.0","2025-03-19","0.0","1981.0",,,
"USC00435416","MOUNT MANSFIELD, VT US","44.5248","-72.8154","1204.0","2025-03-20","0.0","1930.0",,,
"USC00435416","MOUNT MANSFIELD, VT US","44.5248","-72.8154","1204.0","2025-03-21","13.0","2032.0",,,
"USC00435416","MOUNT MANSFIELD, VT US","44.5248","-72.8154","1204.0","2025-03-22",,"2007.0",,,
"USC00435416","MOUNT MANSFIELD, VT US","44.5248","-72.8154","1204.0","2025-03-23",,"2057.0",,,
"USC00435416","MOUNT MANSFIELD, VT US","44.5248","-72.8154","1204.0","2025-03-24",,"2083.0",,,
"USC00435416","MOUNT MANSFIELD, VT US","44.5248","-72.8154","1204.0","2025-03-25",,"2159.0",,,
"USC00435416","MOUNT MANSFIELD, VT US","44.5248","-72.8154","1204.0","2025-03-26",,"2286.0",,,
"USC00435416","MOUNT MANSFIELD, VT US","44.5248","-72.8154","1204.0","2025-03-27",,"2337.0",,,
"USC00435416","MOUNT MANSFIELD, VT US","44.5248","-72.8154","1204.0","2025-03-28",,"2286.0",,,
"USC00435416","MOUNT MANSFIELD, VT US","44.5248","-72.8154","1204.0","2025-03-29",,"2489.0",,,
"USC00435416","MOUNT MANSFIELD, VT US","44.5248","-72.8154","1204.0","2025-03-30",,"2464.0",,,
"USC00435416","MOUNT MANSFIELD, VT US","44.5248","-72.8154","1204.0","2025-03-31",,"2261.0",,,
"USC00435416","MOUNT MANSFIELD, VT US","44.5248","-72.8154","1204.0","2025-04-01",,"2159.0",,,
"USC00435416","MOUNT MANSFIELD, VT US","44.5248","-72.8154","1204.0","2025-04-02","0.0","2159.0",,,
"USC00435416","MOUNT MANSFIELD, VT US","44.5248","-72.8154","1204.0","2025-04-03",,"2184.0",,,
"USC00435416","MOUNT MANSFIELD, VT US","44.5248","-72.8154","1204.0","2025-04-04","0.0","2134.0",,,
"USC00435416","MOUNT MANSFIELD, VT US","44.5248","-72.8154","1204.0","2025-04-05","0.0","2134.0",,,
"USC00435416","MOUNT MANSFIELD, VT US","44.5248","-72.8154","1204.0","2025-04-06","0.0","2134.0",,,
"USC00435416","MOUNT MANSFIELD, VT US","44.5248","-72.8154","1204.0","2025-04-07","0.0","2134.0",,,
"USC00435416","MOUNT MANSFIELD, VT US","44.5248","-72.8154","1204.0","2025-04-08",,"2261.0",,,
"USC00435416","MOUNT MANSFIELD, VT US","44.5248","-72.8154","1204.0","2025-04-09",,"2337.0",,,
"USC00435416","MOUNT MANSFIELD, VT US","44.5248","-72.8154","1204.0","2025-04-10","0.0","2311.0",,,
"USC00435416","MOUNT MANSFIELD, VT US","44.5248","-72.8154","1204.0","2025-04-11","0.0","2286.0",,,
"USC00435416","MOUNT MANSFIELD, VT US","44.5248","-72.8154","1204.0","2025-04-12",,"2311.0",,,
"USC00435416","MOUNT MANSFIELD, VT US","44.5248","-72.8154","1204.0","2025-04-13","0.0","2311.0",,,
"USC00435416","MOUNT MANSFIELD, VT US","44.5248","-72.8154","1204.0","2025-04-14","0.0","2210.0",,,
"USC00435416","MOUNT MANSFIELD, VT US","44.5248","-72.8154","1204.0","2025-04-15","0.0","2108.0",,,
"USC00435416","MOUNT MANSFIELD, VT US","44.5248","-72.8154","1204.0","2025-04-16",,"2210.0",,,
"USC00435416","MOUNT MANSFIELD, VT US","44.5248","-72.8154","1204.0","2025-04-17",,"2235.0",,,
"USC00435416","MOUNT MANSFIELD, VT US","44.5248","-72.8154","1204.0","2025-04-18","0.0","2210.0",,,
"USC00435416","MOUNT MANSFIELD, VT US","44.5248","-72.8154","1204.0","2025-04-19","10.7","1981.0",,,
"USC00435416","MOUNT MANSFIELD, VT US","44.5248","-72.8154","1204.0","2025-04-20",,"1930.0",,,
"USC00435416","MOUNT MANSFIELD, VT US","44.5248","-72.8154","1204.0","2025-04-21",,"1905.0",,,
"USC00435416","MOUNT MANSFIELD, VT US","44.5248","-72.8154","1204.0","2025-04-22",,"1829.0",,,
"USC00435416","MOUNT MANSFIELD, VT US","44.5248","-72.8154","1204.0","2025-04-23",,"1803.0",,,
"USC00435416","MOUNT MANSFIELD, VT US","44.5248","-72.8154","1204.0","2025-04-24",,"1778.0",,,
"USC00435416","MOUNT MANSFIELD, VT US","44.5248","-72.8154","1204.0","2025-04-25",,"1727.0",,,
"USC00435416","MOUNT MANSFIELD, VT US","44.5248","-72.8154","1204.0","2025-04-26",,"1651.0",,,
"USC00435416","MOUNT MANSFIELD, VT US","44.5248","-72.8154","1204.0","2025-04-27",,"1702.0",,,
"USC00435416","MOUNT MANSFIELD, VT US","44.5248","-72.8154","1204.0","2025-04-28","0.0","1524.0",,,
"USC00435416","MOUNT MANSFIELD, VT US","44.5248","-72.8154","1204.0","2025-04-29",,"1397.0",,,
"USC00435416","MOUNT MANSFIELD, VT US","44.5248","-72.8154","1204.0","2025-04-30",,"1372.0",,,
"USC00435416","MOUNT MANSFIELD, VT US","44.5248","-72.8154","1204.0","2025-05-01","0.0","1270.0",,,
"USC00435416","MOUNT MANSFIELD, VT US","44.5248","-72.8154","1204.0","2025-05-02","0.0","1219.0",,,
"USC00435416","MOUNT MANSFIELD, VT US","44.5248","-72.8154","1204.0","2025-05-03",,"1092.0",,,
"USC00435416","MOUNT MANSFIELD, VT US","44.5248","-72.8154","1204.0","2025-05-04",,"1041.0",,,
"USC00435416","MOUNT MANSFIELD, VT US","44.5248","-72.8154","1204.0","2025-05-05",,"1016.0",,,
"USC00435416","MOUNT MANSFIELD, VT US","44.5248","-72.8154","1204.0","2025-05-06",,"965.0",,,
"USC00435416","MOUNT MANSFIELD, VT US","44.5248","-72.8154","1204.0","2025-05-07",,"914.0",,,
"USC00435416","MOUNT MANSFIELD, VT US","44.5248","-72.8154","1204.0","2025-05-08",,"864.0",,,
"USC00435416","MOUNT MANSFIELD, VT US","44.5248","-72.8154","1204.0","2025-05-09",,"838.0",,,
"USC00435416","MOUNT MANSFIELD, VT US","44.5248","-72.8154","1204.0","2025-05-10",,"787.0",,,
"USC00435416","MOUNT MANSFIELD, VT US","44.5248","-72.8154","1204.0","2025-05-11",,"737.0",,,
"USC00435416","MOUNT MANSFIELD, VT US","44.5248","-72.8154","1204.0","2025-05-12",,"686.0",,,
"USC00435416","MOUNT MANSFIELD, VT US","44.5248","-72.8154","1204.0","2025-05-13",,"610.0",,,
"USC00435416","MOUNT MANSFIELD, VT US","44.5248","-72.8154","1204.0","2025-05-14",,"533.0",,,
"USC00435416","MOUNT MANSFIELD, VT US","44.5248","-72.8154","1204.0","2025-05-15",,"483.0",,,
"USC00435416","MOUNT MANSFIELD, VT US","44.5248","-72.8154","1204.0","2025-05-16",,"356.0",,,
"USC00435416","MOUNT MANSFIELD, VT US","44.5248","-72.8154","1204.0","2025-05-17",,"229.0",,,
"USC00435416","MOUNT MANSFIELD, VT US","44.5248","-72.8154","1204.0","2025-05-18",,"229.0",,,
"USC00435416","MOUNT MANSFIELD, VT US","44.5248","-72.8154","1204.0","2025-05-19",,"178.0",,,
"USC00435416","MOUNT MANSFIELD, VT US","44.5248","-72.8154","1204.0","2025-05-20",,"178.0",,,
"USC00435416","MOUNT MANSFIELD, VT US","44.5248","-72.8154","1204.0","2025-05-21",,"127.0",,,
"USC00435416","MOUNT MANSFIELD, VT US","44.5248","-72.8154","1204.0","2025-05-22",,"127.0",,,
"USC00435416","MOUNT MANSFIELD, VT US","44.5248","-72.8154","1204.0","2025-05-23",,"127.0",,,
"USC00435416","MOUNT MANSFIELD, VT US","44.5248","-72.8154","1204.0","2025-05-24",,"127.0",,,
"USC00435416","MOUNT MANSFIELD, VT US","44.5248","-72.8154","1204.0","2025-05-25",,"127.0",,,
"USC00435416","MOUNT MANSFIELD, VT US","44.5248","-72.8154","1204.0","2025-05-26",,"102.0",,,
"USC00435416","MOUNT MANSFIELD, VT US","44.5248","-72.8154","1204.0","2025-05-27",,"51.0",,,
"USC00435416","MOUNT MANSFIELD, VT US","44.5248","-72.8154","1204.0","2025-05-28",,"51.0",,,
"USC00435416","MOUNT MANSFIELD, VT US","44.5248","-72.8154","1204.0","2025-05-29",,"51.0",,,
"USC00435416","MOUNT MANSFIELD, VT US","44.5248","-72.8154","1204.0","2025-05-30",,"25.0",,,
"USC00435416","MOUNT MANSFIELD, VT US","44.5248","-72.8154","1204.0","2025-05-31",,"0.0",,,
"USC00435416","MOUNT MANSFIELD, VT US","44.5248","-72.8154","1204.0","2025-06-01",,"0.0",,,
"USC00435416","MOUNT MANSFIELD, VT US","44.5248","-72.8154","1204.0","2025-06-02",,"0.0",,,
"USC00435416","MOUNT MANSFIELD, VT US","44.5248","-72.8154","1204.0","2025-06-03",,"0.0",,,
"USC00435416","MOUNT MANSFIELD, VT US","44.5248","-72.8154","1204.0","2025-06-04",,"0.0",,,
"USC00435416","MOUNT MANSFIELD, VT US","44.5248","-72.8154","1204.0","2025-06-05",,"0.0",,,
"USC00435416","MOUNT MANSFIELD, VT US","44.5248","-72.8154","1204.0","2025-06-06",,"0.0",,,
"USC00435416","MOUNT MANSFIELD, VT US","44.5248","-72.8154","1204.0","2025-06-07",,"0.0",,,
"USC00435416","MOUNT MANSFIELD, VT US","44.5248","-72.8154","1204.0","2025-06-08",,"0.0",,,
"USC00435416","MOUNT MANSFIELD, VT US","44.5248","-72.8154","1204.0","2025-06-09",,"0.0",,,
"USC00435416","MOUNT MANSFIELD, VT US","44.5248","-72.8154","1204.0","2025-06-10",,"0.0",,,
"USC00435416","MOUNT MANSFIELD, VT US","44.5248","-72.8154","1204.0","2025-06-11",,"0.0",,,
"USC00435416","MOUNT MANSFIELD, VT US","44.5248","-72.8154","1204.0","2025-06-12",,"0.0",,,
"USC00435416","MOUNT MANSFIELD, VT US","44.5248","-72.8154","1204.0","2025-06-13",,"0.0",,,
"USC00435416","MOUNT MANSFIELD, VT US","44.5248","-72.8154","1204.0","2025-06-14",,"0.0",,,
"USC00435416","MOUNT MANSFIELD, VT US","44.5248","-72.8154","1204.0","2025-06-15",,"0.0",,,
"USC00435416","MOUNT MANSFIELD, VT US","44.5248","-72.8154","1204.0","2025-06-16",,"0.0",,,
"USC00435416","MOUNT MANSFIELD, VT US","44.5248","-72.8154","1204.0","2025-06-17",,"0.0",,,
"USC00435416","MOUNT MANSFIELD, VT US","44.5248","-72.8154","1204.0","2025-06-18",,"0.0",,,
"USC00435416","MOUNT MANSFIELD, VT US","44.5248","-72.8154","1204.0","2025-06-19",,"0.0",,,
"USC00435416","MOUNT MANSFIELD, VT US","44.5248","-72.8154","1204.0","2025-06-20",,"0.0",,,
"USC00435416","MOUNT MANSFIELD, VT US","44.5248","-72.8154","1204.0","2025-06-21",,"0.0",,,
"USC00435416","MOUNT MANSFIELD, VT US","44.5248","-72.8154","1204.0","2025-06-22",,"0.0",,,
"USC00435416","MOUNT MANSFIELD, VT US","44.5248","-72.8154","1204.0","2025-06-23",,"0.0",,,
"USC00435416","MOUNT MANSFIELD, VT US","44.5248","-72.8154","1204.0","2025-06-24",,"0.0",,,
"USC00435416","MOUNT MANSFIELD, VT US","44.5248","-72.8154","1204.0","2025-06-25",,"0.0",,,
"USC00435416","MOUNT MANSFIELD, VT US","44.5248","-72.8154","1204.0","2025-06-26",,"0.0",,,
"USC00435416","MOUNT MANSFIELD, VT US","44.5248","-72.8154","1204.0","2025-06-27",,"0.0",,,
"USC00435416","MOUNT MANSFIELD, VT US","44.5248","-72.8154","1204.0","2025-06-28",,"0.0",,,
"USC00435416","MOUNT MANSFIELD, VT US","44.5248","-72.8154","1204.0","2025-06-29",,"0.0",,,
"USC00435416","MOUNT MANSFIELD, VT US","44.5248","-72.8154","1204.0","2025-06-30",,"0.0",,,
"USC00435416","MOUNT MANSFIELD, VT US","44.5248","-72.8154","1204.0","2025-07-01",,"0.0",,,
"USC00435416","MOUNT MANSFIELD, VT US","44.5248","-72.8154","1204.0","2025-07-02",,"0.0",,,
"USC00435416","MOUNT MANSFIELD, VT US","44.5248","-72.8154","1204.0","2025-07-03",,"0.0",,,
"USC00435416","MOUNT MANSFIELD, VT US","44.5248","-72.8154","1204.0","2025-07-04",,"0.0",,,
"USC00435416","MOUNT MANSFIELD, VT US","44.5248","-72.8154","1204.0","2025-07-05",,"0.0",,,
"USC00435416","MOUNT MANSFIELD, VT US","44.5248","-72.8154","1204.0","2025-07-06",,"0.0",,,
"USC00435416","MOUNT MANSFIELD, VT US","44.5248","-72.8154","1204.0","2025-07-07",,"0.0",,,
"USC00435416","MOUNT MANSFIELD, VT US","44.5248","-72.8154","1204.0","2025-07-08",,"0.0",,,
"USC00435416","MOUNT MANSFIELD, VT US","44.5248","-72.8154","1204.0","2025-07-09",,"0.0",,,
"USC00435416","MOUNT MANSFIELD, VT US","44.5248","-72.8154","1204.0","2025-07-10",,"0.0",,,
"USC00435416","MOUNT MANSFIELD, VT US","44.5248","-72.8154","1204.0","2025-07-11",,"0.0",,,
"USC00435416","MOUNT MANSFIELD, VT US","44.5248","-72.8154","1204.0","2025-07-12",,"0.0",,,
"USC00435416","MOUNT MANSFIELD, VT US","44.5248","-72.8154","1204.0","2025-07-13",,"0.0",,,
"USC00435416","MOUNT MANSFIELD, VT US","44.5248","-72.8154","1204.0","2025-07-14",,"0.0",,,
"USC00435416","MOUNT MANSFIELD, VT US","44.5248","-72.8154","1204.0","2025-07-15",,"0.0",,,
"USC00435416","MOUNT MANSFIELD, VT US","44.5248","-72.8154","1204.0","2025-07-16",,"0.0",,,
"USC00435416","MOUNT MANSFIELD, VT US","44.5248","-72.8154","1204.0","2025-07-17",,"0.0",,,
"USC00435416","MOUNT MANSFIELD, VT US","44.5248","-72.8154","1204.0","2025-07-18","0.0","0.0","15.6",,"15.0"
"USC00435416","MOUNT MANSFIELD, VT US","44.5248","-72.8154","1204.0","2025-07-19","0.0","0.0","18.3","11.7","17.8"
"USC00435416","MOUNT MANSFIELD, VT US","44.5248","-72.8154","1204.0","2025-07-20","8.6","0.0","19.4","12.8","13.3"
"USC00435416","MOUNT MANSFIELD, VT US","44.5248","-72.8154","1204.0","2025-07-21","0.0","0.0","13.9","7.2","12.2"
"USC00435416","MOUNT MANSFIELD, VT US","44.5248","-72.8154","1204.0","2025-07-22","0.0","0.0","17.2","7.8","15.0"
"USC00435416","MOUNT MANSFIELD, VT US","44.5248","-72.8154","1204.0","2025-07-23","0.0","0.0","21.7","11.7","21.1"
"USC00435416","MOUNT MANSFIELD, VT US","44.5248","-72.8154","1204.0","2025-07-24","0.0","0.0","22.2",,"19.4"
"USC00435416","MOUNT MANSFIELD, VT US","44.5248","-72.8154","1204.0","2025-07-25","12.2","0.0","22.8","10.0","15.6"
"USC00435416","MOUNT MANSFIELD, VT US","44.5248","-72.8154","1204.0","2025-07-26","0.0","0.0","20.0","13.9","20.0"
"USC00435416","MOUNT MANSFIELD, VT US","44.5248","-72.8154","1204.0","2025-07-27","13.2","0.0","21.7","14.4","17.8"
"USC00435416","MOUNT MANSFIELD, VT US","44.5248","-72.8154","1204.0","2025-07-28",,"0.0","23.3","16.7","23.3"
"USC00435416","MOUNT MANSFIELD, VT US","44.5248","-72.8154","1204.0","2025-07-29","0.0","0.0",,,
"USC00435416","MOUNT MANSFIELD, VT US","44.5248","-72.8154","1204.0","2025-07-30","3.8","0.0","11.1","6.7","10.0"
"USC00435416","MOUNT MANSFIELD, VT US","44.5248","-72.8154","1204.0","2025-07-31","2.3","0.0","10.0","1.1","4.4"
"USC00435416","MOUNT MANSFIELD, VT US","44.5248","-72.8154","1204.0","2025-08-01","0.0","0.0",,,
"USC00435416","MOUNT MANSFIELD, VT US","44.5248","-72.8154","1204.0","2025-08-02",,"0.0",,,
"USC00435416","MOUNT MANSFIELD, VT US","44.5248","-72.8154","1204.0","2025-08-03","0.0","0.0",,,
"USC00435416","MOUNT MANSFIELD, VT US","44.5248","-72.8154","1204.0","2025-08-04",,"0.0","16.7","7.8","16.1"
"USC00435416","MOUNT MANSFIELD, VT US","44.5248","-72.8154","1204.0","2025-08-05",,"0.0","17.8","11.1","13.9"
"USC00435416","MOUNT MANSFIELD, VT US","44.5248","-72.8154","1204.0","2025-08-06","0.0","0.0",,,
"USC00435416","MOUNT MANSFIELD, VT US","44.5248","-72.8154","1204.0","2025-08-07","0.0","0.0","20.6","12.2","19.4"
"USC00435416","MOUNT MANSFIELD, VT US","44.5248","-72.8154","1204.0","2025-08-08","2.0","0.0","21.7","14.4","21.7"
"USC00435416","MOUNT MANSFIELD, VT US","44.5248","-72.8154","1204.0","2025-08-09","0.0","0.0","23.9","14.4","23.3"
"USC00435416","MOUNT MANSFIELD, VT US","44.5248","-72.8154","1204.0","2025-08-10","0.0","0.0","28.3","17.2","27.2"
"USC00435416","MOUNT MANSFIELD, VT US","44.5248","-72.8154","1204.0","2025-08-11","0.0","0.0","30.0","19.4","28.3"
"USC00435416","MOUNT MANSFIELD, VT US","44.5248","-72.8154","1204.0","2025-08-12","0.0","0.0","31.1","18.3","28.3"
"USC00435416","MOUNT MANSFIELD, VT US","44.5248","-72.8154","1204.0","2025-08-13","16.0","0.0","30.0","14.4","22.2"
"USC00435416","MOUNT MANSFIELD, VT US","44.5248","-72.8154","1204.0","2025-08-14","10.2","0.0","23.3","14.4","22.8"
"USC00435416","MOUNT MANSFIELD, VT US","44.5248","-72.8154","1204.0","2025-08-15","0.0","0.0","22.8",,"17.8"
"USC00435416","MOUNT MANSFIELD, VT US","44.5248","-72.8154","1204.0","2025-08-16","0.0","0.0","23.9","13.9","23.9"
"USC00435416","MOUNT MANSFIELD, VT US","44.5248","-72.8154","1204.0","2025-08-17","2.8","0.0","26.7","11.7","11.7"
"USC00435416","MOUNT MANSFIELD, VT US","44.5248","-72.8154","1204.0","2025-08-18","2.5","0.0","14.4","3.9","12.2"
"USC00435416","MOUNT MANSFIELD, VT US","44.5248","-72.8154","1204.0","2025-08-19","0.0","0.0","18.3","6.7","13.9"
"USC00435416","MOUNT MANSFIELD, VT US","44.5248","-72.8154","1204.0","2025-08-20","0.5","0.0","13.9","9.4","11.7"
"USC00435416","MOUNT MANSFIELD, VT US","44.5248","-72.8154","1204.0","2025-08-21","0.0","0.0",,"7.2",
"USC00435416","MOUNT MANSFIELD, VT US","44.5248","-72.8154","1204.0","2025-08-22",,"0.0",,"11.7",
"USC00435416","MOUNT MANSFIELD, VT US","44.5248","-72.8154","1204.0","2025-08-23","0.0","0.0","21.1","14.4","21.1"
"USC00435416","MOUNT MANSFIELD, VT US","44.5248","-72.8154","1204.0","2025-08-24",,"0.0",,,
"USC00435416","MOUNT MANSFIELD, VT US","44.5248","-72.8154","1204.0","2025-08-25","0.8","0.0","16.7","10.0","13.3"
"USC00435416","MOUNT MANSFIELD, VT US","44.5248","-72.8154","1204.0","2025-08-26","1.5","0.0","15.6","5.0","11.1"
"USC00435416","MOUNT MANSFIELD, VT US","44.5248","-72.8154","1204.0","2025-08-27","3.8","0.0","11.1","6.7","8.9"
"USC00435416","MOUNT MANSFIELD, VT US","44.5248","-72.8154","1204.0","2025-08-28","1.3","0.0","16.7","6.1","16.7"
"USC00435416","MOUNT MANSFIELD, VT US","44.5248","-72.8154","1204.0","2025-08-29","6.9","0.0","16.7","2.2","6.1"
"USC00435416","MOUNT MANSFIELD, VT US","44.5248","-72.8154","1204.0","2025-08-30","7.9","0.0",,,
"USC00435416","MOUNT MANSFIELD, VT US","44.5248","-72.8154","1204.0","2025-08-31","0.5","0.0","15.6",,"14.4"
"USC00435416","MOUNT MANSFIELD, VT US","44.5248","-72.8154","1204.0","2025-09-01","0.0","0.0",,,
"USC00435416","MOUNT MANSFIELD, VT US","44.5248","-72.8154","1204.0","2025-09-02","0.0","0.0",,,
"USC00435416","MOUNT MANSFIELD, VT US","44.5248","-72.8154","1204.0","2025-09-03","7.1","0.0",,,
"USC00435416","MOUNT MANSFIELD, VT US","44.5248","-72.8154","1204.0","2025-09-04",,"0.0",,,
"USC00435416","MOUNT MANSFIELD, VT US","44.5248","-72.8154","1204.0","2025-09-05","13.5","0.0",,,
"USC00435416","MOUNT MANSFIELD, VT US","44.5248","-72.8154","1204.0","2025-09-06",,"0.0",,,
"USC00435416","MOUNT MANSFIELD, VT US","44.5248","-72.8154","1204.0","2025-09-07","4.3","0.0","7.8","2.8","4.4"
"USC00435416","MOUNT MANSFIELD, VT US","44.5248","-72.8154","1204.0","2025-09-08","0.0","0.0","6.7","0.6","6.1"
"USC00435416","MOUNT MANSFIELD, VT US","44.5248","-72.8154","1204.0","2025-09-09","0.0","0.0","13.9","2.2","12.2"
"USC00435416","MOUNT MANSFIELD, VT US","44.5248","-72.8154","1204.0","2025-09-10","0.0","0.0","13.9","3.9","11.1"
"USC00435416","MOUNT MANSFIELD, VT US","44.5248","-72.8154","1204.0","2025-09-11","0.0","0.0","16.1","1.1","11.7"
"USC00435416","MOUNT MANSFIELD, VT US","44.5248","-72.8154","1204.0","2025-09-12","0.0","0.0","13.3","6.7","12.8"
"USC00435416","MOUNT MANSFIELD, VT US","44.5248","-72.8154","1204.0","2025-09-13",,"0.0","15.6","8.3","13.9"
"USC00435416","MOUNT MANSFIELD, VT US","44.5248","-72.8154","1204.0","2025-09-14","0.0","0.0","15.6",,"9.4"
"USC00435416","MOUNT MANSFIELD, VT US","44.5248","-72.8154","1204.0","2025-09-15",,"0.0",,,
"USC00435416","MOUNT MANSFIELD, VT US","44.5248","-72.8154","1204.0","2025-09-16",,"0.0",,,
"USC00435416","MOUNT MANSFIELD, VT US","44.5248","-72.8154","1204.0","2025-09-17",,"0.0",,,
"USC00435416","MOUNT MANSFIELD, VT US","44.5248","-72.8154","1204.0","2025-09-18",,"0.0",,,
"USC00435416","MOUNT MANSFIELD, VT US","44.5248","-72.8154","1204.0","2025-09-19",,"0.0",,,
"USC00435416","MOUNT MANSFIELD, VT US","44.5248","-72.8154","1204.0","2025-09-20","0.0","0.0",,,
"USC00435416","MOUNT MANSFIELD, VT US","44.5248","-72.8154","1204.0","2025-09-21","0.0","0.0","15.0","2.2","14.4"
"USC00435416","MOUNT MANSFIELD, VT US","44.5248","-72.8154","1204.0","2025-09-22","0.0","0.0",,,
"USC00435416","MOUNT MANSFIELD, VT US","44.5248","-72.8154","1204.0","2025-09-23",,"0.0",,,
"USC00435416","MOUNT MANSFIELD, VT US","44.5248","-72.8154","1204.0","2025-09-24",,"0.0",,,
"USC00435416","MOUNT MANSFIELD, VT US","44.5248","-72.8154","1204.0","2025-09-25",,"0.0",,,
"USC00435416","MOUNT MANSFIELD, VT US","44.5248","-72.8154","1204.0","2025-09-26",,"0.0",,,
"USC00435416","MOUNT MANSFIELD, VT US","44.5248","-72.8154","1204.0","2025-09-27",,"0.0",,,
"USC00435416","MOUNT MANSFIELD, VT US","44.5248","-72.8154","1204.0","2025-09-28",,"0.0",,,
"USC00435416","MOUNT MANSFIELD, VT US","44.5248","-72.8154","1204.0","2025-09-29",,"0.0",,,
"USC00435416","MOUNT MANSFIELD, VT US","44.5248","-72.8154","1204.0","2025-09-30",,"0.0",,,
"USC00435416","MOUNT MANSFIELD, VT US","44.5248","-72.8154","1204.0","2025-10-01","0.0","0.0",,,
"USC00435416","MOUNT MANSFIELD, VT US","44.5248","-72.8154","1204.0","2025-10-02","0.0","0.0",,,
"USC00435416","MOUNT MANSFIELD, VT US","44.5248","-72.8154","1204.0","2025-10-03","0.0","0.0",,,
"USC00435416","MOUNT MANSFIELD, VT US","44.5248","-72.8154","1204.0","2025-10-04","0.0","0.0",,,
"USC00435416","MOUNT MANSFIELD, VT US","44.5248","-72.8154","1204.0","2025-10-05","0.0","0.0",,,
"USC00435416","MOUNT MANSFIELD, VT US","44.5248","-72.8154","1204.0","2025-10-06","0.0","0.0",,,
"USC00435416","MOUNT MANSFIELD, VT US","44.5248","-72.8154","1204.0","2025-10-07","4.1","0.0","20.0",,"13.3"
"USC00435416","MOUNT MANSFIELD, VT US","44.5248","-72.8154","1204.0","2025-10-08","29.5","0.0","15.0","6.7","7.8"
"USC00435416","MOUNT MANSFIELD, VT US","44.5248","-72.8154","1204.0","2025-10-09","3.6","0.0","7.8","-4.4","1.7"
"USC00435416","MOUNT MANSFIELD, VT US","44.5248","-72.8154","1204.0","2025-10-10","0.0","0.0","10.0","-1.1","8.9"
"USC00435416","MOUNT MANSFIELD, VT US","44.5248","-72.8154","1204.0","2025-10-11","0.0","0.0","12.8","2.8","12.2"
"USC00435416","MOUNT MANSFIELD, VT US","44.5248","-72.8154","1204.0","2025-10-12","0.0","0.0","12.8","5.0","10.6"
"USC00435416","MOUNT MANSFIELD, VT US","44.5248","-72.8154","1204.0","2025-10-13","1.3","0.0","12.2","3.3","3.3"
"USC00435416","MOUNT MANSFIELD, VT US","44.5248","-72.8154","1204.0","2025-10-14","1.8","0.0","11.7","3.3","6.1"
"USC00435416","MOUNT MANSFIELD, VT US","44.5248","-72.8154","1204.0","2025-10-15","0.0","0.0","9.4","-1.1","1.1"
"USC00435416","MOUNT MANSFIELD, VT US","44.5248","-72.8154","1204.0","2025-10-16","0.0","0.0","1.1","-3.9","1.1"
"USC00435416","MOUNT MANSFIELD, VT US","44.5248","-72.8154","1204.0","2025-10-17","0.0","0.0","6.1","-0.6","4.4"
"USC00435416","MOUNT MANSFIELD, VT US","44.5248","-72.8154","1204.0","2025-10-18","0.0","0.0","12.2","2.8","11.7"
"USC00435416","MOUNT MANSFIELD, VT US","44.5248","-72.8154","1204.0","2025-10-19","0.0","0.0","16.1","8.9","11.7"
"USC00435416","MOUNT MANSFIELD, VT US","44.5248","-72.8154","1204.0","2025-10-20","40.9","0.0","11.7","8.3","8.9"
"USC00435416","MOUNT MANSFIELD, VT US","44.5248","-72.8154","1204.0","2025-10-21","27.4","0.0","8.9",,"7.8"
"USC00435416","MOUNT MANSFIELD, VT US","44.5248","-72.8154","1204.0","2025-10-22","8.6","0.0","7.8","2.2","2.8"
"USC00435416","MOUNT MANSFIELD, VT US","44.5248","-72.8154","1204.0","2025-10-23","7.6","0.0","3.9","1.1","2.2"
"USC00435416","MOUNT MANSFIELD, VT US","44.5248","-72.8154","1204.0","2025-10-24","8.9","0.0","2.8","0.6","0.6"
"USC00435416","MOUNT MANSFIELD, VT US","44.5248","-72.8154","1204.0","2025-10-25","6.4","0.0","1.1","-1.1","0.0"
"USC00435416","MOUNT MANSFIELD, VT US","44.5248","-72.8154","1204.0","2025-10-26","0.3","25.0","0.0","-2.2","-1.7"
"USC00435416","MOUNT MANSFIELD, VT US","44.5248","-72.8154","1204.0","2025-10-27","0.8","25.0","0.6","-2.2","0.0"
"USC00435416","MOUNT MANSFIELD, VT US","44.5248","-72.8154","1204.0","2025-10-28",,"25.0","4.4","-2.2","2.8"
"USC00435416","MOUNT MANSFIELD, VT US","44.5248","-72.8154","1204.0","2025-10-29","0.0","25.0","5.6","-1.7","5.0"
"USC00435416","MOUNT MANSFIELD, VT US","44.5248","-72.8154","1204.0","2025-10-30","3.3","25.0","10.6","2.2","10.0"
"USC00435416","MOUNT MANSFIELD, VT US","44.5248","-72.8154","1204.0","2025-10-31","46.2","0.0","10.6","6.1",
"USC00435416","MOUNT MANSFIELD, VT US","44.5248","-72.8154","1204.0","2025-11-01","14.5","152.0",,"-1.7","-1.7"
"USC00435416","MOUNT MANSFIELD, VT US","44.5248","-72.8154","1204.0","2025-11-02","0.5","152.0",,,
"USC00435416","MOUNT MANSFIELD, VT US","44.5248","-72.8154","1204.0","2025-11-03",,"127.0",,,
"USC00435416","MOUNT MANSFIELD, VT US","44.5248","-72.8154","1204.0","2025-11-04",,"178.0",,,
"USC00435416","MOUNT MANSFIELD, VT US","44.5248","-72.8154","1204.0","2025-11-05","10.7","279.0",,,
"USC00435416","MOUNT MANSFIELD, VT US","44.5248","-72.8154","1204.0","2025-11-06","11.7","330.0",,,
"USC00435416","MOUNT MANSFIELD, VT US","44.5248","-72.8154","1204.0","2025-11-07","1.8","305.0",,,
"USC00435416","MOUNT MANSFIELD, VT US","44.5248","-72.8154","1204.0","2025-11-08","5.3","254.0",,,
"USC00435416","MOUNT MANSFIELD, VT US","44.5248","-72.8154","1204.0","2025-11-09","0.5","254.0",,,"6.7"
"USC00435416","MOUNT MANSFIELD, VT US","44.5248","-72.8154","1204.0","2025-11-10",,"203.0",,,
"USC00435416","MOUNT MANSFIELD, VT US","44.5248","-72.8154","1204.0","2025-11-11",,"305.0",,,
"USC00435416","MOUNT MANSFIELD, VT US","44.5248","-72.8154","1204.0","2025-11-12",,"356.0",,,
"USC00435416","MOUNT MANSFIELD, VT US","44.5248","-72.8154","1204.0","2025-11-13",,"559.0",,,
"USC00435416","MOUNT MANSFIELD, VT US","44.5248","-72.8154","1204.0","2025-11-14",,"635.0","-5.6",,"-5.6"
"USC00435416","MOUNT MANSFIELD, VT US","44.5248","-72.8154","1204.0","2025-11-15",,"635.0","-5.6","-7.8","-6.7"
"USC00435416","MOUNT MANSFIELD, VT US","44.5248","-72.8154","1204.0","2025-11-16",,"711.0","0.0","-6.7","0.0"
"USC00435416","MOUNT MANSFIELD, VT US","44.5248","-72.8154","1204.0","2025-11-17",,"965.0","0.0","-9.4","-8.3"
"USC00435416","MOUNT MANSFIELD, VT US","44.5248","-72.8154","1204.0","2025-11-18",,"991.0","-5.6","-8.9","-6.1"
"USC00435416","MOUNT MANSFIELD, VT US","44.5248","-72.8154","1204.0","2025-11-19",,"940.0","-3.9","-8.3","-3.9"
"USC00435416","MOUNT MANSFIELD, VT US","44.5248","-72.8154","1204.0","2025-11-20","0.0","889.0","-0.6","-7.8","-3.9"
"USC00435416","MOUNT MANSFIELD, VT US","44.5248","-72.8154","1204.0","2025-11-21","0.5","864.0","-1.7","-6.7","-3.9"
"USC00435416","MOUNT MANSFIELD, VT US","44.5248","-72.8154","1204.0","2025-11-22","4.8","864.0","-1.1","-6.1","-6.1"
"USC00435416","MOUNT MANSFIELD, VT US","44.5248","-72.8154","1204.0","2025-11-23","3.8","864.0","-4.4","-7.8","-5.0"
"USC00435416","MOUNT MANSFIELD, VT US","44.5248","-72.8154","1204.0","2025-11-24","2.8","864.0","-3.9","-5.6","-4.4"
"USC00435416","MOUNT MANSFIELD, VT US","44.5248","-72.8154","1204.0","2025-11-25",,"838.0","-0.6","-5.0","-1.1"
"USC00435416","MOUNT MANSFIELD, VT US","44.5248","-72.8154","1204.0","2025-11-26",,"660.0","6.1","-1.1","5.0"
"USC00435416","MOUNT MANSFIELD, VT US","44.5248","-72.8154","1204.0","2025-11-27","22.1","660.0","5.6","-6.7","-6.1"
"USC00435416","MOUNT MANSFIELD, VT US","44.5248","-72.8154","1204.0","2025-11-28","7.4","813.0","-6.1","-10.0","-10.0"
"USC00435416","MOUNT MANSFIELD, VT US","44.5248","-72.8154","1204.0","2025-11-29",,"991.0","-8.9","-11.1","-9.4"
"USC00435416","MOUNT MANSFIELD, VT US","44.5248","-72.8154","1204.0","2025-11-30","4.3","1016.0","-5.0","-11.1","-5.0"
"USC00435416","MOUNT MANSFIELD, VT US","44.5248","-72.8154","1204.0","2025-12-01","3.8","1041.0","-3.3","-12.2","-10.6"
"USC00435416","MOUNT MANSFIELD, VT US","44.5248","-72.8154","1204.0","2025-12-02","3.6","1092.0","-6.1","-13.3","-6.1"
"USC00435416","MOUNT MANSFIELD, VT US","44.5248","-72.8154","1204.0","2025-12-03",,"1194.0","-6.1","-12.2","-9.4"
"USC00435416","MOUNT MANSFIELD, VT US","44.5248","-72.8154","1204.0","2025-12-04",,"1270.0","-7.8","-17.2","-17.2"
"USC00435416","MOUNT MANSFIELD, VT US","44.5248","-72.8154","1204.0","2025-12-05",,"1245.0","-12.8","-23.3","-15.6"
"USC00435416","MOUNT MANSFIELD, VT US","44.5248","-72.8154","1204.0","2025-12-06",,"1245.0","-5.6","-15.6","-8.3"
"USC00435416","MOUNT MANSFIELD, VT US","44.5248","-72.8154","1204.0","2025-12-07",,"1270.0","-7.8","-13.9","-8.9"
"USC00435416","MOUNT MANSFIELD, VT US","44.5248","-72.8154","1204.0","2025-12-08",,"1295.0","-8.9","-23.3","-17.8"
"USC00435416","MOUNT MANSFIELD, VT US","44.5248","-72.8154","1204.0","2025-12-09",,"1295.0","-14.4","-20.6","-14.4"
"USC00435416","MOUNT MANSFIELD, VT US","44.5248","-72.8154","1204.0","2025-12-10",,"1321.0","-5.6","-15.0","-5.6"
"USC00435416","MOUNT MANSFIELD, VT US","44.5248","-72.8154","1204.0","2025-12-11",,"1397.0","-4.4","-16.7","-16.7"
"USC00435416","MOUNT MANSFIELD, VT US","44.5248","-72.8154","1204.0","2025-12-12",,"1600.0","-4.4","-17.8","-13.3"
"USC00435416","MOUNT MANSFIELD, VT US","44.5248","-72.8154","1204.0","2025-12-13",,"1600.0","-8.9","-13.3","-9.4"
"USC00435416","MOUNT MANSFIELD, VT US","44.5248","-72.8154","1204.0","2025-12-14",,"1600.0","-9.4","-13.9","-13.9"
"USC00435416","MOUNT MANSFIELD, VT US","44.5248","-72.8154","1204.0","2025-12-15",,"1549.0","-13.9","-21.1","-15.6"
"USC00435416","MOUNT MANSFIELD, VT US","44.5248","-72.8154","1204.0","2025-12-16",,"1549.0","-7.2","-15.6","-9.4"
"USC00435416","MOUNT MANSFIELD, VT US","44.5248","-72.8154","1204.0","2025-12-17",,"1549.0","-4.4","-11.1","-4.4"
"USC00435416","MOUNT MANSFIELD, VT US","44.5248","-72.8154","1204.0","2025-12-18",,"1499.0","-1.1","-6.7","-2.8"
"USC00435416","MOUNT MANSFIELD, VT US","44.5248","-72.8154","1204.0","2025-12-19",,"1270.0","5.6","-3.3","-3.3"
"USC00435416","MOUNT MANSFIELD, VT US","44.5248","-72.8154","1204.0","2025-12-20",,"1270.0","-3.3","-15.0","-10.6"
"USC00435416","MOUNT MANSFIELD, VT US","44.5248","-72.8154","1204.0","2025-12-21",,"1270.0","-4.4","-11.7","-11.7"
"USC00435416","MOUNT MANSFIELD, VT US","44.5248","-72.8154","1204.0","2025-12-22",,"1270.0","-11.1","-18.9","-12.2"
"USC00435416","MOUNT MANSFIELD, VT US","44.5248","-72.8154","1204.0","2025-12-23","1.5","1321.0","-6.1","-12.8","-7.2"
"USC00435416","MOUNT MANSFIELD, VT US","44.5248","-72.8154","1204.0","2025-12-24","8.4","1524.0","-5.6","-13.3","-12.8"
"USC00435416","MOUNT MANSFIELD, VT US","44.5248","-72.8154","1204.0","2025-12-25",,"1600.0","-8.3","-15.0","-15.0"
"USC00435416","MOUNT MANSFIELD, VT US","44.5248","-72.8154","1204.0","2025-12-26",,"1549.0","-12.8","-22.2","-14.4"
"USC00435416","MOUNT MANSFIELD, VT US","44.5248","-72.8154","1204.0","2025-12-27",,"1524.0","-7.8","-16.7","-9.4"
"USC00435416","MOUNT MANSFIELD, VT US","44.5248","-72.8154","1204.0","2025-12-28",,"1499.0","1.1","-13.3","-0.6"
"USC00435416","MOUNT MANSFIELD, VT US","44.5248","-72.8154","1204.0","2025-12-29",,"1499.0","2.8","-4.4","-4.4"
"USC00435416","MOUNT MANSFIELD, VT US","44.5248","-72.8154","1204.0","2025-12-30",,"1524.0","-4.4","-20.0","-20.0"
"USC00435416","MOUNT MANSFIELD, VT US","44.5248","-72.8154","1204.0","2025-12-31",,"1524.0","-12.8","-20.6","-12.8"
"USC00435416","MOUNT MANSFIELD, VT US","44.5248","-72.8154","1204.0","2026-01-01",,"1549.0","-11.1","-20.0","-20.0"
"USC00435416","MOUNT MANSFIELD, VT US","44.5248","-72.8154","1204.0","2026-01-02",,"1549.0","-16.7","-22.2","-17.8"
"USC00435416","MOUNT MANSFIELD, VT US","44.5248","-72.8154","1204.0","2026-01-03",,"1575.0","-15.6","-17.8","-16.1"
"USC00435416","MOUNT MANSFIELD, VT US","44.5248","-72.8154","1204.0","2026-01-04",,"1575.0","-16.1","-18.3","-17.2"
"USC00435416","MOUNT MANSFIELD, VT US","44.5248","-72.8154","1204.0","2026-01-05",,"1575.0","-10.6","-21.7","-10.6"
"USC00435416","MOUNT MANSFIELD, VT US","44.5248","-72.8154","1204.0","2026-01-06",,"1600.0",,,"-10.0"
"USC00435416","MOUNT MANSFIELD, VT US","44.5248","-72.8154","1204.0","2026-01-07",,"1626.0","-3.3","-10.0","-5.0"
"USC00435416","MOUNT MANSFIELD, VT US","44.5248","-72.8154","1204.0","2026-01-08",,"1626.0","-4.4","-7.8","-4.4"
"USC00435416","MOUNT MANSFIELD, VT US","44.5248","-72.8154","1204.0","2026-01-09",,"1600.0","0.0","-4.4","0.0"
"USC00435416","MOUNT MANSFIELD, VT US","44.5248","-72.8154","1204.0","2026-01-10",,"1549.0","2.2","-5.6","-4.4"
"USC00435416","MOUNT MANSFIELD, VT US","44.5248","-72.8154","1204.0","2026-01-11",,"1600.0","-1.7","-7.8","-7.8"
"USC00435416","MOUNT MANSFIELD, VT US","44.5248","-72.8154","1204.0","2026-01-12",,"1676.0","-7.2","-15.6","-8.3"
"USC00435416","MOUNT MANSFIELD, VT US","44.5248","-72.8154","1204.0","2026-01-13","0.0","1676.0","-4.4","-8.3","-5.0"
"USC00435416","MOUNT MANSFIELD, VT US","44.5248","-72.8154","1204.0","2026-01-14","0.0","1651.0","-1.7","-5.6","-2.2"
"USC00435416","MOUNT MANSFIELD, VT US","44.5248","-72.8154","1204.0","2026-01-15",,"1702.0","-1.7","-10.0","-10.0"
"USC00435416","MOUNT MANSFIELD, VT US","44.5248","-72.8154","1204.0","2026-01-16","0.0","1702.0","-10.0","-22.2","-16.1"
"USC00435416","MOUNT MANSFIELD, VT US","44.5248","-72.8154","1204.0","2026-01-17",,"1727.0","-10.0","-16.7","-10.6"
"USC00435416","MOUNT MANSFIELD, VT US","44.5248","-72.8154","1204.0","2026-01-18",,"1727.0","-9.4","-11.1","-9.4"
"USC00435416","MOUNT MANSFIELD, VT US","44.5248","-72.8154","1204.0","2026-01-19",,"1753.0","-8.9","-13.3","-12.2"
"USC00435416","MOUNT MANSFIELD, VT US","44.5248","-72.8154","1204.0","2026-01-20",,"1702.0","-11.7","-18.3","-18.3"
"USC00435416","MOUNT MANSFIELD, VT US","44.5248","-72.8154","1204.0","2026-01-21",,"1702.0","-11.7","-19.4","-12.8"
"USC00435416","MOUNT MANSFIELD, VT US","44.5248","-72.8154","1204.0","2026-01-22",,"1753.0","-7.8","-13.3","-11.1"
"USC00435416","MOUNT MANSFIELD, VT US","44.5248","-72.8154","1204.0","2026-01-23",,"1778.0","-11.1","-18.9","-18.9"
"USC00435416","MOUNT MANSFIELD, VT US","44.5248","-72.8154","1204.0","2026-01-24",,"1753.0","-18.3","-30.0","-22.8"
"USC00435416","MOUNT MANSFIELD, VT US","44.5248","-72.8154","1204.0","2026-01-25",,"1753.0","-17.2","-26.1","-19.4"
"USC00435416","MOUNT MANSFIELD, VT US","44.5248","-72.8154","1204.0","2026-01-26",,"1905.0","-11.7","-19.4","-15.0"
"USC00435416","MOUNT MANSFIELD, VT US","44.5248","-72.8154","1204.0","2026-01-27",,"2032.0","-12.8","-22.2","-16.1"
"USC00435416","MOUNT MANSFIELD, VT US","44.5248","-72.8154","1204.0","2026-01-28",,"2032.0","-15.0","-19.4","-15.6"
"USC00435416","MOUNT MANSFIELD, VT US","44.5248","-72.8154","1204.0","2026-01-29",,"2057.0","-15.6","-17.8","-17.2"
"USC00435416","MOUNT MANSFIELD, VT US","44.5248","-72.8154","1204.0","2026-01-30",,"1905.0","-17.2","-27.8","-22.8"
"USC00435416","MOUNT MANSFIELD, VT US","44.5248","-72.8154","1204.0","2026-01-31",,"1829.0","-13.9","-24.4","-15.6"
"USC00435416","MOUNT MANSFIELD, VT US","44.5248","-72.8154","1204.0","2026-02-01",,"1778.0","-8.9","-21.7","-8.9"
"USC00435416","MOUNT MANSFIELD, VT US","44.5248","-72.8154","1204.0","2026-02-02",,"1778.0","-8.9","-13.9","-11.7"
"USC00435416","MOUNT MANSFIELD, VT US","44.5248","-72.8154","1204.0","2026-02-03",,"1778.0","-8.3","-14.4","-11.7"
"USC00435416","MOUNT MANSFIELD, VT US","44.5248","-72.8154","1204.0","2026-02-04",,"1829.0","-11.1","-15.0","-12.8"
"USC00435416","MOUNT MANSFIELD, VT US","44.5248","-72.8154","1204.0","2026-02-05","0.0","1829.0","-12.2","-16.7","-14.4"
"USC00435416","MOUNT MANSFIELD, VT US","44.5248","-72.8154","1204.0","2026-02-06","0.0","1803.0","-7.8","-15.0","-10.6"
"USC00435416","MOUNT MANSFIELD, VT US","44.5248","-72.8154","1204.0","2026-02-07",,"1854.0","-10.6","-25.0","-25.0"
"USC00435416","MOUNT MANSFIELD, VT US","44.5248","-72.8154","1204.0","2026-02-08","0.0","1829.0","-16.7","-28.3","-17.2"
"USC00435416","MOUNT MANSFIELD, VT US","44.5248","-72.8154","1204.0","2026-02-09","0.0","1829.0","-13.9","-22.2","-15.0"
"USC00435416","MOUNT MANSFIELD, VT US","44.5248","-72.8154","1204.0","2026-02-10",,"1803.0","-4.4","-16.7","-8.3"
"USC00435416","MOUNT MANSFIELD, VT US","44.5248","-72.8154","1204.0","2026-02-11",,"1956.0","-7.2","-11.7","-11.7"
"USC00435416","MOUNT MANSFIELD, VT US","44.5248","-72.8154","1204.0","2026-02-12",,"2057.0","-11.7","-13.3","-12.8"
"USC00435416","MOUNT MANSFIELD, VT US","44.5248","-72.8154","1204.0","2026-02-13",,"2032.0","-7.2","-15.0","-9.4"
"USC00435416","MOUNT MANSFIELD, VT US","44.5248","-72.8154","1204.0","2026-02-14",,"2083.0","-8.9","-13.3","-8.9"
"USC00435416","MOUNT MANSFIELD, VT US","44.5248","-72.8154","1204.0","2026-02-15",,"2083.0","-8.9","-15.6","-11.1"
"USC00435416","MOUNT MANSFIELD, VT US","44.5248","-72.8154","1204.0","2026-02-16",,"2057.0","-2.2","-11.7","-3.3"
"USC00435416","MOUNT MANSFIELD, VT US","44.5248","-72.8154","1204.0","2026-02-17",,"2032.0","-1.7","-5.6","-2.8"
"USC00435416","MOUNT MANSFIELD, VT US","44.5248","-72.8154","1204.0","2026-02-18",,"2007.0","-2.8","-10.6","-10.6"
"USC00435416","MOUNT MANSFIELD, VT US","44.5248","-72.8154","1204.0","2026-02-19",,"1981.0","-1.7","-11.1","-10.6"
"USC00435416","MOUNT MANSFIELD, VT US","44.5248","-72.8154","1204.0","2026-02-20",,"1981.0","-2.2","-10.6","-7.2"
"USC00435416","MOUNT MANSFIELD, VT US","44.5248","-72.8154","1204.0","2026-02-21",,"2083.0","-5.6","-7.8","-6.7"
"USC00435416","MOUNT MANSFIELD, VT US","44.5248","-72.8154","1204.0","2026-02-22",,"2083.0","-6.1","-10.6","-6.7"
"USC00435416","MOUNT MANSFIELD, VT US","44.5248","-72.8154","1204.0","2026-02-23",,"2057.0","-6.7","-12.2","-12.2"
"USC00435416","MOUNT MANSFIELD, VT US","44.5248","-72.8154","1204.0","2026-02-24",,"2057.0","-11.7","-19.4","-15.6"
"USC00435416","MOUNT MANSFIELD, VT US","44.5248","-72.8154","1204.0","2026-02-25",,"2057.0","-7.2","-16.7","-7.2"
"USC00435416","MOUNT MANSFIELD, VT US","44.5248","-72.8154","1204.0","2026-02-26",,"2083.0","-6.1","-12.2","-10.6"
"USC00435416","MOUNT MANSFIELD, VT US","44.5248","-72.8154","1204.0","2026-02-27",,"2083.0","-8.3","-15.0","-8.3"
"USC00435416","MOUNT MANSFIELD, VT US","44.5248","-72.8154","1204.0","2026-02-28",,"2083.0","-0.6","-8.3","-1.7"
"USC00435416","MOUNT MANSFIELD, VT US","44.5248","-72.8154","1204.0","2026-03-01",,"2083.0","-1.1","-17.2","-16.7"
"USC00435416","MOUNT MANSFIELD, VT US","44.5248","-72.8154","1204.0","2026-03-02",,"2083.0","-13.9","-22.8","-13.9"
"USC00435416","MOUNT MANSFIELD, VT US","44.5248","-72.8154","1204.0","2026-03-03",,"2083.0","-3.3","-15.6","-4.4"
"USC00435416","MOUNT MANSFIELD, VT US","44.5248","-72.8154","1204.0","2026-03-04",,"2108.0","-0.6","-6.1","-1.1"
"USC00435416","MOUNT MANSFIELD, VT US","44.5248","-72.8154","1204.0","2026-03-05",,"2083.0","3.3","-3.3","1.1"
"USC00435416","MOUNT MANSFIELD, VT US","44.5248","-72.8154","1204.0","2026-03-06",,"2057.0","1.1","-7.2","-3.3"
"USC00435416","MOUNT MANSFIELD, VT US","44.5248","-72.8154","1204.0","2026-03-07",,"2007.0","7.8","-3.3","7.2"
"USC00435416","MOUNT MANSFIELD, VT US","44.5248","-72.8154","1204.0","2026-03-08",,"1702.0","7.2","-0.6","1.1"
"USC00435416","MOUNT MANSFIELD, VT US","44.5248","-72.8154","1204.0","2026-03-09",,"1651.0","7.8","-2.8","7.8"
"USC00435416","MOUNT MANSFIELD, VT US","44.5248","-72.8154","1204.0","2026-03-10",,"1600.0","11.1","6.1","9.4"
"USC00435416","MOUNT MANSFIELD, VT US","44.5248","-72.8154","1204.0","2026-03-11",,"1600.0","9.4","0.0","4.4"
"USC00435416","MOUNT MANSFIELD, VT US","44.5248","-72.8154","1204.0","2026-03-12",,"1575.0","10.0","-11.1","-11.1"
"USC00435416","MOUNT MANSFIELD, VT US","44.5248","-72.8154","1204.0","2026-03-13",,"1575.0","-7.8","-13.3","-8.9"
"USC00435416","MOUNT MANSFIELD, VT US","44.5248","-72.8154","1204.0","2026-03-14",,"1626.0","-5.6","-8.9","-8.3"
"USC00435416","MOUNT MANSFIELD, VT US","44.5248","-72.8154","1204.0","2026-03-15",,"1702.0","-6.7","-12.2","-7.8"
"USC00435416","MOUNT MANSFIELD, VT US","44.5248","-72.8154","1204.0","2026-03-16",,"1575.0","7.2","-8.3","5.0"
"USC00435416","MOUNT MANSFIELD, VT US","44.5248","-72.8154","1204.0","2026-03-17",,"1549.0","7.8","-13.3","-13.3"
"USC00435416","MOUNT MANSFIELD, VT US","44.5248","-72.8154","1204.0","2026-03-18",,"1524.0","-11.7","-19.4","-11.7"
"USC00435416","MOUNT MANSFIELD, VT US","44.5248","-72.8154","1204.0","2026-03-19",,"1549.0","-6.7","-13.3","-7.8"
"USC00435416","MOUNT MANSFIELD, VT US","44.5248","-72.8154","1204.0","2026-03-20",,"1753.0","-3.9","-7.8","-3.9"
"USC00435416","MOUNT MANSFIELD, VT US","44.5248","-72.8154","1204.0","2026-03-21",,"1676.0","-2.2","-10.0","-7.2"
"USC00435416","MOUNT MANSFIELD, VT US","44.5248","-72.8154","1204.0","2026-03-22",,"1829.0","-0.6","-8.3","-1.7"
"USC00435416","MOUNT MANSFIELD, VT US","44.5248","-72.8154","1204.0","2026-03-23",,"1829.0","-1.7","-8.3","-8.3"
"USC00435416","MOUNT MANSFIELD, VT US","44.5248","-72.8154","1204.0","2026-03-24",,"1829.0","-5.0","-10.6","-5.6"
"USC00435416","MOUNT MANSFIELD, VT US","44.5248","-72.8154","1204.0","2026-03-25",,"1829.0","-2.8","-8.9","-3.3"
"USC00435416","MOUNT MANSFIELD, VT US","44.5248","-72.8154","1204.0","2026-03-26",,"1829.0","2.2","-5.6","1.7"
"USC00435416","MOUNT MANSFIELD, VT US","44.5248","-72.8154","1204.0","2026-03-27",,"1829.0","2.2","-14.4","-10.6"
"USC00435416","MOUNT MANSFIELD, VT US","44.5248","-72.8154","1204.0","2026-03-28",,"1829.0","-10.0","-16.7","-11.1"
"USC00435416","MOUNT MANSFIELD, VT US","44.5248","-72.8154","1204.0","2026-03-29",,"1854.0","-2.8","-12.2","-3.3"
"USC00435416","MOUNT MANSFIELD, VT US","44.5248","-72.8154","1204.0","2026-03-30",,"1778.0","7.8","-3.3","7.8"
"USC00435416","MOUNT MANSFIELD, VT US","44.5248","-72.8154","1204.0","2026-03-31",,"1676.0","7.8","2.8","6.7"
"USC00435416","MOUNT MANSFIELD, VT US","44.5248","-72.8154","1204.0","2026-04-01",,"1575.0","9.4","-4.4","-4.4"
"USC00435416","MOUNT MANSFIELD, VT US","44.5248","-72.8154","1204.0","2026-04-02",,"1575.0","-2.8","-7.8","-3.3"
"USC00435416","MOUNT MANSFIELD, VT US","44.5248","-72.8154","1204.0","2026-04-03",,"1549.0","8.3","-5.0","7.8"
"USC00435416","MOUNT MANSFIELD, VT US","44.5248","-72.8154","1204.0","2026-04-04",,"1549.0","9.4","-3.9","2.2"
"USC00435416","MOUNT MANSFIELD, VT US","44.5248","-72.8154","1204.0","2026-04-05",,"1549.0","3.3","-3.9","-0.6"
"USC00435416","MOUNT MANSFIELD, VT US","44.5248","-72.8154","1204.0","2026-04-06",,"1549.0","-0.6","-8.3","-7.8"
"USC00435416","MOUNT MANSFIELD, VT US","44.5248","-72.8154","1204.0","2026-04-07",,"1676.0","-5.0","-9.4","-9.4"
"USC00435416","MOUNT MANSFIELD, VT US","44.5248","-72.8154","1204.0","2026-04-08",,"1702.0","-3.3","-13.3","-3.3"
"USC00435416","MOUNT MANSFIELD, VT US","44.5248","-72.8154","1204.0","2026-04-09",,"1651.0","9.4","-6.1","7.8"
"USC00435416","MOUNT MANSFIELD, VT US","44.5248","-72.8154","1204.0","2026-04-10","2.0","1549.0","10.6","2.8","9.4"
"USC00435416","MOUNT MANSFIELD, VT US","44.5248","-72.8154","1204.0","2026-04-11",,"1524.0","10.6","-4.4","-4.4"
"USC00435416","MOUNT MANSFIELD, VT US","44.5248","-72.8154","1204.0","2026-04-12",,"1524.0","1.7","-5.6","1.1"
"USC00435416","MOUNT MANSFIELD, VT US","44.5248","-72.8154","1204.0","2026-04-13",,"1499.0","8.3","-1.7","7.8"
"USC00435416","MOUNT MANSFIELD, VT US","44.5248","-72.8154","1204.0","2026-04-14",,"1372.0","11.1","5.0","11.1"
"USC00435416","MOUNT MANSFIELD, VT US","44.5248","-72.8154","1204.0","2026-04-15",,"1219.0","12.2","5.0","10.0"
"USC00435416","MOUNT MANSFIELD, VT US","44.5248","-72.8154","1204.0","2026-04-16",,"1118.0","14.4","9.4","13.3"
"USC00435416","MOUNT MANSFIELD, VT US","44.5248","-72.8154","1204.0","2026-04-17",,"991.0","13.9","6.7","10.6"
"USC00435416","MOUNT MANSFIELD, VT US","44.5248","-72.8154","1204.0","2026-04-18",,"889.0","12.2","5.6","10.6"
"USC00435416","MOUNT MANSFIELD, VT US","44.5248","-72.8154","1204.0","2026-04-19",,"1067.0","10.6","-6.7","-6.7"
"USC00435416","MOUNT MANSFIELD, VT US","44.5248","-72.8154","1204.0","2026-04-20",,"1168.0","-4.4","-8.3","-6.1"
"USC00435416","MOUNT MANSFIELD, VT US","44.5248","-72.8154","1204.0","2026-04-21",,"1118.0","-1.7","-10.6","-1.7"
"USC00435416","MOUNT MANSFIELD, VT US","44.5248","-72.8154","1204.0","2026-04-22",,"1041.0","6.1","-3.3","5.0"
"USC00435416","MOUNT MANSFIELD, VT US","44.5248","-72.8154","1204.0","2026-04-23",,"991.0","5.0","-2.2","3.9"
"USC00435416","MOUNT MANSFIELD, VT US","44.5248","-72.8154","1204.0","2026-04-24",,"965.0","4.4","-6.7","0.6"
"USC00435416","MOUNT MANSFIELD, VT US","44.5248","-72.8154","1204.0","2026-04-25",,"940.0","7.8","-5.6","7.8"
"USC00435416","MOUNT MANSFIELD, VT US","44.5248","-72.8154","1204.0","2026-04-26",,"889.0","10.0","1.7","8.9"
"USC00435416","MOUNT MANSFIELD, VT US","44.5248","-72.8154","1204.0","2026-04-27",,"762.0","15.0","5.6","14.4"
"USC00435416","MOUNT MANSFIELD, VT US","44.5248","-72.8154","1204.0","2026-04-28",,"686.0","14.4","7.2","11.1"
"USC00435416","MOUNT MANSFIELD, VT US","44.5248","-72.8154","1204.0","2026-04-29",,"660.0","12.8","1.1",
"USC00435416","MOUNT MANSFIELD, VT US","44.5248","-72.8154","1204.0","2026-04-30","3.8","635.0","11.7","2.2","2.8"
"USC00435416","MOUNT MANSFIELD, VT US","44.5248","-72.8154","1204.0","2026-05-01","0.0","610.0","2.8","-3.9","0.6"
"USC00435416","MOUNT MANSFIELD, VT US","44.5248","-72.8154","1204.0","2026-05-02","5.8","635.0","1.7","-2.2","-1.1"
"USC00435416","MOUNT MANSFIELD, VT US","44.5248","-72.8154","1204.0","2026-05-03","3.8","660.0","0.0","-3.3","-1.1"
"USC00435416","MOUNT MANSFIELD, VT US","44.5248","-72.8154","1204.0","2026-05-04","1.8","635.0","9.4","-1.7","9.4"
"USC00435416","MOUNT MANSFIELD, VT US","44.5248","-72.8154","1204.0","2026-05-05",,"559.0","16.1","7.8","10.6"
"USC00435416","MOUNT MANSFIELD, VT US","44.5248","-72.8154","1204.0","2026-05-06",,"483.0","10.6","2.8","3.9"
"USC00435416","MOUNT MANSFIELD, VT US","44.5248","-72.8154","1204.0","2026-05-07",,"457.0","4.4","-2.2","2.2"
"USC00435416","MOUNT MANSFIELD, VT US","44.5248","-72.8154","1204.0","2026-05-08","0.0","457.0","2.2","-2.8","1.1"
"USC00435416","MOUNT MANSFIELD, VT US","44.5248","-72.8154","1204.0","2026-05-09","3.3","457.0","7.2","-1.1","2.2"
"USC00435416","MOUNT MANSFIELD, VT US","44.5248","-72.8154","1204.0","2026-05-10","6.1","457.0","8.3","2.2","7.2"
"USC00435416","MOUNT MANSFIELD, VT US","44.5248","-72.8154","1204.0","2026-05-11","2.5","432.0","7.8","-2.2","2.2"
"USC00435416","MOUNT MANSFIELD, VT US","44.5248","-72.8154","1204.0","2026-05-12","0.0","432.0","4.4","-2.2","3.9"
"USC00435416","MOUNT MANSFIELD, VT US","44.5248","-72.8154","1204.0","2026-05-13","5.6","432.0","4.4","-0.6","1.1"
"USC00435416","MOUNT MANSFIELD, VT US","44.5248","-72.8154","1204.0","2026-05-14",,"406.0","6.1","1.1","5.6"
"USC00435416","MOUNT MANSFIELD, VT US","44.5248","-72.8154","1204.0","2026-05-15",,"406.0","8.9","4.4","7.8"
"USC00435416","MOUNT MANSFIELD, VT US","44.5248","-72.8154","1204.0","2026-05-16",,"305.0","15.6","4.4","14.4"
"USC00435416","MOUNT MANSFIELD, VT US","44.5248","-72.8154","1204.0","2026-05-17",,"203.0","16.1","8.3","15.0"
"USC00435416","MOUNT MANSFIELD, VT US","44.5248","-72.8154","1204.0","2026-05-18",,"127.0","22.2","7.8","21.7"
"USC00435416","MOUNT MANSFIELD, VT US","44.5248","-72.8154","1204.0","2026-05-19","1.3","102.0","22.2","14.4","20.6"
"USC00435416","MOUNT MANSFIELD, VT US","44.5248","-72.8154","1204.0","2026-05-20","0.5","76.0","21.1","12.2","15.6"
"USC00435416","MOUNT MANSFIELD, VT US","44.5248","-72.8154","1204.0","2026-05-21",,"76.0","15.6","-1.7","6.1"
"USC00435416","MOUNT MANSFIELD, VT US","44.5248","-72.8154","1204.0","2026-05-22","0.0","51.0","11.7","0.0","11.7"
"USC00435416","MOUNT MANSFIELD, VT US","44.5248","-72.8154","1204.0","2026-05-23","0.0","25.0","12.2","5.6","11.1"
"USC00435416","MOUNT MANSFIELD, VT US","44.5248","-72.8154","1204.0","2026-05-24",,"0.0","11.1","1.1","2.8"
"USC00435416","MOUNT MANSFIELD, VT US","44.5248","-72.8154","1204.0","2026-05-25",,"0.0","9.4","2.8","8.9"
"USC00435416","MOUNT MANSFIELD, VT US","44.5248","-72.8154","1204.0","2026-05-26",,"0.0","18.9","8.3","18.3"
"USC00435416","MOUNT MANSFIELD, VT US","44.5248","-72.8154","1204.0","2026-05-27","0.0","0.0","18.9","10.0","14.4"
"USC00435416","MOUNT MANSFIELD, VT US","44.5248","-72.8154","1204.0","2026-05-28",,"0.0","15.0","5.0","5.0"
"USC00435416","MOUNT MANSFIELD, VT US","44.5248","-72.8154","1204.0","2026-05-29",,"0.0","8.3","3.9","6.7"
"USC00435416","MOUNT MANSFIELD, VT US","44.5248","-72.8154","1204.0","2026-05-30",,"0.0","7.8","-0.6","4.4"
"USC00435416","MOUNT MANSFIELD, VT US","44.5248","-72.8154","1204.0","2026-05-31",,"0.0","7.8","4.4","6.1"
"USC00435416","MOUNT MANSFIELD, VT US","44.5248","-72.8154","1204.0","2026-06-01",,"0.0","11.1","2.8","10.0"
"USC00435416","MOUNT MANSFIELD, VT US","44.5248","-72.8154","1204.0","2026-06-02",,"0.0","13.9","6.7","13.3"
"USC00435416","MOUNT MANSFIELD, VT US","44.5248","-72.8154","1204.0","2026-06-03",,"0.0","19.4","10.6","19.4"
"USC00435416","MOUNT MANSFIELD, VT US","44.5248","-72.8154","1204.0","2026-06-04",,"0.0","20.6","12.8","20.0"
"USC00435416","MOUNT MANSFIELD, VT US","44.5248","-72.8154","1204.0","2026-06-05",,"0.0","20.0","12.2","18.9"
"USC00435416","MOUNT MANSFIELD, VT US","44.5248","-72.8154","1204.0","2026-06-06",,"0.0","19.4","11.7","13.9"
"USC00435416","MOUNT MANSFIELD, VT US","44.5248","-72.8154","1204.0","2026-06-07",,"0.0","15.6","8.9","8.9"
"USC00435416","MOUNT MANSFIELD, VT US","44.5248","-72.8154","1204.0","2026-06-08",,"0.0","16.1","6.7","16.1"
"USC00435416","MOUNT MANSFIELD, VT US","44.5248","-72.8154","1204.0","2026-06-09",,"0.0","20.6","11.1","20.0"
"USC00435416","MOUNT MANSFIELD, VT US","44.5248","-72.8154","1204.0","2026-06-10",,"0.0","21.1","14.4","21.1"
"USC00435416","MOUNT MANSFIELD, VT US","44.5248","-72.8154","1204.0","2026-06-11","13.2","0.0","21.1","15.6","20.0"
"USC00435416","MOUNT MANSFIELD, VT US","44.5248","-72.8154","1204.0","2026-06-12",,"0.0","23.9","16.7","23.3"
"USC00435416","MOUNT MANSFIELD, VT US","44.5248","-72.8154","1204.0","2026-06-13","14.7","0.0","23.3","10.0","20.0"
"USC00435416","MOUNT MANSFIELD, VT US","44.5248","-72.8154","1204.0","2026-06-14",,"0.0","20.6","13.3","14.4"
"USC00435416","MOUNT MANSFIELD, VT US","44.5248","-72.8154","1204.0","2026-06-15","22.4","0.0","15.6","8.3","8.3"
"USC00435416","MOUNT MANSFIELD, VT US","44.5248","-72.8154","1204.0","2026-06-16",,"0.0","15.0","5.0","13.3"
"USC00435416","MOUNT MANSFIELD, VT US","44.5248","-72.8154","1204.0","2026-06-17","2.8","0.0","17.2","9.4","15.0"
"USC00435416","MOUNT MANSFIELD, VT US","44.5248","-72.8154","1204.0","2026-06-18","52.8","0.0","16.7","10.0","12.2"
"USC00435416","MOUNT MANSFIELD, VT US","44.5248","-72.8154","1204.0","2026-06-19",,"0.0","12.2","8.9","10.0"
"USC00435416","MOUNT MANSFIELD, VT US","44.5248","-72.8154","1204.0","2026-06-20","45.2","0.0","10.6","7.8","10.0"
"USC00435416","MOUNT MANSFIELD, VT US","44.5248","-72.8154","1204.0","2026-06-21","8.4","0.0","12.2","8.3","11.7"
"USC00435416","MOUNT MANSFIELD, VT US","44.5248","-72.8154","1204.0","2026-06-22",,"0.0","13.3","8.3","11.1"
"USC00435416","MOUNT MANSFIELD, VT US","44.5248","-72.8154","1204.0","2026-06-23","4.8","0.0","16.1","9.4","16.1"
"USC00435416","MOUNT MANSFIELD, VT US","44.5248","-72.8154","1204.0","2026-06-24",,"0.0","16.1","8.9","12.8"
"USC00435416","MOUNT MANSFIELD, VT US","44.5248","-72.8154","1204.0","2026-06-25",,"0.0","18.3","10.0",
"USC00435416","MOUNT MANSFIELD, VT US","44.5248","-72.8154","1204.0","2026-06-26","20.6","0.0","16.1","9.4","12.2"
"USC00435416","MOUNT MANSFIELD, VT US","44.5248","-72.8154","1204.0","2026-06-27",,"0.0","17.8","11.1","17.2"
"USC00435416","MOUNT MANSFIELD, VT US","44.5248","-72.8154","1204.0","2026-06-28","0.0","0.0","21.1","13.3","21.1"
"USC00435416","MOUNT MANSFIELD, VT US","44.5248","-72.8154","1204.0","2026-06-29","0.0","0.0","22.2","13.3","20.6"
"USC00435416","MOUNT MANSFIELD, VT US","44.5248","-72.8154","1204.0","2026-06-30","0.0","0.0","22.2","15.0","16.7"
"USC00435416","MOUNT MANSFIELD, VT US","44.5248","-72.8154","1204.0","2026-07-01","7.1","0.0","25.0","15.6","23.3"
"USC00435416","MOUNT MANSFIELD, VT US","44.5248","-72.8154","1204.0","2026-07-02","65.0","0.0","26.1","16.1","25.0"
"USC00435416","MOUNT MANSFIELD, VT US","44.5248","-72.8154","1204.0","2026-07-03","1.8","0.0","25.6","15.6","21.1"
"USC00435416","MOUNT MANSFIELD, VT US","44.5248","-72.8154","1204.0","2026-07-04",,"0.0","22.8","15.6","16.7"
"USC00435416","MOUNT MANSFIELD, VT US","44.5248","-72.8154","1204.0","2026-07-05",,"0.0","20.6","12.8","20.0"
"USC00435416","MOUNT MANSFIELD, VT US","44.5248","-72.8154","1204.0","2026-07-06",,"0.0","22.2","12.8","21.1"
"USC00435416","MOUNT MANSFIELD, VT US","44.5248","-72.8154","1204.0","2026-07-07","0.0","0.0","21.1","10.6","19.4"
"USC00435416","MOUNT MANSFIELD, VT US","44.5248","-72.8154","1204.0","2026-07-08","0.0","0.0","21.1","11.7","21.1"
"USC00435416","MOUNT MANSFIELD, VT US","44.5248","-72.8154","1204.0","2026-07-09","2.5","0.0","22.2","15.0","21.7"
"USC00435416","MOUNT MANSFIELD, VT US","44.5248","-72.8154","1204.0","2026-07-10","16.5","0.0","21.7","12.2","18.3"
"USC00435416","MOUNT MANSFIELD, VT US","44.5248","-72.8154","1204.0","2026-07-11","0.0","0.0","18.3","12.2","16.7"
"USC00435416","MOUNT MANSFIELD, VT US","44.5248","-72.8154","1204.0","2026-07-12","0.0","0.0","19.4","11.7","19.4"
"USC00435416","MOUNT MANSFIELD, VT US","44.5248","-72.8154","1204.0","2026-07-13",,"0.0","20.6","12.8","18.3"
"USC00435416","MOUNT MANSFIELD, VT US","44.5248","-72.8154","1204.0","2026-07-14",,"0.0","21.7","15.6","21.1"
"USC00435416","MOUNT MANSFIELD, VT US","44.5248","-72.8154","1204.0","2026-07-15",,"0.0","21.7","13.9","16.7"
"USC00435416","MOUNT MANSFIELD, VT US","44.5248","-72.8154","1204.0","2026-07-16",,"0.0","16.7","10.0","12.2"
"USC00435416","MOUNT MANSFIELD, VT US","44.5248","-72.8154","1204.0","2026-07-17","0.0","0.0","16.1","7.2","16.1"
"USC00435416","MOUNT MANSFIELD, VT US","44.5248","-72.8154","1204.0","2026-07-18","6.1","0.0","16.1","11.1","13.9"
"USC00435416","MOUNT MANSFIELD, VT US","44.5248","-72.8154","1204.0","2026-07-19",,"0.0","15.6","7.2","12.2"
"USC00435416","MOUNT MANSFIELD, VT US","44.5248","-72.8154","1204.0","2026-07-20","0.0","0.0","17.2","7.8","16.1"
"USC00435416","MOUNT MANSFIELD, VT US","44.5248","-72.8154","1204.0","2026-07-21","0.0","0.0","16.1","12.8","13.3"
"USC00435416","MOUNT MANSFIELD, VT US","44.5248","-72.8154","1204.0","2026-07-22",,"0.0","15.0","11.7","11.7"
"USC00435416","MOUNT MANSFIELD, VT US","44.5248","-72.8154","1204.0","2026-07-23",,"0.0","15.6","3.9","13.9"
"USC00435416","MOUNT MANSFIELD, VT US","44.5248","-72.8154","1204.0","2026-07-24","0.0","0.0","17.8","10.0","17.8"
"USC00435416","MOUNT MANSFIELD, VT US","44.5248","-72.8154","1204.0","2026-07-25","0.0","0.0","21.7","12.8","21.1"
"USC00435416","MOUNT MANSFIELD, VT US","44.5248","-72.8154","1204.0","2026-07-26","0.0","0.0","21.7","13.3","17.2"
"USC00435416","MOUNT MANSFIELD, VT US","44.5248","-72.8154","1204.0","2026-07-27",,"0.0","21.1","13.9","19.4"
"USC00435416","MOUNT MANSFIELD, VT US","44.5248","-72.8154","1204.0","2026-07-28",,"0.0","21.7","15.0","16.7"
"USC00435416","MOUNT MANSFIELD, VT US","44.5248","-72.8154","1204.0","2026-07-29",,"0.0","16.7","12.8","12.8"
"USC00435416","MOUNT MANSFIELD, VT US","44.5248","-72.8154","1204.0","2026-07-30",,"0.0","18.3","10.6","15.0"
"USC00435416","MOUNT MANSFIELD, VT US","44.5248","-72.8154","1204.0","2026-07-31",,"0.0","18.3","12.8","18.3"
"USC00435416","MOUNT MANSFIELD, VT US","44.5248","-72.8154","1204.0","2026-08-01",,"0.0","20.6","13.9","19.4"
"USC00435416","MOUNT MANSFIELD, VT US","44.5248","-72.8154","1204.0","2026-08-02",,"0.0","21.1","16.1","17.8"
"USC00435416","MOUNT MANSFIELD, VT US","44.5248","-72.8154","1204.0","2026-08-03","17.5","0.0","18.3","13.9","13.9"
"USC00435416","MOUNT MANSFIELD, VT US","44.5248","-72.8154","1204.0","2026-08-04",,"0.0","19.4","11.1","19.4"
"USC00435416","MOUNT MANSFIELD, VT US","44.5248","-72.8154","1204.0","2026-08-05",,"0.0","22.2","14.4","21.7"
"USC00435416","MOUNT MANSFIELD, VT US","44.5248","-72.8154","1204.0","2026-08-06","0.0","0.0","24.4","15.6","24.4"
"USC00435416","MOUNT MANSFIELD, VT US","44.5248","-72.8154","1204.0","2026-08-07","2.5","0.0","24.4","15.6","21.7"
"USC00435416","MOUNT MANSFIELD, VT US","44.5248","-72.8154","1204.0","2026-08-08","13.7","0.0","23.3","15.6","18.9"
"USC00435416","MOUNT MANSFIELD, VT US","44.5248","-72.8154","1204.0","2026-08-09","8.6","0.0","18.9","13.3","17.8"
"USC00435416","MOUNT MANSFIELD, VT US","44.5248","-72.8154","1204.0","2026-08-10","1.5","0.0","20.0","12.8","18.3"
"USC00435416","MOUNT MANSFIELD, VT US","44.5248","-72.8154","1204.0","2026-08-11","20.1","0.0","20.0","11.7","17.2"
"USC00435416","MOUNT MANSFIELD, VT US","44.5248","-72.8154","1204.0","2026-08-12","3.3","0.0","18.3","11.1","13.3"
"USC00435416","MOUNT MANSFIELD, VT US","44.5248","-72.8154","1204.0","2026-08-13","9.4","0.0","15.6","10.0","15.6"
"USC00435416","MOUNT MANSFIELD, VT US","44.5248","-72.8154","1204.0","2026-08-14",,"0.0","15.6","8.3","14.4"
"USC00435416","MOUNT MANSFIELD, VT US","44.5248","-72.8154","1204.0","2026-08-15",,"0.0","15.6","8.9","12.8"
"USC00435416","MOUNT MANSFIELD, VT US","44.5248","-72.8154","1204.0","2026-08-16",,"0.0","18.9","7.8","17.8"
"USC00435416","MOUNT MANSFIELD, VT US","44.5248","-72.8154","1204.0","2026-08-17",,"0.0","17.8","13.3","15.6"
"USC00435416","MOUNT MANSFIELD, VT US","44.5248","-72.8154","1204.0","2026-08-18",,"0.0","18.3","12.8","16.7"
"USC00435416","MOUNT MANSFIELD, VT US","44.5248","-72.8154","1204.0","2026-08-19",,"0.0","17.2","12.2","15.0"
"USC00435416","MOUNT MANSFIELD, VT US","44.5248","-72.8154","1204.0","2026-08-20",,"0.0","15.6","11.7","13.3"
"USC00435416","MOUNT MANSFIELD, VT US","44.5248","-72.8154","1204.0","2026-08-21","0.0","0.0","17.2","10.0","17.2"
"USC00435416","MOUNT MANSFIELD, VT US","44.5248","-72.8154","1204.0","2026-08-22","0.0","0.0","18.3","10.6","17.8"
"USC00435416","MOUNT MANSFIELD, VT US","44.5248","-72.8154","1204.0","2026-08-23",,"0.0","17.8","11.7","14.4"
"USC00435416","MOUNT MANSFIELD, VT US","44.5248","-72.8154","1204.0","2026-08-24",,"0.0","14.4","8.9","12.2"
"USC00435416","MOUNT MANSFIELD, VT US","44.5248","-72.8154","1204.0","2026-08-25",,"0.0","13.3","9.4","12.8"
"USC00435416","MOUNT MANSFIELD, VT US","44.5248","-72.8154","1204.0","2026-08-26",,"0.0","16.1","10.6","15.0"
"USC00435416","MOUNT MANSFIELD, VT US","44.5248","-72.8154","1204.0","2026-08-27","1.8","0.0","17.2","11.7","15.6"
"USC00435416","MOUNT MANSFIELD, VT US","44.5248","-72.8154","1204.0","2026-08-28","2.0","0.0","15.6","11.7","13.3"
"USC00435416","MOUNT MANSFIELD, VT US","44.5248","-72.8154","1204.0","2026-08-29","0.0","0.0","15.6","6.1","15.6"
"USC00435416","MOUNT MANSFIELD, VT US","44.5248","-72.8154","1204.0","2026-08-30","4.1","0.0","15.6","10.0","11.7"
"USC00435416","MOUNT MANSFIELD, VT US","44.5248","-72.8154","1204.0","2026-08-31","5.3","0.0","15.6","8.9","15.6"
"USC00435416","MOUNT MANSFIELD, VT US","44.5248","-72.8154","1204.0","2026-09-01","0.0","0.0","17.2","10.6","17.2"
"USC00435416","MOUNT MANSFIELD, VT US","44.5248","-72.8154","1204.0","2026-09-02","1.8","0.0","17.2","10.0","12.2"
"USC00435416","MOUNT MANSFIELD, VT US","44.5248","-72.8154","1204.0","2026-09-03","20.1","0.0","16.7","11.1","16.7"
"USC00435416","MOUNT MANSFIELD, VT US","44.5248","-72.8154","1204.0","2026-09-04",,"0.0","16.7","11.7","12.2"
"USC00435416","MOUNT MANSFIELD, VT US","44.5248","-72.8154","1204.0","2026-09-05",,"0.0","13.3","10.0","11.7"
"USC00435416","MOUNT MANSFIELD, VT US","44.5248","-72.8154","1204.0","2026-09-06",,"0.0","11.7","7.2","10.6"
"USC00435416","MOUNT MANSFIELD, VT US","44.5248","-72.8154","1204.0","2026-09-07",,"0.0","15.6","7.8","15.0"
"USC00435416","MOUNT MANSFIELD, VT US","44.5248","-72.8154","1204.0","2026-09-08",,"0.0","15.0","8.3","12.8"
"USC00435416","MOUNT MANSFIELD, VT US","44.5248","-72.8154","1204.0","2026-09-09",,"0.0","13.9","8.3","13.9"
"USC00435416","MOUNT MANSFIELD, VT US","44.5248","-72.8154","1204.0","2026-09-10",,"0.0","15.6","12.2","12.8"
"USC00435416","MOUNT MANSFIELD, VT US","44.5248","-72.8154","1204.0","2026-09-11",,"0.0","12.8","3.3","10.0"
"USC00435416","MOUNT MANSFIELD, VT US","44.5248","-72.8154","1204.0","2026-09-12",,"0.0","17.8","6.7","16.1"
"USC00435416","MOUNT MANSFIELD, VT US","44.5248","-72.8154","1204.0","2026-09-13",,"0.0","17.2","12.2","16.1"
"USC00435416","MOUNT MANSFIELD, VT US","44.5248","-72.8154","1204.0","2026-09-14",,"0.0","16.7","3.9","6.7"
"USC00435416","MOUNT MANSFIELD, VT US","44.5248","-72.8154","1204.0","2026-09-15",,"0.0","13.9","4.4","10.6"
"USC00435416","MOUNT MANSFIELD, VT US","44.5248","-72.8154","1204.0","2026-09-16",,"0.0","16.1","8.3","16.1"
"USC00435416","MOUNT MANSFIELD, VT US","44.5248","-72.8154","1204.0","2026-09-17",,"0.0","16.1","13.9","15.0"
"USC00435416","MOUNT MANSFIELD, VT US","44.5248","-72.8154","1204.0","2026-09-18","1.8","0.0","15.0","8.3","10.0"
"USC00435416","MOUNT MANSFIELD, VT US","44.5248","-72.8154","1204.0","2026-09-19","0.0","0.0","11.1","1.7","9.4"
"USC00435416","MOUNT MANSFIELD, VT US","44.5248","-72.8154","1204.0","2026-09-20","11.2","0.0","11.1","5.6","7.2"
"USC00435416","MOUNT MANSFIELD, VT US","44.5248","-72.8154","1204.0","2026-09-21",,"0.0","7.8","4.4","5.0"
