Sample ID,Site,Date,Time,Type,Type2,Index-notes,ICP-notes,Fe_mg_L,Mn_mg_L,Cu_mg_L,Zn_mg_L,Si_mg_L,K_mg_L,P_mg_L,Mg_mg_L,Na_mg_L,Al_mg_L,Ca_mg_L,F_mg_L,Cl_mg_L,NO2_mg_L,Br_mg_L,NO3_mg_L,PO4_mg_L,SO4_mg_L,IC-notes,NRS_LWIA_notes,dD,d18O,iso-notes,DOC run date,DOC_mg_L,DOC notes,Type3,S. No.,Transect,Depth,Pit,NO3_N_mg_L,SO4_S_mg_L,PO4_P_mg_L,Time Zone,Freezer bag #,UVM ICPOES prep date,ICPOES-notes-MED,Ba_mg_L,S_mg_L,Sr_mg_L,IC-notes_MED,Isotope/ICP pick list #,Acidified for ICPOES? (Y or N),MED Index Notes,NRS Lab Comments,Datetime
ISO23-161,Hungerford,01/24/2023,12:00,Soil water lysimeter,Endmember,Wet Soil Lys,Check date 2026-08-02 MED,,,,,,,,,,,,,,,,,,,,,-65.565,-9.298,Wet Soil Lys,,,,,,,,,,,,,,,,,,,,,,,,2023-01-24 12:00:00
ISO23-164,Hungerford,01/24/2023,12:00,Baseflow,Endmember,,,,,,,,,,,,,,,,,,,,,,,-66.275,-9.682,,,,,,,,,,,,,,,,,,,,,,,,,2023-01-24 12:00:00
ISO23-165,Wade,01/24/2023,12:00,Baseflow,Endmember,,,,,,,,,,,,,,,,,,,,,,,-76.707,-11.481,,,,,,,,,,,,,,,,,,,,,,,,,2023-01-24 12:00:00
ISO23-163,Wade,01/25/2023,12:00,Snowmelt lysimeter,Endmember,,,,,,,,,,,,,,,,,,,,,,,-94.197,-13.792,"Data rubbed off of bottle, don't know type of lysimeter MED guessing SM",,,,,,,,,,,,,,,,,,,,,,,,2023-01-25 12:00:00
RI23-1004,Hungerford,02/10/2023,4:00,Grab/Isco,Stream,need to verify type,,,,,,,,,,,,,,19.93285684,,,12.13270472,1.608650899,19.33643425,2024-10-03 MED switched SO4 and PO4 values because I think they are erroneous. Verified in Chromeleon I don't think SS knew the swap the peaks.,,-72.393,-10.536,,03/01/2023,4.82,,,,,,,,,,,,,,,,,,,,,,2023-02-10 04:00:00
RI23-1005,Hungerford,02/10/2023,10:00,Grab/Isco,Stream,need to verify type,,0.05985216,0.036704559,0.000798254,-0.005531601,2.127724577,3.346318279,0.089466635,6.439820672,16.18550491,-0.052922472,43.3871675,0.001115392,25.14337379,0.794758979,,11.79256393,1.597841645,33.67334809,2024-10-03 MED switched SO4 and PO4 values because I think they are erroneous. Verified in Chromeleon I don't think SS knew the swap the peaks.,,-78.866,-11.598,,03/01/2023,5.34,,,,,,,,,,,,,,,,,,,,,,2023-02-10 10:00:00
RI23-1006,Wade,02/10/2023,13:00,Grab/Isco,Stream,need to verify type,,,,,,,,,,,,,0.137212689,1.901304161,,,2.633325453,1.593012871,6.720393662,2024-10-03 MED switched SO4 and PO4 values because I think they are erroneous. Verified in Chromeleon I don't think SS knew the swap the peaks.,,-80.253,-12.024,,03/01/2023,2.33,,,,,,,,,,,,,,,,,,,,,,2023-02-10 13:00:00
RI23-1007,Hungerford,02/10/2023,16:00,Grab/Isco,Stream,need to verify type,,0.082126397,0.033194773,0.002213523,-0.012900553,1.24524998,4.098671691,0.071499685,3.620690446,11.15168174,-0.016383218,22.33848448,0.045780175,16.50393641,0.794017159,,11.88205455,1.60265606,16.17502768,2024-10-03 MED switched SO4 and PO4 values because I think they are erroneous. Verified in Chromeleon I don't think SS knew the swap the peaks.,,-80.652,-11.977,,03/01/2023,6.12,,,,,,,,,,,,,,,,,,,,,,2023-02-10 16:00:00
RI23-1008,Hungerford,02/11/2023,12:30,Grab/Isco,Stream,need to verify type,,0.074341045,0.017434733,0.00111115,-0.011289398,2.069521638,3.418112019,0.044272156,5.359727691,13.07524719,-0.036117375,34.73109392,0.219767087,19.9861589,,,17.57750099,,27.1699378,2024-10-03 MED switched SO4 and PO4 values because I think they are erroneous. Verified in Chromeleon I don't think SS knew the swap the peaks.,,-75.973,-11.294,,03/01/2023,5.47,,,,,,,,,,,,,,,,,,,,,,2023-02-11 12:30:00
RI23-1009,Wade,02/15/2023,15:00,Grab/Isco,Stream,need to verify type,,-0.000368339,-0.013919312,0.000669407,0.087810647,1.348993671,0.06050381,-0.0430525,0.492410853,0.307739575,0.001906674,3.817650163,,1.958206135,,,2.365147881,,8.192964126,2024-10-03 MED switched SO4 and PO4 values because I think they are erroneous. Verified in Chromeleon I don't think SS knew the swap the peaks.,,-78.421,-11.844,,03/01/2023,1.95,,,,,,,,,,,,,,,,,,,,,,2023-02-15 15:00:00
RI23-1010,Wade,02/15/2023,19:00,Grab/Isco,Stream,need to verify type,,0.015831472,-0.000334966,-0.001383981,0.084259266,1.297124953,0.251027006,-0.016190683,0.484988789,0.275805473,0.031647044,3.482074529,,1.969762242,,,2.337740572,,8.039079548,2024-10-03 MED switched SO4 and PO4 values because I think they are erroneous. Verified in Chromeleon I don't think SS knew the swap the peaks.,,-78.932,-11.876,,03/01/2023,1.83,,,,,,,,,,,,,,,,,,,,,,2023-02-15 19:00:00
RI23-1011,Wade,02/15/2023,23:00,Grab/Isco,Stream,need to verify type,,0.015128181,-0.00022341,-0.001005024,0.06562293,1.252658832,0.267325425,-0.018118794,0.44223053,0.297100354,0.037399116,3.287053757,,1.928914173,,,2.370623019,1.60495193,7.654232692,2024-10-03 MED switched SO4 and PO4 values because I think they are erroneous. Verified in Chromeleon I don't think SS knew the swap the peaks.,,-79.978,-12.027,,03/01/2023,1.89,,,,,,,,,,,,,,,,,,,,,,2023-02-15 23:00:00
RI23-1025,Wade,02/15/2023,12:00,Grab,Stream,need to verify type,,0.016031573,0.004307287,-0.001298871,0.074909673,1.327972174,0.239991482,-0.02314997,0.463008907,0.26890064,0.033283942,3.486294451,,,,,,,,,,-78.111,-11.784,,03/01/2023,1.58,,,,,,,,,,,,,,,,,,,,,,2023-02-15 12:00:00
RI23-1026,Hungerford,02/15/2023,14:00,Grab/Isco,Stream,need to verify type,,,,,,,,,,,,,,36.0978,,,25.2192,1.6233,24.5824,There is no 33 - though there are 2 34s,,-71.186,-10.577,,03/01/2023,4.62,,,,,,,,,,,,,,,,,,,,,,2023-02-15 14:00:00
RI23-5000,Wade,02/15/2023,12:00,Soil water lysimeter,Endmember,dry site,WD_lysmtr_021523,0.091445162,0.005409173,0.00021518,0.01622452,0.429856652,0.380634415,-0.03678504,0.396151045,-0.016981079,0.38854617,0.577446065,,1.923457692,,,4.33844694,1.589903809,2.869524728,2024-10-03 MED switched SO4 and PO4 values because I think they are erroneous. Verified in Chromeleon I don't think SS knew the swap the peaks.,,-93.641,-13.233,,03/01/2023,4.95,,,,,,,,,,,,,,,,,,,,,,2023-02-15 12:00:00
RI23-5001,Hungerford,02/15/2023,12:00,Soil water lysimeter,Endmember,wet site,HF_wet_lysmtr_021523,0.09529109,0.000096409,-0.000284104,-0.003846345,1.878128524,0.59333239,-0.016290333,0.753155928,1.240985995,0.23388279,3.508331025,,3.04384406,,,9.087003229,1.603273102,6.460805047,2024-10-03 MED switched SO4 and PO4 values because I think they are erroneous. Verified in Chromeleon I don't think SS knew the swap the peaks.,,,,,03/01/2023,3.76,,,,,,,,,,,,,,,,,,,,,,2023-02-15 12:00:00
RI23-5002,Hungerford,02/15/2023,12:00,Snowmelt lysimeter,Endmember,,HF_snow_lysmtr_021523 duplicate,0.000298482,-0.002068926,0.000646314,0.004475379,6.780331804,0.394923806,0.042204473,4.262023065,3.591937815,-0.010027985,29.03969809,0.057106365,6.380104084,0.811890334,,4.96921924,,5.218622354,2024-10-03 MED switched SO4 and PO4 values because I think they are erroneous. Verified in Chromeleon I don't think SS knew the swap the peaks.,,-90.225,-13.668,Wet Site,03/01/2023,3.53,,,,,,,,,,,,,,,,,,,,,,2023-02-15 12:00:00
RI23-5003,Hungerford,02/15/2023,12:00,Soil water lysimeter,Endmember,dry site,HF_dry_lysimtr_021523,-0.002137737,-0.017859021,0.002659136,-0.007235935,4.330232872,0.274426664,0.014075412,3.549444341,2.993341772,-0.021851568,26.67682151,,5.625607653,,,65.63708637,1.535731233,17.22829595,2024-10-03 MED switched SO4 and PO4 values because I think they are erroneous. Verified in Chromeleon I don't think SS knew the swap the peaks.,,-79.175,-11.536,Dry lys,03/01/2023,6,,,,,,,,,,,,,,,,,,,,,,2023-02-15 12:00:00
RI23-5004,Wade,02/15/2023,12:00,Snow,Endmember,,WD_snow_021523,-0.023113687,-0.015549119,-0.000157782,0.00247053,-0.148588935,-0.030691816,-0.050474293,0.010751893,-0.13914081,-0.013698645,0.111409852,,1.7332,,,2.5428,,3.4481,2024-10-03 MED switched SO4 and PO4 values because I think they are erroneous. Verified in Chromeleon I don't think SS knew the swap the peaks.,,,,,03/01/2023,0.19,,,,,,,,,,,,,,,,,,,,,,2023-02-15 12:00:00
RI23-5005,Wade,02/15/2023,12:00,Snowmelt lysimeter,Endmember,,WD_snow_lysmtr_021523,-0.007382155,0.002961813,0.000567562,-0.001676279,0.18544433,0.483999523,-0.016724087,0.210295175,0.221386184,0.017610823,0.764609235,,1.822968034,0.80210356,,2.45898375,1.597084061,3.54367992,2024-10-03 MED switched SO4 and PO4 values because I think they are erroneous. Verified in Chromeleon I don't think SS knew the swap the peaks.,,-109.383,-15.682,Dry lys,,,,,,,,,,,,,,,,,,,,,,,,2023-02-15 12:00:00
RI23-1012,Wade,02/16/2023,3:00,Grab/Isco,Stream,need to verify type,,0.009929402,-0.005332153,-0.000275806,-0.008026478,1.009174369,0.025900186,-0.045117738,0.366981591,0.169350796,0.017792738,2.816430098,,1.847234257,,,2.335431894,1.596832912,7.121828352,2024-10-03 MED switched SO4 and PO4 values because I think they are erroneous. Verified in Chromeleon I don't think SS knew the swap the peaks.,,-81.829,-12.071,,03/01/2023,2.43,,,,,,,,,,,,,,,,,,,,,,2023-02-16 03:00:00
RI23-1013,Wade,02/16/2023,7:00,Grab/Isco,Stream,need to verify type,,,,,,,,,,,,,0.082762811,1.825491289,,,2.380357969,1.599586788,6.799209333,2024-10-03 MED switched SO4 and PO4 values because I think they are erroneous. Verified in Chromeleon I don't think SS knew the swap the peaks.,,-83.418,-12.43,,03/01/2023,2.37,,,,,,,,,,,,,,,,,,,,,,2023-02-16 07:00:00
RI23-1014,Wade,02/16/2023,11:00,Grab/Isco,Stream,need to verify type,,0.006730345,-0.013612768,-0.000215375,-0.007393023,0.987823986,0.011488276,-0.045223492,0.370514021,0.185172843,0.030815664,2.791172314,,1.826587993,,1.564433136,2.427248866,1.600097968,6.946511437,2024-10-03 MED switched SO4 and PO4 values because I think they are erroneous. Verified in Chromeleon I don't think SS knew the swap the peaks.,,-82.863,-12.35,,03/01/2023,2.32,,,,,,,,,,,,,,,,,,,,,,2023-02-16 11:00:00
RI23-1027,Hungerford,02/16/2023,10:30,Grab/Isco,Stream,need to verify type,,0.090109524,0.009449742,0.000991606,0.026253344,2.347823331,3.006947951,0.024201031,5.451364482,12.16684538,0.003050048,32.10081128,0.1184,23.8431,0.4163,,15.7319,1.613,17.4841,,,-74.385,-11.008,,03/01/2023,5.45,,,,,,,,,,,,,,,,,,,,,,2023-02-16 10:30:00
RI23-1028,Wade,02/16/2023,14:00,Grab/Isco,Stream,need to verify type,,0.000784369,-0.000537032,-0.00133881,-0.004806816,0.103439309,0.239877847,-0.023028727,0.36110916,0.201492815,0.012107569,2.673882905,,0.948,0.4168,,2.0177,,3.3358,,,-82.344,-12.322,,04/26/2023,1.67,,,,,,,,,,,,,,,,,,,,,,2023-02-16 14:00:00
RI23-1029,Wade,02/16/2023,20:00,Grab/Isco,Stream,need to verify type,,-0.012384247,-0.008662746,-0.000313138,-0.011986366,0.227336303,0.037369845,-0.049723206,0.354200029,0.188313346,-0.011236236,2.688623583,,0.939,,,1.6933,,3.3321,,,-82.319,-12.33,,04/19/2023,1.49,,,,,,,,,,,,,,,,,,,,,,2023-02-16 20:00:00
RI23-1030,Wade,02/17/2023,2:00,Grab/Isco,Stream,need to verify type,,0.000791566,0.002196834,-0.000602125,-0.006399335,0.20634927,0.24821908,-0.015888774,0.389891339,0.249628212,0.010405868,2.853083243,,0.9883,,,1.7558,,3.4961,,,-81.816,-12.347,,04/26/2023,1.63,,,,,,,,,,,,,,,,,,,,,,2023-02-17 02:00:00
RI23-1031,Wade,02/17/2023,8:00,Grab/Isco,Stream,need to verify type,,-0.011173113,-0.015727172,0.000136194,-0.013420533,0.229726952,0.022915938,-0.048673187,0.379438037,0.192295611,-0.012059859,2.819701444,,0.977,,,1.7252,1.1813,3.6009,,,-81.36,-12.34,,04/26/2023,1.55,,,,,,,,,,,,,,,,,,,,,,2023-02-17 08:00:00
RI23-1032,Wade,02/17/2023,11:30,Baseflow,Stream,need to verify type,,-0.001828615,-0.002236324,-0.00145954,-0.004198752,0.635231917,0.232023301,-0.015775932,0.386433348,0.203993237,0.010952677,2.853683177,,1.0107,,,1.7933,1.1908,3.6512,,,-80.657,-12.075,,04/26/2023,1.68,the average of two measurements std only 0.04 though,,,,,,,,,,,,,,,,,,,,,2023-02-17 11:30:00
RI23-1033,Hungerford,02/17/2023,13:30,Grab/Isco,Stream,need to verify type,,-0.002685641,-0.012631921,0.000548769,-0.014051836,1.915448603,2.611894333,0.002842557,5.969457735,13.58502882,-0.04164915,23.75394204,0.0997,28.1505,,,17.758,1.2211,20.3349,,,-72.18,-10.942,,04/26/2023,4.15,,,,,,,,,,,,,,,,,,,,,,2023-02-17 13:30:00
ISO23-159,Hungerford,02/22/2023,01:15,Grab,Endmember,,,,,,,,,,,,,,,,,,,,,,,-68.854,-9.698,,,,,,,,,,,,,,,,,,,,,,,,,2023-02-22 01:15:00
ISO23-160,Wade,02/22/2023,11:30,Grab,Endmember,,,,,,,,,,,,,,,,,,,,,,,-78.887,-11.042,,,,,,,,,,,,,,,,,,,,,,,,,2023-02-22 11:30:00
RI23-1001,Hungerford,02/9/2023,13:40,Baseflow,Endmember,Pre-event baseflow - labled GW for now,,0.07070274,0.065629733,0.000484385,0.03255743,3.058230455,2.587608353,0.034568565,8.758447425,20.9942659,-0.083201787,57.31774663,,36.24354745,,,13.79784939,,50.59468528,2024-10-03 MED switched SO4 and PO4 values because I think they are erroneous. Verified in Chromeleon I don't think SS knew the swap the peaks.,,-66.095,-9.827,,03/01/2023,26.08,,,,,,,,,,,,,,,,,,,,,,2023-02-09 13:40:00
RI23-1002,Hungerford,02/9/2023,16:00,Grab/Isco,Stream,need to verify type,,0.06642303,0.068312251,-0.000212807,0.02399678,3.025307521,2.42615384,0.028481244,8.901892075,22.65424121,-0.085777963,64.01730457,0.001488139,36.58841901,0.793567672,,13.73243499,,48.18684922,2024-10-03 MED switched SO4 and PO4 values because I think they are erroneous. Verified in Chromeleon I don't think SS knew the swap the peaks.,,-66.847,-9.862,,03/01/2023,5.08,,,,,,,,,,,,,,,,,,,,,,2023-02-09 16:00:00
RI23-1003,Hungerford,02/9/2023,22:00,Grab/Isco,Stream,need to verify type,,0.082406714,0.052983714,-0.0000716263,-0.007114412,2.817823734,2.326500989,0.030483384,8.663945967,21.47346407,-0.051498708,52.87541848,0.039951549,34.27060158,0.793551784,,12.65017776,,45.78276962,2024-10-03 MED switched SO4 and PO4 values because I think they are erroneous. Verified in Chromeleon I don't think SS knew the swap the peaks.,,-67.317,-9.8,,03/01/2023,5.79,,,,,,,,,,,,,,,,,,,,,,2023-02-09 22:00:00
RI23-5006,Wade,03/01/2023,12:00,Groundwater,Endmember,well - High Pond. TOC log says collected 3/19/2023,High_Pond_031023 is it march 1st or 10th,-0.008999159,-0.003347686,-0.000665278,-0.000761201,1.883644279,0.28598758,-0.019510879,0.425312813,0.717066335,0.00428736,6.847131002,,1.752880691,,,1.717066079,,10.92170103,2024-10-03 MED switched SO4 and PO4 values because I think they are erroneous. Verified in Chromeleon I don't think SS knew the swap the peaks.,,-76.119,-11.57,Grab - MED is it gw though?,04/19/2023,0.07,,,,,,,,,,,,,,,,,,,,,,2023-03-01 12:00:00
RI23-5018,Wade,03/10/2023,12:00,Groundwater,Endmember,need to verify bear pond see ICP log,Bear_Pond_031023,-0.006055875,-0.003026873,-0.001228727,-0.005499911,1.689151505,0.181631256,-0.01777371,0.831397948,0.451746721,0.015540279,5.788055452,,1.752880691,,,,,,,,-72.071,-11.116,Grab - MED is it gw though?,04/26/2023,0.52,,,,,,,,,,,,,,,,,,,,,,2023-03-10 12:00:00
RI23-5007,Hungerford,03/16/2023,12:00,Soil water lysimeter,Endmember,dry site,HF_lysmtr_031623,0.001259766,-0.003616,0.002715958,0.070260979,5.670058776,0.398317765,0.053965725,3.957421357,3.429970389,-0.003272506,28.61340414,0.180018148,5.501723609,0.790967663,1.560382427,54.19291003,1.54591444,20.19954881,2024-10-03 MED switched SO4 and PO4 values because I think they are erroneous. Verified in Chromeleon I don't think SS knew the swap the peaks.,,-81.472,-12.284,Dry lys,04/26/2023,6,,,,,,,,,,,,,,,,,,,,,,2023-03-16 12:00:00
RI23-5008,Hungerford,03/16/2023,12:00,Groundwater,Endmember,well,Mark_well_031623,-0.017935714,0.045289908,0.035849962,0.029241819,7.648743775,4.438201407,0.354392502,26.4284451,22.02279844,-0.131898869,105.9045741,0.015458651,60.24839626,0.857020045,1.605056166,3.983550327,1.58724521,83.82824622,2024-10-03 MED switched SO4 and PO4 values because I think they are erroneous. Verified in Chromeleon I don't think SS knew the swap the peaks.,,-72.633,-10.806,Grab - MED is it gw though?,04/26/2023,0.95,,,,,,,,,,,,,,,,,,,,,,2023-03-16 12:00:00
RI23-5009,Wade,03/16/2023,12:00,Soil water lysimeter,Endmember,dry site,WD_lysmtr_031623,0.10096043,0.00522485,0.001129239,0.108481069,0.60254712,0.49268935,-0.046166885,0.334881921,-0.21894769,0.415918292,0.536311389,,1.905036884,,,3.712501258,1.597330099,4.732060342,2024-10-03 MED switched SO4 and PO4 values because I think they are erroneous. Verified in Chromeleon I don't think SS knew the swap the peaks.,,-89.934,-13.33,Dry lys,04/26/2023,5.64,,,,,,,,,,,,,,,,,,,,,,2023-03-16 12:00:00
RI23-1034,Wade,03/22/2023,13:15,Baseflow,Endmember,Pre-event baseflow,,0.014531273,-0.000324202,-0.001263254,-0.001188526,1.74915951,0.259249227,-0.012961239,0.522326467,0.278623854,0.029131806,3.704749272,,1.0499,0.4131,,1.6848,1.1272,4.6922,,,-81.364,-12.059,,04/26/2023,2.23,,,,,,,,,,,,,,,,,,,,,,2023-03-22 13:15:00
RI23-1035,Hungerford,03/22/2023,15:00,Baseflow,Stream,Pre-event,,0.080686091,0.039445908,0.000206012,0.002716037,2.304313123,3.343251836,0.054388067,8.181779886,19.24564446,-0.025073046,51.81826641,0.1418,44.9281,,,25.7819,,26.9727,,,-75.462,-11.153,,04/26/2023,7.16,,,,,,,,,,,,,,,,,,,,,,2023-03-22 15:00:00
RI23-1036,Hungerford,03/22/2023,18:00,Grab/Isco,Stream,need to verify type,,0.097364433,0.04733585,0.001176209,-0.003253536,2.156339613,3.387667644,0.071506444,8.108993502,17.96043032,-0.020081799,53.38764974,0.1346,42.1843,0.4199,,26.0839,,28.041,,,-75.114,-11.054,,04/26/2023,4.84,,,,,,,,,,,,,,,,,,,,,,2023-03-22 18:00:00
RI23-1039,Wade,03/22/2023,18:00,Grab/Isco,Stream,need to verify type,,0.01434973,0.001554612,-0.001470024,-0.006262339,1.53378395,0.26225548,-0.020857543,0.530668398,0.35279127,0.024614429,3.795325214,,1.0946,0.4109,,2.095,1.1925,4.8232,,,-81.686,-12.15,,04/26/2023,1.19,,,,,,,,,,,,,,,,,,,,,,2023-03-22 18:00:00
RI23-1037,Hungerford,03/23/2023,0:00,Grab/Isco,Stream,need to verify type,,0.05168443,0.017541903,0.001691888,-0.0037134,1.833135983,4.077833323,0.078774057,6.636894845,14.88451896,-0.001283258,36.18492152,0.1559,36.2323,,,21.5788,,22.3777,,,-78.838,-11.486,,04/26/2023,4.85,,,,,,,,,,,,,,,,,,,,,,2023-03-23 00:00:00
RI23-1038,Hungerford,03/23/2023,6:00,Grab/Isco,Stream,need to verify type,,0.050025954,0.012383668,0.001511116,-0.011124411,1.721791096,3.701270296,0.050420067,6.429298798,15.46132564,-0.044759612,45.1969623,0.1805,34.931,,,24.4426,1.4309,22.0813,,,-78.782,-11.52,,04/26/2023,4.72,,,,,,,,,,,,,,,,,,,,,,2023-03-23 06:00:00
RI23-1040,Wade,03/23/2023,0:00,Grab/Isco,Stream,need to verify type,,0.009755471,-0.014517352,-0.000110494,-0.011427705,1.401155993,0.042075515,-0.039138052,0.497981403,0.254348942,0.00221919,3.653853345,,1.0481,0.4229,,1.5836,1.1677,4.5754,,,-82.125,-12.072,,04/26/2023,1.19,,,,,,,,,,,,,,,,,,,,,,2023-03-23 00:00:00
RI23-1041,Wade,03/23/2023,6:00,Grab/Isco,Stream,need to verify type,,0.014134657,-0.000954055,-0.001495632,-0.000056552,1.355116177,0.24881316,-0.024675823,0.491121858,0.332086947,0.034904637,3.670326488,,1.1105,0.4141,,1.9689,1.1799,4.6306,,,-83.331,-12.424,,04/26/2023,1.15,,,,,,,,,,,,,,,,,,,,,,2023-03-23 06:00:00
RI23-1042,Hungerford,03/23/2023,12:00,Grab/Isco,Stream,need to verify type,,0.044605128,0.005232181,0.001626633,-0.013575373,2.144593006,3.416709951,0.032595869,7.01920048,15.73226655,-0.049189437,43.32303494,0.1572,36.9917,0.4177,,30.0148,,25.6052,,,-76.786,-11.499,,04/26/2023,4.64,,,,,,,,,,,,,,,,,,,,,,2023-03-23 12:00:00
RI23-1043,Hungerford,03/23/2023,18:00,Grab/Isco,Stream,need to verify type,,0.067621089,0.010400639,0.001621233,-0.00461134,1.63269185,4.396179204,0.104960561,5.794659491,12.96350478,-0.001346427,39.77601383,0.1934,27.1734,0.416,,21.4181,1.12,17.6114,,,-75.68,-11.365,,04/26/2023,5.11,,,,,,,,,,,,,,,,,,,,,,2023-03-23 18:00:00
RI23-1055,Wade,03/23/2023,12:00,Grab/Isco,Stream,need to verify type,,0.01253869,0.001448071,-0.000742203,-0.005961197,1.177932292,0.264622518,-0.013326071,0.486021284,0.328262324,0.027616549,3.594777784,,1.3288,0.4165,,1.6891,,3.7466,,,,,,04/26/2023,1.29,,,,,,,,,,,,,,,,,,,,,,2023-03-23 12:00:00
RI23-1056,Wade,03/23/2023,18:00,Grab/Isco,Stream,need to verify type,,0.007047411,-0.014984713,0.000316516,-0.013384375,0.930913924,0.049481287,-0.040661211,0.387519407,0.180927947,0.009696412,2.973540113,,1.3778,0.4202,,1.7603,1.7177,3.3289,,,,,,04/26/2023,1.7,,,,,,,,,,,,,,,,,,,,,,2023-03-23 18:00:00
RI23-1044,Hungerford,03/24/2023,0:00,Grab/Isco,Stream,need to verify type,,0.076560816,0.002230693,0.002964441,0.02396996,1.47904981,4.09790161,0.081200549,4.04188093,9.480232287,0.000372539,25.59383409,0.2425,19.4525,0.4193,,18.4915,1.1933,12.7867,,,-76.035,-11.01,,04/19/2023,5.06,,,,,,,,,,,,,,,,,,,,,,2023-03-24 00:00:00
RI23-1045,Hungerford,03/24/2023,6:00,Grab/Isco,Stream,need to verify type,,0.08077854,0.016478641,0.001618506,-0.004675616,1.93749579,3.521961346,0.081382157,4.512128753,9.880117915,0.010276739,32.494865,,15.6507,0.4176,,14.982,1.6902,10.9762,,,-76.547,-11.181,,04/26/2023,5.24,,,,,,,,,,,,,,,,,,,,,,2023-03-24 06:00:00
RI23-1046,Hungerford,03/24/2023,12:00,Grab/Isco,Stream,need to verify type,,0.072228406,0.016830778,0.001902061,-0.010791868,1.908819986,2.96392154,0.040785095,4.837448353,11.00248854,-0.019364421,34.33453007,,18.1573,0.4196,,17.189,1.9329,12.9516,,,-76.522,-11.338,,04/26/2023,5.02,,,,,,,,,,,,,,,,,,,,,,2023-03-24 12:00:00
RI23-1047,Hungerford,03/24/2023,15:45,Grab/Isco,Stream,need to verify type,,0.075957227,0.021075545,0.000526145,-0.007462477,1.94896771,3.364936999,0.072485834,5.403369305,12.22325547,0.007976315,32.69219822,,19.1642,0.4227,,17.7692,,13.8515,,,-76.275,-11.287,,04/26/2023,5.08,,,,,,,,,,,,,,,,,,,,,,2023-03-24 15:45:00
RI23-1053,Hungerford,03/24/2023,18:00,Precip,Endmember,MED initially thought grab sample but changed on 2025-05-21 to precip based on low values. Same sample as ISO23-158.,,0.004163568,-0.001038763,-0.001625643,-0.006980813,0.959055888,0.25321913,-0.011485446,0.325280784,0.109130862,0.05407208,2.338133113,,1.2725,0.4264,,2.517,1.7481,2.6654,,same sample as ISO23-158,-85.24,-12.526,,04/26/2023,5.11,,,,,,,,,,,,,,,,,,,,,,2023-03-24 18:00:00
RI23-1057,Wade,03/24/2023,0:00,Grab/Isco,Stream,need to verify type,,0.015100987,-0.006556195,0.000489817,-0.012557292,1.188987643,0.080056933,-0.039448254,0.342530147,0.127048403,0.049592922,2.620107065,,1.3097,0.4191,,1.9646,1.7182,2.8216,,,,,,04/19/2023,2.04,,,,,,,,,,,,,,,,,,,,,,2023-03-24 00:00:00
RI23-1058,Wade,03/24/2023,6:00,Grab/Isco,Stream,need to verify type,,0.008623872,-0.015350804,0.000290349,-0.012742366,1.357753527,0.044343844,-0.048191982,0.332811768,0.0883524799999999,0.053961335,2.57239535,,1.3006,0.4151,,2.0998,1.6985,2.9672,,,-88.665,-13.215,,04/26/2023,2.17,,,,,,,,,,,,,,,,,,,,,,2023-03-24 06:00:00
RI23-1059,Wade,03/24/2023,12:00,Grab/Isco,Stream,need to verify type,,0.001170876,-0.015894935,-0.000212895,-0.014159941,1.347407362,0.067134475,-0.050713494,0.462989455,0.240782963,0.001660447,3.396424541,,1.3079,0.4255,,2.122,1.6925,3.0719,time is arbitrary,,-87.016,-13.038,,04/26/2023,1.82,,,,,,,,,,,,,,,,,,,,,,2023-03-24 12:00:00
RI23-1060,Wade,03/24/2023,17:30,Grab/Isco,Stream,need to verify type,,0.013802513,0.000112332,-0.001346024,-0.006235277,1.325875362,0.251727248,-0.017647591,0.395477258,0.219419627,0.059802742,2.948626832,,1.3193,0.4146,,2.149,1.6943,3.1954,,,,,,04/26/2023,1.66,,,,,,,,,,,,,,,,,,,,,,2023-03-24 17:30:00
RI23-1054,Hungerford,03/25/2023,10:00,Isco/grab,Stream,need to verify type,,,,,,,,,,,,,,,,,,,,,,-74.938,-10.741,,04/26/2023,4.43,,,,,,,,,,,,,,,,,,,,,,2023-03-25 10:00:00
RI23-1061,Hungerford,03/28/2023,12:00,Snowmelt lysimeter,Endmember,,,-0.005760092,0.007980837,0.002071911,0.02139118,1.150758114,0.919783579,-0.011040281,1.137487804,3.130392871,0.009517143,4.337064961,0.0474,2.1995,0.4463,,2.5785,,1.3314,,,-75.524,-11.193,,04/26/2023,2.83,,,,,,,,,,,,,,,,,,,,,,2023-03-28 12:00:00
RI23-1063,Wade,03/28/2023,12:00,Snowmelt lysimeter,Endmember,,,,,,,,,,,,,,,1.2092,0.4249,,2.03,,1.3209,time is arbitrary,,-95.26,-14.233,,04/26/2023,2.24,,,,,,,,,,,,,,,,,,,,,,2023-03-28 12:00:00
RI23-1064,Wade,03/31/2023,8:00,Grab/Isco,Stream,need to verify type,,0.005210988,-0.001478595,-0.001026708,-0.006295331,1.42321651,0.258879473,-0.025024288,0.52096552,0.336197387,0.023384405,3.82448653,,1.3522,,,1.8115,,4.105,,,-83.194,-11.926,,04/19/2023,0.97,,,,,,,,,,,,,,,,,,,,,,2023-03-31 08:00:00
RI23-1065,Wade,03/31/2023,14:00,Grab/Isco,Stream,need to verify type,,0.004469733,-0.001766673,-0.001270362,-0.008097558,1.174642847,0.234849335,-0.024427364,0.462208242,0.278733034,0.020830139,3.338583978,,1.3297,0.4124,0.7234,1.8783,1.7157,3.8227,,,-82.174,-11.965,,04/26/2023,1.18,,,,,,,,,,,,,,,,,,,,,,2023-03-31 14:00:00
RI23-1066,Wade,03/31/2023,20:00,Grab/Isco,Stream,need to verify type,,0.015543524,-0.0000998386,-0.000995024,-0.008376434,1.37680569,0.26625641,-0.016471063,0.510926567,0.313138951,0.02444571,3.609337254,,1.3794,0.417,,1.8045,,3.9186,,,-82.71,-12.178,,04/26/2023,1.15,,,,,,,,,,,,,,,,,,,,,,2023-03-31 20:00:00
RI23-1085,Hungerford,03/31/2023,14:00,Baseflow,Stream,Pre-event,,0.060061922,0.017483861,0.000458481,-0.009881379,1.922939017,1.907550724,0.020223105,6.349480788,15.15258709,-0.061110235,44.48903756,0.0186,26.0618,,,12.1689,2.411,17.2364,,,-73.371,-11.14,,04/26/2023,7.77,,,,,,,,,,,,,,,,,,,,,,2023-03-31 14:00:00
RI23-1086,Hungerford,03/31/2023,20:00,Grab/Isco,Stream,need to verify type,,0.068862419,0.016706546,0.000210625,-0.012719974,1.800990001,1.855667937,0.011242127,6.264499671,15.19304238,-0.042525829,38.66925221,,25.8124,0.581,,12.3425,2.4068,17.219,,,-73.302,-10.999,,04/19/2023,5.5,,,,,,,,,,,,,,,,,,,,,,2023-03-31 20:00:00
RI23-5010,Wade,04/03/2023,12:00,Precip,Endmember,,WD_precip_040323,-0.022544739,-0.01448515,0.000587156,-0.010980137,-0.144439162,-0.027036361,-0.052428058,0.017803848,-0.30920825,-0.013028316,0.249147493,0.046401456,1.65031151,,,2.216317094,,3.514948659,2024-10-03 MED switched SO4 and PO4 values because I think they are erroneous. Verified in Chromeleon I don't think SS knew the swap the peaks.,,-87.824,-13.232,,04/26/2023,0.64,,,,,,,,,,,,,,,,,,,,,,2023-04-03 12:00:00
RI23-1067,Wade,04/1/2023,2:00,Grab/Isco,Stream,need to verify type,,0.005751086,-0.001594801,-0.000460474,-0.008715731,1.556659486,0.26567925,-0.027139243,0.494133521,0.317578665,0.02795452,3.675777001,,1.3385,0.4164,,1.8294,1.6977,3.9802,,,-82.631,-12.148,,04/26/2023,1.11,,,,,,,,,,,,,,,,,,,,,,2023-04-01 02:00:00
RI23-1068,Wade,04/1/2023,8:00,Grab/Isco,Stream,need to verify type,,0.007588714,0.001398657,-0.000993251,-0.007581166,1.402101091,0.258908585,-0.018561022,0.522499145,0.31417008,0.021494264,3.749329624,,1.331,0.4326,,1.8344,1.7474,3.9442,,,-81.928,-12.094,,04/19/2023,1,,,,,,,,,,,,,,,,,,,,,,2023-04-01 08:00:00
RI23-1069,Wade,04/1/2023,14:00,Grab/Isco,Stream,need to verify type,,,,,,,,,,,,,,1.3533,0.4237,,1.7832,1.7005,3.7645,,,-82.383,-12.466,,04/26/2023,1.3,,,,,,,,,,,,,,,,,,,,,,2023-04-01 14:00:00
RI23-1070,Wade,04/1/2023,20:00,Grab/Isco,Stream,need to verify type,,0.02173889,0.000697066,-0.001176202,-0.008137154,1.010726775,0.269050581,-0.01891766,0.360545045,0.17608113,0.046167978,2.817128657,,1.2732,0.4219,,1.6588,,3.1688,,,-86.996,-13.057,,04/26/2023,1.92,,,,,,,,,,,,,,,,,,,,,,2023-04-01 20:00:00
RI23-1087,Hungerford,04/1/2023,2:00,Grab/Isco,Stream,need to verify type,,0.073389681,0.033095115,-0.000588859,-0.005107211,1.717275929,2.125236892,0.046927467,6.874166194,15.48239014,-0.02589841,37.27422707,,26.5332,0.5784,,12.5094,2.4881,17.9355,,,-73.286,-10.867,,04/26/2023,4.13,,,,,,,,,,,,,,,,,,,,,,2023-04-01 02:00:00
RI23-1088,Hungerford,04/1/2023,8:00,Grab/Isco,Stream,need to verify type,,0.070637424,0.020082108,0.00050659,-0.012105197,1.691012978,2.037879893,0.014196681,6.473914354,16.00412892,-0.048246078,42.02868815,,26.9716,0.5792,0.8873,12.1715,2.4636,17.6921,,,-73.13,-10.889,,04/26/2023,4.09,,,,,,,,,,,,,,,,,,,,,,2023-04-01 08:00:00
RI23-1089,Hungerford,04/1/2023,14:00,Grab/Isco,Stream,need to verify type,,0.09371576,0.022349993,0.000771412,0.012555797,1.92348851,3.179864224,0.085974481,6.329468583,14.72267556,0.036606383,38.94465603,0.0105,25.3363,,,9.2361,2.469,15.9516,,,-71.721,-10.743,,04/26/2023,5.48,,,,,,,,,,,,,,,,,,,,,,2023-04-01 14:00:00
RI23-1090,Hungerford,04/1/2023,20:00,Grab/Isco,Stream,need to verify type,,,,,,,,,,,,,0.0095,24.71,,,7.9897,2.4559,14.2168,,,-71.931,-10.744,,04/26/2023,6.08,,,,,,,,,,,,,,,,,,,,,,2023-04-01 20:00:00
RI23-1093,Wade,04/10/2023,6:00,Grab/Isco,Stream,need to verify type,,0.00863596,-0.000980345,-0.000832858,-0.003494147,1.150045414,0.241614625,-0.021311297,0.364991639,0.19274105,0.043509883,2.786990661,,1.4636,,,2.2376,,3.1972,,,-84.793,-12.564,,04/19/2023,1.86,,,,,,,,,,,,,,,,,,,,,,2023-04-10 06:00:00
RI23-1094,Wade,04/10/2023,12:00,Grab/Isco,Stream,need to verify type,,0.007476417,0.000206288,-0.001158914,-0.005412438,1.017872869,0.245271537,-0.016455663,0.357069259,0.15780381,0.038871603,2.698008937,,1.4376,0.5889,,2.1944,2.1993,3.2416,,,-84.459,-12.484,,04/19/2023,1.5,,,,,,,,,,,,,,,,,,,,,,2023-04-10 12:00:00
RI23-1095,Wade,04/10/2023,18:00,Grab/Isco,Stream,need to verify type,,0.000523073,-0.01474231,-0.000116398,-0.002091972,0.976825194,0.002551917,-0.04345004,0.307319519,0.124239925,0.022753804,2.460775089,,1.4718,0.5792,,2.0527,,3.0893,,,-85.437,-12.629,,04/19/2023,1.84,,,,,,,,,,,,,,,,,,,,,,2023-04-10 18:00:00
RI23-1096,Wade,04/11/2023,0:00,Grab/Isco,Stream,need to verify type,,0.009029928,-0.000673684,-0.001201484,0.001432663,0.947297288,0.231896354,-0.014212064,0.294665178,0.130239223,0.066334377,2.411926803,,1.4211,,,2.0747,2.162,2.8366,,vial is missing,,,,04/19/2023,2.2,,,,,,,,,,,,,,,,,,,,,,2023-04-11 00:00:00
RI23-1097,Wade,04/11/2023,6:00,Grab/Isco,Stream,need to verify type,,-0.005308506,-0.015564569,-0.0000026658,-0.009873745,0.859895617,0.026292909,-0.047404996,0.287033152,0.110631687,0.027770743,2.290268873,,1.4203,0.5776,,2.2482,,2.8978,,,-86.183,-12.693,,04/19/2023,1.79,,,,,,,,,,,,,,,,,,,,,,2023-04-11 06:00:00
RI23-1099,Hungerford,04/11/2023,13:30,Grab/Isco,Stream,need to verify type,,0.068305274,0.026475289,-0.000849062,-0.005995976,1.168095632,2.257125662,0.036872676,6.879177807,17.28033444,-0.019193651,40.23150622,,31.0924,0.5819,,12.7652,2.4245,18.4906,,,-68.677,-9.988,,04/19/2023,3.74,,,,,,,,,,,,,,,,,,,,,,2023-04-11 13:30:00
RI23-1100,Wade,04/11/2023,16:00,Grab/Isco,Stream,need to verify type,,-0.003002955,-0.015022065,0.000546942,-0.004406859,0.733681535,0.050678134,-0.046811064,0.227469347,0.050771975,0.045719201,1.923157102,,1.779603237,,,2.556605766,1.595329548,5.863016648,2024-10-03 MED switched SO4 and PO4 values because I think they are erroneous. Verified in Chromeleon I don't think SS knew the swap the peaks.,,-86.889,-12.713,,04/19/2023,2.15,,,,,,,,,,,,,,,,,,,,,,2023-04-11 16:00:00
RI23-1098,Wade,04/11/2023,12:00,Snowmelt lysimeter,Endmember,,,-0.008248453,0.002126952,-0.000754594,-0.003791454,0.185059359,0.353835338,-0.020866083,0.132893103,-0.12178083,0.011761921,0.566001164,,1.3179,0.5913,,1.3875,2.2004,1.0012,,,-89.353,-12.731,,04/19/2023,0.68,,,,,,,,,,,,,,,,,,,,,,2023-04-11 12:00:00
RI23-1101,Wade,04/12/2023,0:00,Grab/Isco,Stream,need to verify type,,0.005325502,-0.014964109,0.000660561,-0.007599487,0.659190765,0.046483474,-0.050560379,0.228322849,0.032999864,0.075819377,1.820530903,,1.3819,0.5757,,2.4669,,2.4997,,,-88.178,-12.949,,04/19/2023,2.49,,,,,,,,,,,,,,,,,,,,,,2023-04-12 00:00:00
RI23-1102,Wade,04/12/2023,8:00,Grab/Isco,Stream,need to verify type,,,,,,,,,,,,,,1.3839,,,2.4734,2.1762,2.4755,,,-87.574,-12.842,,04/19/2023,2.21,,,,,,,,,,,,,,,,,,,,,,2023-04-12 08:00:00
RI23-5011,Wade,04/12/2023,12:00,Soil water lysimeter,Endmember,wet as per iso notes,WD_wet_soil_lysmtr_041223,0.082653033,-0.004535385,0.000748952,0.021643975,1.278977223,0.263231596,0.014790138,0.327921653,0.141619809,0.560487803,1.446107084,,1.736025708,,,2.568172804,,4.574632908,2024-10-03 MED switched SO4 and PO4 values because I think they are erroneous. Verified in Chromeleon I don't think SS knew the swap the peaks.,,-78.101,-11.582,Wet SWL,04/19/2023,8.74,,,,,,,,,,,,,,,,,,,,,,2023-04-12 12:00:00
RI23-5012,Wade,04/12/2023,12:00,Snowmelt lysimeter,Endmember,,WD_snow_lysmtr_041223,-0.008273062,0.002046988,-0.000656611,-0.004107606,-0.028675877,0.305076369,-0.028291631,0.065905561,-0.194941614,0.011608069,0.412953444,,1.683677649,,,1.866062816,1.611530471,2.994068894,2024-10-03 MED switched SO4 and PO4 values because I think they are erroneous. Verified in Chromeleon I don't think SS knew the swap the peaks.,,-85.262,-12.252,,,,,,,,,,,,,,,,,,,,,,,,,2023-04-12 12:00:00
RI23-5013,Hungerford,04/12/2023,12:00,Soil water lysimeter,Endmember,wet site,,-0.008273062,0.002046988,-0.000656611,-0.004107606,-0.028675877,0.305076369,-0.028291631,0.065905561,-0.194941614,0.011608069,0.412953444,,2.949201663,,,12.1266859,1.574413501,6.914068453,2024-10-03 MED switched SO4 and PO4 values because I think they are erroneous. Verified in Chromeleon I don't think SS knew the swap the peaks.,,-89.646,-13.065,Wet SWL,04/19/2023,5.01,,,,,,,,,,,,,,,,,,,,,,2023-04-12 12:00:00
RI23-5014,Hungerford,04/12/2023,12:00,Soil water lysimeter,Endmember,dry site,,,,,,,,,,,,,,4.065669151,,1.557410743,45.91070652,1.547171644,16.30907021,2024-10-03 MED switched SO4 and PO4 values because I think they are erroneous. Verified in Chromeleon I don't think SS knew the swap the peaks.,,-50.801,-8.426,MED best guess is other 04/12/2023 Hford soil lysimeter in ICP data dry site,04/19/2023,5.2,,,,,,,,,,,,,,,,,,,,,,2023-04-12 12:00:00
RI23-5015,Wade,04/12/2023,12:00,Soil water lysimeter,Endmember,dry as per icp notes,WD_Dry_Soil_lysmtr_041223,0.153221701,0.014861713,-0.000743169,0.015333167,0.48408665,0.713193824,-0.017088439,0.27432885,-0.13668387,0.479294052,0.591529624,0.032667482,1.875389224,,,2.371766064,,7.659225474,2024-10-03 MED switched SO4 and PO4 values because I think they are erroneous. Verified in Chromeleon I don't think SS knew the swap the peaks.,,,,,04/19/2023,7,,,,,,,,,,,,,,,,,,,,,,2023-04-12 12:00:00
RI23-5017,Hungerford,04/12/2023,12:00,Snowmelt lysimeter,Endmember,,HF_snow_lysmtr_041223,0.135571269,-0.012624602,0.000890065,-0.006579529,3.132389271,0.443414038,-0.035219578,0.933349867,1.260326343,0.26257316,4.436051514,,2.1995,,,,,,,,-75.524,-11.193,,,,,,,,,,,,,,,,,,,,,,,,,2023-04-12 12:00:00
ISO23-110,Wade,04/12/2023,12:00,DM,Endmember,MED doesn’t know what DM meant from MT but only isos,,,,,,,,,,,,,,,,,,,,,,-91.165,-13.372,,,,,,,,,,,,,,,,,,,,,,,,,2023-04-12 12:00:00
ISO23-113,Hungerford,04/12/2023,12:00,DM,Endmember,MED doesn’t know what DM meant from MT but only isos,,,,,,,,,,,,,,,,,,,,,,-79.702,-11.813,,,,,,,,,,,,,,,,,,,,,,,,,2023-04-12 12:00:00
RI23-5016,Hungerford,04/13/2023,12:00,Precip,Endmember,,HF_precip_040323 is it the 13th or 3rd,-0.020821107,-0.013363886,0.000380363,-0.011714672,-0.139008495,-0.008695012,-0.048778993,0.044667205,-0.235974904,-0.01388081,0.701516215,0.04061602,1.69918818,0.796777766,,2.439743042,1.614174956,2.892481031,2024-10-03 MED switched SO4 and PO4 values because I think they are erroneous. Verified in Chromeleon I don't think SS knew the swap the peaks.,,-69.848,-10.859,iso logs says 4/13 not 4/03,04/26/2023,0.68,MED guess that sample date is 4/13/23 and so this is RI23-5016,,,,,,,,,,,,,,,,,,,,,2023-04-13 12:00:00
RI23-1071,Wade,04/2/2023,2:00,Grab/Isco,Stream,need to verify type,,0.017966364,-0.000899831,0.000071504,-0.008163888,0.998054911,0.258750119,-0.015558634,0.332864429,0.145430644,0.058083936,2.694121633,,1.2492,0.4203,,1.8265,,3.0346,,,-88.055,-13.392,,04/19/2023,1.74,,,,,,,,,,,,,,,,,,,,,,2023-04-02 02:00:00
RI23-1072,Wade,04/2/2023,8:00,Grab/Isco,Stream,need to verify type,,0.012735074,-0.001379975,-0.001208088,-0.008036699,1.021814584,0.242394853,-0.0170764,0.366685728,0.203444735,0.057991194,2.809760334,,1.2779,,,1.9689,,3.1615,,,-87.78,-13.383,,04/19/2023,1.58,,,,,,,,,,,,,,,,,,,,,,2023-04-02 08:00:00
RI23-1073,Wade,04/2/2023,14:00,Grab/Isco,Stream,need to verify type,,0.008768052,-0.001134997,-0.001257182,-0.007673665,1.096390215,0.228079413,-0.01959113,0.373492947,0.227263116,0.047372034,2.852341465,,1.2742,0.4183,,1.9483,1.7209,3.2118,,,-86.61,-13.449,,04/19/2023,1.46,,,,,,,,,,,,,,,,,,,,,,2023-04-02 14:00:00
RI23-1074,Wade,04/2/2023,20:00,Grab/Isco,Stream,need to verify type,,0.010919397,0.009923653,-0.001405038,-0.007688091,1.279718809,0.245479163,-0.009385169,0.396460512,0.252279986,0.049405371,2.996397878,,1.3075,0.4219,,2.0406,1.6932,3.3687,,,-86.264,-13.438,,04/26/2023,1.63,,,,,,,,,,,,,,,,,,,,,,2023-04-02 20:00:00
RI23-1091,Hungerford,04/2/2023,2:00,Grab/Isco,Stream,need to verify type,,0.083669189,-0.00226064,0.00045717,-0.011512518,1.800713462,1.923754303,0.00481706,4.965463844,12.85698455,-0.001827759,28.6246763,0.0168,21.4189,,,7.5566,2.3503,12.648,,,-73.063,-10.739,,04/26/2023,5.74,,,,,,,,,,,,,,,,,,,,,,2023-04-02 02:00:00
RI23-1092,Hungerford,04/2/2023,8:00,Grab/Isco,Stream,need to verify type,,,,,,,,,,,,,0.0245,18.4941,0.5759,,7.3462,2.3953,12.1689,,,-73.732,-10.545,,04/26/2023,4.32,,,,,,,,,,,,,,,,,,,,,,2023-04-02 08:00:00
RI23-1075,Wade,04/3/2023,2:00,Grab/Isco,Stream,need to verify type,,-0.002557897,-0.016453343,0.000455748,-0.014389707,1.268876633,0.04061056,-0.048028714,0.413744815,0.20796083,0.021207666,3.183534821,,1.3168,0.4228,,2.0774,,3.5599,,,-86.479,-13.355,,04/19/2023,1.4,,,,,,,,,,,,,,,,,,,,,,2023-04-03 02:00:00
RI23-1077,Wade,04/3/2023,14:00,Grab/Isco,Stream,need to verify type,,-0.001128697,-0.016263509,-0.00000495159,0.304437855,1.351217087,0.015507078,-0.045805235,0.392955423,0.150241393,0.021340273,2.886000661,,1.637,,,2.0278,,3.5605,,,-84.668,-12.58,,04/26/2023,1.73,,,,,,,,,,,,,,,,,,,,,,2023-04-03 14:00:00
RI23-1078,Wade,04/3/2023,22:00,Grab/Isco,Stream,need to verify type,,0.011288704,-0.001067489,-0.001309167,0.052094637,1.130374338,0.266937275,-0.017656168,0.422942735,0.218957862,0.036524847,3.087491001,,1.3789,0.4183,,1.947,,3.5006,,,-84.596,-12.971,,04/26/2023,1.49,,,,,,,,,,,,,,,,,,,,,,2023-04-03 22:00:00
RI23-1079,Wade,04/4/2023,6:00,Grab/Isco,Stream,need to verify type,,,,,,,,,,,,,,1.5039,,,1.9619,,3.5407,,,-84.992,-12.716,,04/26/2023,1.53,,,,,,,,,,,,,,,,,,,,,,2023-04-04 06:00:00
RI23-1080,Wade,04/4/2023,14:00,Grab/Isco,Stream,need to verify type,,-0.006015248,-0.01679581,0.0000910232,0.007496276,1.0213899,0.041539688,-0.046511003,0.401037267,0.167875052,0.006182841,3.115862819,,1.4743,0.5756,,1.9407,2.1689,3.5536,,,-84.909,-12.662,,04/26/2023,1.47,,,,,,,,,,,,,,,,,,,,,,2023-04-04 14:00:00
RI23-1081,Wade,04/5/2023,14:00,Grab/Isco,Stream,need to verify type,,-0.003036492,-0.007410095,0.000244656,-0.00064442,1.113853289,0.047755516,-0.042345271,0.402501267,0.193348538,0.010775109,3.067938873,,1.5276,0.5833,,1.9338,2.2219,3.4614,,,-85.309,-12.684,,04/26/2023,1.68,,,,,,,,,,,,,,,,,,,,,,2023-04-05 14:00:00
RI23-1082,Wade,04/5/2023,22:00,Grab/Isco,Stream,need to verify type,,0.013863985,-0.015068444,0.000709343,-0.007303387,0.838482332,0.087136672,-0.054591578,0.251554121,0.011528412,0.058664107,2.095150301,,1.4003,0.5884,,1.8824,2.2143,2.7237,,,-81.023,-11.998,,04/26/2023,3.27,,,,,,,,,,,,,,,,,,,,,,2023-04-05 22:00:00
RI23-1048,Wade,04/6/2023,12:00,Grab/Isco,Stream,need to verify type,,-0.001241855,-0.016938892,-0.0000691872,-0.004831381,0.708850205,0.053358545,-0.043926756,0.243319308,0.062797831,0.06322671,1.867872901,,1.2336,0.4171,,2.5922,1.702,2.4461,,,-86.959,-12.866,,04/26/2023,2.63,,,,,,,,,,,,,,,,,,,,,,2023-04-06 12:00:00
RI23-1083,Wade,04/6/2023,6:00,Grab/Isco,Stream,need to verify type,,,,,,,,,,,,,,1.3885,0.5913,,2.2374,2.2111,2.6793,,,-83.691,-12.527,,04/26/2023,2.54,,,,,,,,,,,,,,,,,,,,,,2023-04-06 06:00:00
RI23-1049,Wade,04/7/2023,0:00,Grab/Isco,Stream,need to verify type,,0.007604436,-0.002945512,-0.001189817,-0.00635051,0.746901547,0.274798407,-0.021562433,0.273149495,0.124848353,0.08071543,2.106945786,,1.224,0.4219,,2.405,,2.4399,,,-85.227,-12.67,,04/26/2023,2.51,,,,,,,,,,,,,,,,,,,,,,2023-04-07 00:00:00
RI23-1050,Wade,04/7/2023,6:00,Grab/Isco,Stream,need to verify type,,0.012036114,-0.001020719,-0.000992594,-0.005760932,0.810300966,0.252345296,-0.021565676,0.270475505,0.101654578,0.082763848,2.038705967,,1.2221,0.4169,,2.6886,1.6965,2.8119,,,-86.327,-12.739,,04/26/2023,2.36,,,,,,,,,,,,,,,,,,,,,,2023-04-07 06:00:00
RI23-1051,Wade,04/7/2023,12:00,Grab/Isco,Stream,need to verify type,,0.011849682,-0.001328144,-0.001123911,-0.004703508,0.894565102,0.264762886,-0.020869383,0.31634171,0.148913331,0.074786846,2.23991129,,1.2592,0.4221,,2.6878,,2.54,,,-86.013,-12.881,,04/26/2023,2.3,,,,,,,,,,,,,,,,,,,,,,2023-04-07 12:00:00
RI23-1052,Wade,04/7/2023,17:00,Grab/Isco,Stream,need to verify type,,0.005133513,-0.00080731,-0.001380419,-0.006469135,0.902582445,0.252942995,-0.022781498,0.309640192,0.114491749,0.060591456,2.276254125,,1.2324,0.4172,,2.5879,,2.8325,,,-85.28,-12.494,,04/26/2023,2.15,"RI23-1048 to RI23-1052 there is some disagreement between the TOC data and all other measurements on which samples are which. I defer to the non TOC here, but not a big deal MED",,,,,,,,,,,,,,,,,,,,,2023-04-07 17:00:00
RI23-ave1,Wade,03/7/2023,12:00,Groundwater,Endmember,"ave of 5006, 5018, 1034",,-0.0001745869999999,-0.0022329203333333,-0.0010524196666666,-0.0024832126666666,1.773985098,0.242289354333333,-0.0167486093333333,0.593012409333333,0.48247897,0.016319815,5.446645242,,1.518553794,0.4131,,1.7009330395,1.1272,7.806950515,,,-76.518,-11.5816666666667,,,0.94,,,,,,,,,,,,,,,,,,,,,,2023-03-07 12:00:00
RI23-ave2,Wade,03/7/2023,12:00,Snowmelt lysimeter,Endmember,"ave of 5005, 1063",,-0.007382155,0.002961813,0.000567562,-0.001676279,0.18544433,0.483999523,-0.016724087,0.210295175,0.221386184,0.017610823,0.764609235,,1.516084017,0.61350178,,2.244491875,1.597084061,2.43228996,,,-102.3215,-14.9575,#DIV/0!,#DIV/0!,2.24,,,,,,,,,,,,,,,,,,,,,,2023-03-07 12:00:00
RI23-ave3,Wade,03/7/2023,12:00,Groundwater,Endmember,"ave of 5006, 5018",,-0.007527517,-0.0031872795,-0.0009470025,-0.003130556,1.786397892,0.233809418,-0.0186422945,0.6283553805,0.584406528,0.0099138195,6.317593227,,1.752880691,,,1.717066079,,10.92170103,,,-74.095,-11.343,#DIV/0!,,0.295,,,,,,,,,,,,,,,,,,,,,,2023-03-07 12:00:00
RI23-ave4,Hungerford,03/7/2023,12:00,Groundwater,Endmember,"ave of 1001, 5008",,0.026383513,0.0554598205,0.0181671735,0.0308996245,5.353487115,3.51290488,0.1944805335,17.5934462625,21.50853217,-0.107550328,81.611160365,0.015458651,48.245971855,0.857020045,1.605056166,8.8906998585,1.58724521,67.21146575,,,-69.364,-10.3165,,,13.515,,,,,,,,,,,,,,,,,,,,,,2023-03-07 12:00:00
RI23-ave5,Hungerford,04/1/2023,12:00,Snowmelt lysimeter,Endmember,"ave of 5017, 1061",,0.0649055885,-0.0023218825,0.001480988,0.0074058255,2.1415736925,0.6815988085,-0.0231299295,1.0354188355,2.195359607,0.1360451515,4.3865582375,0.0474,2.1995,0.4463,,2.5785,,1.3314,,,-75.524,-11.193,#DIV/0!,#DIV/0!,2.83,,,,,,,,,,,,,,,,,,,,,,2023-04-01 12:00:00
,Wade,10/1/2019,23:00,Grab/Isco,Stream,From Meghan's Major_ion_chemistry_data file,,0.125594723,0.039502282,0.000886919,0.011441808,0.209946136,0.36901614,,0.288237335,0.192406271,0.111285765,1.750219298,,0.397088,,,,,,,,,,,,,,,57,,,,0.0610536,0.3611589,,,,,,,,,,,,,,2019-10-01 23:00:00
RI18-0091,Wade,2/21/2018,12:00,Grab/Isco,Stream,From Meghan's Major_ion_chemistry_data file,,-0.011174769,0.010681558,0.000992574,0.005772425,0.050141781,0.139908198,,0.25832222,0.232409407,0.022207278,1.856252057,,0.2990488,,,,,,,,,,,,,,,15,,,,0.5230628,0.55302,,,,,,,,,,,,,,2018-02-21 12:00:00
RI19-0309,Wade,3/31/2019,12:00,Grab/Isco,Stream,From Meghan's Major_ion_chemistry_data file,,0.005645602,0.005565937,0.000136159,-0.001859282,0.528801355,0.113654201,,0.262359941,0.149294979,0.036908933,2.046125965,,0.3015116,,,,,,,,,,,,,,,38,,,,0.2413379,0.5889785,,,,,,,,,,,,,,2019-03-31 12:00:00
RI18-0097,Wade,2/22/2018,13:30,Grab/Isco,Stream,From Meghan's Major_ion_chemistry_data file,,0.117107338,0.010381071,0.001162637,0.005323385,0.137126313,0.09453177,,0.279433555,0.244212071,0.036159545,1.96025486,,0.318532,,,,,,,,,,,,,,,16,,,,0.4638476,0.6001688,,,,,,,,,,,,,,2018-02-22 13:30:00
RI18-0131,Wade,3/30/2018,13:00,Grab/Isco,Stream,From Meghan's Major_ion_chemistry_data file,,-0.009918718,0.010286215,0.001695714,0.00540245,0.078343904,0.133232343,,0.313289671,0.326403298,0.019058454,2.231643269,,0.3380152,,,,,,,,,,,,,,,21,,,,0.3158096,0.6237432,,,,,,,,,,,,,,2018-03-30 13:00:00
RI18-0084F,Wade,2/20/2018,22:00,Grab/Isco,Stream,From Meghan's Major_ion_chemistry_data file,,-0.0114768,0.006286999,0.004003242,0.011509227,0.140077588,0.165104833,,0.369337445,0.434420505,-0.000454747,2.419208537,,0.5588248,,,,,,,,,,,,,,,13,,,,0.3306134,0.6532112,,,,,,,,,,,,,,2018-02-20 22:00:00
RI18-0085F,Wade,2/21/2018,0:00,Grab/Isco,Stream,From Meghan's Major_ion_chemistry_data file,,-0.008978834,0.009012866,0.002637654,0.011664433,0.119406261,0.182058633,,0.374007149,0.476485874,0.005636916,2.459069447,,0.4516672,,,,,,,,,,,,,,,14,,,,0.4450064,0.656158,,,,,,,,,,,,,,2018-02-21 00:00:00
,Wade,5/7/2019,10:45,Grab/Isco,Stream,From Meghan's Major_ion_chemistry_data file,,0.009126318,0.002104577,-0.0000554809,0.000751444,0.348099899,0.135119964,,0.374953507,0.27527917,0.04160049,2.314808494,,0.2484136,,,,,,,,,,,,,,,44,,,,0.24351,0.6583149,,,,,,,,,,,,,,2019-05-07 10:45:00
RI18-0136,Wade,3/30/2018,23:00,Grab/Isco,Stream,From Meghan's Major_ion_chemistry_data file,,-0.010161795,0.010633897,0.001453501,0.003382099,0.15244589,0.11109564,,0.332136712,0.306012862,0.016879397,2.30096714,,0.3250264,,,,,,,,,,,,,,,22,,,,0.3386882,0.7401418,,,,,,,,,,,,,,2018-03-30 23:00:00
,Wade,4/2/2019,13:45,Grab/Isco,Stream,From Meghan's Major_ion_chemistry_data file,,0.002623483,0.001992517,0.000187255,0.00081756,0.997434232,0.10015459,,0.411322855,0.268566551,0.017196571,2.904110906,,0.3121312,,,,,,,,,,,,,,,40,,,,0.2826078,0.7573669,,,,,,,,,,,,,,2019-04-02 13:45:00
NN18-0003,Wade,5/8/2018,10:45,Grab/Isco,Stream,From Meghan's Major_ion_chemistry_data file,,-0.049670696,0.001752447,-0.000520867,0.011263943,0.391374141,0.131185652,,0.36403911,0.420250401,-0.00508411,2.395177088,,0.2962018,,,,,,,,,,,,,,,2,,,,0.2391658,0.7598432,,,,,,,,,,,,,,2018-05-08 10:45:00
RI18-0153,Wade,4/4/2018,12:00,Grab/Isco,Stream,From Meghan's Major_ion_chemistry_data file,,-0.003130631,0.006973556,0.001530175,0.003005762,0.631453238,0.113602398,,0.360817763,0.368521251,0.019207855,2.51756122,,0.4256896,,,,,,,,,,,,,,,28,,,,0.2081456,0.7858172,,,,,,,,,,,,,,2018-04-04 12:00:00
NN18-0001,Wade,4/23/2018,17:45,Grab/Isco,Stream,From Meghan's Major_ion_chemistry_data file,,-0.0735126,0.001850461,0.000494016,0.008641063,0.792894292,0.125988111,,0.363277628,0.45413967,-0.026573265,2.668826058,,0.2855822,,,,,,,,,,,,,,,1,,,,0.1805191,0.8167981,,,,,,,,,,,,,,2018-04-23 17:45:00
,Wade,10/22/2019,11:00,Grab/Isco,Stream,From Meghan's Major_ion_chemistry_data file,,0.022054275,0.00329607,0.000317275,0.014392186,1.271105568,0.20193061,,0.540360138,0.389760982,0.018883363,3.413409797,,0.4289468,,,,,,,,,,,,,,,60,,,,0.0349884,0.8440374,,,,,,,,,,,,,,2019-10-22 11:00:00
RI18-0138,Wade,3/31/2018,13:00,Grab/Isco,Stream,From Meghan's Major_ion_chemistry_data file,,0.003196551,0.007444262,0.001464551,0.004910976,0.230154561,0.085904359,,0.39015114,0.369047386,0.0198586,2.637854977,,0.3477568,,,,,,,,,,,,,,,23,,,,0.3279218,0.855067,,,,,,,,,,,,,,2018-03-31 13:00:00
RI19-0347,Wade,4/14/2019,10:56,Grab/Isco,Stream,From Meghan's Major_ion_chemistry_data file,,0.00286738,0.003278711,0.000055106,0.000261697,0.330143848,0.11071673,,0.31807363,0.231353538,0.037153964,2.106722796,,0.3546096,,,,,,,,,,,,,,,41,,,,0.4411711,0.8588952,,,,,,,,,,,,,,2019-04-14 10:56:00
,Wade,10/9/2019,11:30,Grab/Isco,Stream,From Meghan's Major_ion_chemistry_data file,,0.008924005,0.004624161,0.000118073,0.006325754,1.612716647,0.157263507,,0.500945825,0.355551937,0.013960029,3.411143593,,0.3546096,,,,,,,,,,,,,,,58,,,,0.048021,0.8688004,,,,,,,,,,,,,,2019-10-09 11:30:00
RI18-0124,Wade,3/29/2018,23:00,Grab/Isco,Stream,From Meghan's Major_ion_chemistry_data file,,-0.010864385,0.004848135,0.001359396,0.004798273,1.235355928,0.123640524,,0.452620433,0.425051702,0.001708,3.185081723,,0.3964648,,,,,,,,,,,,,,,20,,,,0.2216036,0.8874818,,,,,,,,,,,,,,2018-03-29 23:00:00
,Wade,6/5/2019,10:49,Grab/Isco,Stream,From Meghan's Major_ion_chemistry_data file,,0.003975713,0.001908592,0.000205677,0.034837795,1.343949876,0.164987233,,0.521833696,0.467402632,0.006830317,3.492885559,,0.34399,,,,,,,,,,,,,,,46,,,,0.0849467,0.8935634,,,,,,,,,,,,,,2019-06-05 10:49:00
RI18-0140,Wade,3/31/2018,17:00,Grab/Isco,Stream,From Meghan's Major_ion_chemistry_data file,,0.093129205,0.043672182,0.001876635,0.004218463,0.452058194,0.110740472,,0.415304387,0.391694256,0.018452844,2.893126517,,0.4386784,,,,,,,,,,,,,,,24,,,,0.3359966,0.9051626,,,,,,,,,,,,,,2018-03-31 17:00:00
,Wade,4/25/2019,11:45,Grab/Isco,Stream,From Meghan's Major_ion_chemistry_data file,,0.004041275,0.002164322,0.000643766,0.002462624,0.266093562,0.111415674,,0.320116156,0.252296056,0.041216189,2.081338325,,0.3811586,,,,,,,,,,,,,,,43,,,,0.4281385,0.9282316,,,,,,,,,,,,,,2019-04-25 11:45:00
,Wade,6/13/2019,11:00,Grab/Isco,Stream,From Meghan's Major_ion_chemistry_data file,,0.005671269,0.001509321,0.001521553,0.010143066,1.371201428,0.178967245,,0.551797583,0.484039083,0.007800956,3.66755148,,0.3492998,,,,,,,,,,,,,,,47,,,,0.1023235,0.948042,,,,,,,,,,,,,,2019-06-13 11:00:00
RI18-0067F,Wade,2/20/2018,12:00,Grab/Isco,Stream,From Meghan's Major_ion_chemistry_data file,,-0.018730556,0.004528083,0.001476657,0.003804277,1.530454451,0.152019924,,0.515052865,0.55004888,-0.004796194,3.583763716,,0.4094536,,,,,,,,,,,,,,,12,,,,0.2444822,0.972939,,,,,,,,,,,,,,2018-02-20 12:00:00
RI19-0297,Wade,3/30/2019,12:00,Grab/Isco,Stream,From Meghan's Major_ion_chemistry_data file,,0.000514801,0.002946756,0.002714961,0.003999249,1.131992215,0.123071261,,0.477729569,0.385223436,0.005915626,3.382751791,,0.5457624,,,,,,,,,,,,,,,36,,,,0.1870354,0.9802339,,,,,,,,,,,,,,2019-03-30 12:00:00
RI18-0147,Wade,4/4/2018,0:00,Grab/Isco,Stream,From Meghan's Major_ion_chemistry_data file,,-0.014741536,0.0278169,0.001216609,0.001499369,1.232658978,0.100288456,,0.468866006,0.452693822,0.001680921,3.14079382,,0.44842,,,,,,,,,,,,,,,27,,,,0.2713982,1.0127208,,,,,,,,,,,,,,2018-04-04 00:00:00
RI19-0379,Wade,4/1/2019,10:34,Grab/Isco,Stream,From Meghan's Major_ion_chemistry_data file,,0.006114886,0.00219466,0.0000604568,0.00286552,0.39985473,0.109447271,,0.362999448,0.229440326,0.029625185,2.530383371,,0.4130174,,,,,,,,,,,,,,,39,,,,0.4542037,1.0347125,,,,,,,,,,,,,,2019-04-01 10:34:00
RI19-0278,Wade,3/28/2019,22:00,Grab/Isco,Stream,From Meghan's Major_ion_chemistry_data file,,0.005193946,0.001991431,0.000645748,0.000281703,1.447014793,-0.000369285,,0.517629395,0.297672113,0.004328214,3.49204696,,0.3333704,,,,,,,,,,,,,,,32,,,,0.1957238,1.047094,,,,,,,,,,,,,,2019-03-28 22:00:00
RI18-0146,Wade,4/3/2018,22:00,Grab/Isco,Stream,From Meghan's Major_ion_chemistry_data file,,-0.01319177,0.00649653,0.001545496,0.004497392,0.823264975,0.091197302,,0.470555457,0.458023036,0.003751618,3.158756219,,0.4191952,,,,,,,,,,,,,,,26,,,,0.2512112,1.0495558,,,,,,,,,,,,,,2018-04-03 22:00:00
,Wade,9/11/2019,11:15,Grab/Isco,Stream,From Meghan's Major_ion_chemistry_data file,,0.013732269,0.002286141,-0.000233667,0.025948145,1.920052165,0.187022408,,0.734833104,0.535260597,0.003431619,4.961348816,,0.4023978,,,,,,,,,,,,,,,55,,,,0.1088398,1.0545229,,,,,,,,,,,,,,2019-09-11 11:15:00
RI18-0141,Wade,4/3/2018,12:00,Grab/Isco,Stream,From Meghan's Major_ion_chemistry_data file,,-0.017535831,0.003919728,0.00190361,0.013981954,1.27387934,0.129832881,,0.482473829,0.482016422,-0.001203295,3.185669542,,0.4029592,,,,,,,,,,,,,,,25,,,,0.2983142,1.0628164,,,,,,,,,,,,,,2018-04-03 12:00:00
RI19-0302,Wade,3/30/2019,22:00,Grab/Isco,Stream,From Meghan's Major_ion_chemistry_data file,,0.006128349,0.003678121,0.001054007,-0.001549823,0.46396661,0.108392911,,0.341932148,0.205200967,0.015046937,2.669524774,,0.4979742,,,,,,,,,,,,,,,37,,,,0.2760915,1.0669044,,,,,,,,,,,,,,2019-03-30 22:00:00
NN18-0035,Wade,10/25/2018,13:32,Grab/Isco,Stream,From Meghan's Major_ion_chemistry_data file,,-0.075418146,0.001698965,-0.001199945,0.004927664,1.478914891,0.1719358,,0.640884312,0.78262473,-0.034387286,4.336402954,,0.4661154,,,,,,,,,,,,,,,9,,,,0.048021,1.0743333,,,,,,,,,,,,,,2018-10-25 13:32:00
RI18-0159,Wade,4/5/2018,11:00,Grab/Isco,Stream,From Meghan's Major_ion_chemistry_data file,,-0.009668998,0.003298461,0.001368647,0.002684683,0.942806862,0.074086632,,0.406820094,0.379820809,0.020709412,2.576086782,,0.450186,,,,,,,,,,,,,,,29,,,,0.438999,1.1139541,,,,,,,,,,,,,,2018-04-05 11:00:00
RI18-0119,Wade,3/29/2018,13:00,Grab/Isco,Stream,From Meghan's Major_ion_chemistry_data file,,-0.018517667,0.00298332,0.001301945,0.004463592,1.444572718,0.12078241,,0.558577723,0.538867123,-0.002328873,3.768201233,,0.4029592,,,,,,,,,,,,,,,19,,,,0.2283326,1.1188056,,,,,,,,,,,,,,2018-03-29 13:00:00
,Wade,7/16/2019,11:00,Grab/Isco,Stream,From Meghan's Major_ion_chemistry_data file,,-0.006821904,0.003747689,0.000269574,0.039091545,2.257571302,0.198596605,,0.800437731,0.671640552,-0.00401288,5.425153862,,0.4873546,,,,,,,,,,,,,,,50,,,,0.2348216,1.1387171,,,,,,,,,,,,,,2019-07-16 11:00:00
,Wade,11/21/2019,12:15,Grab/Isco,Stream,From Meghan's Major_ion_chemistry_data file,,0.00549887,0.002709785,-0.00031913,0.002701364,1.60057847,0.123359969,,0.551853233,0.440401725,0.005311368,3.64824363,,0.41,,,,,,,,,,,,,,,62,,,,0.17,1.15,,,,,,,,,,,,,,2019-11-21 12:15:00
RI19-0273,Wade,3/28/2019,12:00,Grab/Isco,Stream,From Meghan's Major_ion_chemistry_data file,,-0.003802145,0.001584794,0.000916959,0.005540668,1.496559121,0.01991722,,0.573602368,0.373667753,-0.001456625,3.772884865,,0.3864684,,,,,,,,,,,,,,,33,,,,0.200068,1.1560512,,,,,,,,,,,,,,2019-03-28 12:00:00
RI18-0112,Wade,3/28/2018,23:00,Grab/Isco,Stream,From Meghan's Major_ion_chemistry_data file,,-0.016034981,0.008566479,0.000934573,0.003512528,1.662713792,0.128621975,,0.56631095,0.523453155,-0.006176675,3.819145374,,0.3769816,,,,,,,,,,,,,,,18,,,,0.2229494,1.1615342,,,,,,,,,,,,,,2018-03-28 23:00:00
RI19-0017,Wade,1/23/2019,20:00,Grab/Isco,Stream,From Meghan's Major_ion_chemistry_data file,,0.119965577,0.005746426,0.001249515,0.008290083,1.847744447,0.035706502,,0.64365762,0.605713412,0.011388849,4.05272883,,0.3758488,,,,,,,,,,,,,,,30,,,,0.2109285,1.1733853,,,,,,,,,,,,,,2019-01-23 20:00:00
RI18-0108,Wade,3/28/2018,15:00,Grab/Isco,Stream,From Meghan's Major_ion_chemistry_data file,,-0.018016996,0.003093378,0.001225109,0.00685224,1.738157431,0.145264903,,0.589551373,0.565630782,-0.006376716,3.91690482,,0.351004,,,,,,,,,,,,,,,17,,,,0.2337158,1.186582,,,,,,,,,,,,,,2018-03-28 15:00:00
,Wade,10/17/2019,12:15,Grab/Isco,Stream,From Meghan's Major_ion_chemistry_data file,,0.051755818,0.016345354,0.001175521,0.007003858,0.928745071,0.466860974,,0.574821542,0.404885494,0.035953108,3.636231639,,1.0130248,,,,,,,,,,,,,,,59,,,,<0.03,1.1907194,,,,,,,,,,,,,,2019-10-17 12:15:00
,Wade,11/6/2019,16:45,Grab/Isco,Stream,From Meghan's Major_ion_chemistry_data file,,0.012189884,0.003069774,-0.000131216,0.005720427,0.905114966,0.132567408,,0.438797203,0.316806342,0.021499728,2.883529919,,0.5139036,,,,,,,,,,,,,,,61,,,,0.0936351,1.2179587,,,,,,,,,,,,,,2019-11-06 16:45:00
,Wade,4/17/2019,11:00,Grab/Isco,Stream,From Meghan's Major_ion_chemistry_data file,,0.000588415,0.002255566,0.000601637,0.002782162,0.530441896,0.113304022,,0.376937599,0.301846926,0.02362778,2.528318963,,0.5457624,,,,,,,,,,,,,,,42,,,,0.4780968,1.220435,,,,,,,,,,,,,,2019-04-17 11:00:00
,Wade,5/22/2019,10:15,Grab/Isco,Stream,From Meghan's Major_ion_chemistry_data file,,0.005359743,0.001842093,-0.000230401,0.001929215,0.823727384,0.119106008,,0.404359854,0.345859411,0.020723809,2.761634446,,0.4608056,,,,,,,,,,,,,,,45,,,,0.1718307,1.245198,,,,,,,,,,,,,,2019-05-22 10:15:00
NN19-0036,Wade,7/24/2019,11:32,Grab/Isco,Stream,From Meghan's Major_ion_chemistry_data file,,-0.007990314,0.0032929,-0.000195554,-0.001800149,2.451036405,0.203012116,,0.870525228,0.757992267,-0.005970491,5.861258505,,0.4023978,,,,,,,,,,,,,,,51,,,,0.3130172,1.2798662,,,,,,,,,,,,,,2019-07-24 11:32:00
,Wade,7/31/2019,11:45,Grab/Isco,Stream,From Meghan's Major_ion_chemistry_data file,,-0.008776079,0.004013047,-0.00024922,0.011399725,2.421114359,0.212155185,,0.873228252,0.764099464,-0.005300325,6.043226049,,0.4608056,,,,,,,,,,,,,,,52,,,,0.2587147,1.3021529,,,,,,,,,,,,,,2019-07-31 11:45:00
NN18-0021,Wade,9/6/2018,16:23,Grab/Isco,Stream,From Meghan's Major_ion_chemistry_data file,,-0.006670042,0.001414416,0.002607988,0.003365747,1.892383302,0.160448969,,0.767982093,0.632097029,0.00035156,4.705615433,,0.4820448,,,,,,,,,,,,,,,11,,,,0.1826912,1.3714893,,,,,,,,,,,,,,2018-09-06 16:23:00
RI19-0290,Wade,3/29/2019,22:00,Grab/Isco,Stream,From Meghan's Major_ion_chemistry_data file,,0.012218713,0.004279567,0.001806923,0.114902503,1.122391912,-0.057850356,,0.38915162,-0.300222801,0.009191009,3.360758058,,0.5139036,,,,,,,,,,,,,,,35,,,,0.286952,1.3838708,,,,,,,,,,,,,,2019-03-29 22:00:00
RI19-0285,Wade,3/29/2019,11:00,Grab/Isco,Stream,From Meghan's Major_ion_chemistry_data file,,0.000844093,0.002605963,0.00042942,-0.00128213,1.157640898,-0.004802645,,0.478537095,0.261613595,0.003181778,3.354459298,,0.4820448,,,,,,,,,,,,,,,34,,,,0.2826078,1.3863471,,,,,,,,,,,,,,2019-03-29 11:00:00
NN18-0027,Wade,9/19/2018,12:30,Grab/Isco,Stream,From Meghan's Major_ion_chemistry_data file,,-0.068474766,0.008030844,-0.000728329,0.020604587,2.292649262,0.171111248,,0.848968399,0.892870096,-0.024329975,5.824206081,,0.3492998,,,,,,,,,,,,,,,6,,,,0.1848633,1.3987286,,,,,,,,,,,,,,2018-09-19 12:30:00
NN18-0040,Wade,11/8/2018,13:19,Grab/Isco,Stream,From Meghan's Major_ion_chemistry_data file,,-0.067713783,0.002545985,0.005158634,0.034068127,1.109603067,0.157384356,,0.534175535,0.918895602,-0.01713497,3.418101496,,1.4537382,,,,,,,,,,,,,,,10,,,,0.1110119,1.4111101,,,,,,,,,,,,,,2018-11-08 13:19:00
,Wade,8/28/2019,17:15,Grab/Isco,Stream,From Meghan's Major_ion_chemistry_data file,,-0.004514546,0.00518232,-0.000362831,0.011535812,2.217475837,0.187787253,,0.954156026,0.750233375,-0.002296659,6.428439949,,0.4130174,,,,,,,,,,,,,,,54,,,,0.2587147,1.4606361,,,,,,,,,,,,,,2019-08-28 17:15:00
,Wade,6/26/2019,1:15,Grab/Isco,Stream,From Meghan's Major_ion_chemistry_data file,,0.007118511,0.00159557,-0.0000370564,-0.000135975,1.852485542,0.177369649,,0.598796717,0.522032465,0.002867512,4.234859816,,0.4448762,,,,,,,,,,,,,,,49,,,,0.1892075,1.4606361,,,,,,,,,,,,,,2019-06-26 01:15:00
NN18-0029,Wade,9/27/2018,13:08,Grab/Isco,Stream,From Meghan's Major_ion_chemistry_data file,,-0.061083639,0.001769862,-0.0000105811,0.011534544,0.919723693,0.154719646,,0.530948761,0.718713673,-0.025995947,3.559558731,,0.4130174,,,,,,,,,,,,,,,7,,,,0.1283887,1.4655887,,,,,,,,,,,,,,2018-09-27 13:08:00
,Wade,8/13/2019,9:00,Grab/Isco,Stream,From Meghan's Major_ion_chemistry_data file,,0.011217648,0.001842549,0.000455764,0.015259866,1.607997657,0.20908824,,0.746928118,0.580448128,0.000910697,5.040050387,,0.6200996,,,,,,,,,,,,,,,53,,,,0.2109285,1.468065,,,,,,,,,,,,,,2019-08-13 09:00:00
NN18-0032,Wade,10/10/2018,12:30,Grab/Isco,Stream,From Meghan's Major_ion_chemistry_data file,,-0.072954216,0.003123258,-0.001262463,0.013328031,1.708636552,0.212969714,,0.627100086,0.743622061,-0.031211686,4.557535049,,0.423637,,,,,,,,,,,,,,,8,,,,<0.03,1.5745459,,,,,,,,,,,,,,2018-10-10 12:30:00
,Wade,3/18/2019,11:55,Grab/Isco,Stream,From Meghan's Major_ion_chemistry_data file,,0.000387496,0.001766278,0.000676191,-0.00132811,1.4656789,-0.002467229,,0.492935006,0.316054003,0.003487865,3.253149869,,0.5192134,,,,,,,,,,,,,,,31,,,,0.4129338,1.6711216,,,,,,,,,,,,,,2019-03-18 11:55:00
NN18-0017,Wade,8/23/2018,11:30,Grab/Isco,Stream,From Meghan's Major_ion_chemistry_data file,,0.115944525,0.001578424,0.017423351,0.005584073,2.132491979,0.175882773,,0.788146159,0.808203615,0.112647643,5.258177884,,0.3811586,,,,,,,,,,,,,,,4,,,,0.2348216,1.6760742,,,,,,,,,,,,,,2018-08-23 11:30:00
,Wade,6/19/2019,10:15,Grab/Isco,Stream,From Meghan's Major_ion_chemistry_data file,,-0.003418163,0.001555106,0.000747633,0.023533175,1.759352505,0.188527897,,0.643077774,0.572900265,0.001319135,4.290354144,,0.4289468,,,,,,,,,,,,,,,48,,,,0.1805191,1.6810268,,,,,,,,,,,,,,2019-06-19 10:15:00
,Wade,9/24/2019,15:15,Grab/Isco,Stream,From Meghan's Major_ion_chemistry_data file,,-0.003867384,0.002204786,-0.000365257,0.003806862,2.389385064,0.21062275,,0.885298997,0.691839439,-0.003579858,5.791512432,,0.5988604,,,,,,,,,,,,,,,56,,,,0.1696586,1.7800788,,,,,,,,,,,,,,2019-09-24 15:15:00
NN18-0022,Wade,9/12/2018,11:39,Grab/Isco,Stream,From Meghan's Major_ion_chemistry_data file,,-0.080092246,0.002001843,-0.000607408,0.014378665,1.705011936,0.114111725,,0.578874589,0.624531237,-0.039746273,5.214251294,,0.34399,,,,,,,,,,,,,,,5,,,,0.1631423,2.0054221,,,,,,,,,,,,,,2018-09-12 11:39:00
NN18-0015,Wade,8/7/2018,11:15,Grab/Isco,Stream,From Meghan's Major_ion_chemistry_data file,,-0.08574042,-0.000126063,-0.000467897,0.00847322,2.342228941,0.186284125,,0.822535026,0.852821486,-0.040377998,5.683719345,,0.503284,,,,,,,,,,,,,,,3,,,,0.3846965,2.1168556,,,,,,,,,,,,,,2018-08-07 11:15:00
NN18-0020,Hungerford,9/6/2018,11:10,Grab/Isco,Stream,From Meghan's Major_ion_chemistry_data file,,-0.062728065,0.017719709,-0.00108396,0.003407551,0.507570938,1.187583691,,2.076866235,4.793556974,-0.03416288,8.813969849,,7.9594665,,,,,,,,,,,,,,,1,,,,0.1221,1.4066,,,,,,,,,,,,,,2018-09-06 11:10:00
RI18-0072F,Hungerford,2/20/2018,22:30,Grab/Isco,Stream,From Meghan's Major_ion_chemistry_data file,,0.024816521,0.014000002,0.002666019,0.00216421,0.974385516,3.461685351,,2.333291841,6.48566099,-0.017712558,14.44492667,,10.9867083,,,,,,,,,,,,,,,2,,,,0.8026,1.4366,,,,,,,,,,,,,,2018-02-20 22:30:00
NN18-0031,Hungerford,10/3/2018,10:00,Grab/Isco,Stream,From Meghan's Major_ion_chemistry_data file,,-0.063490266,0.016401015,-0.000871798,0.003491898,1.658793117,3.044233005,,4.238819708,6.93513142,-0.047415226,11.75928438,,7.978109,,,,,,,,,,,,,,,3,,,,n.a.,1.4464,,,,,,,,,,,,,,2018-10-03 10:00:00
NN18-0023,Hungerford,9/12/2018,15:42,Grab/Isco,Stream,From Meghan's Major_ion_chemistry_data file,,-0.027509049,0.010867364,0.00269197,0.013142885,0.577356,1.115682314,,1.934016807,4.81983629,-0.002311218,7.962782812,,9.350197,,,,,,,,,,,,,,,4,,,,0.093755357,1.6685,,,,,,,,,,,,,,2018-09-12 15:42:00
RI18-0073F,Hungerford,2/21/2018,0:30,Grab/Isco,Stream,From Meghan's Major_ion_chemistry_data file,,0.044633229,0.035048983,0.001445835,0.001144133,1.28644558,2.855527224,,2.225757332,5.516774676,-0.015660803,15.50006701,,10.7414412,,,,,,,,,,,,,,,5,,,,0.7965,1.7083,,,,,,,,,,,,,,2018-02-21 00:30:00
RI18-0069F,Hungerford,2/20/2018,16:30,Grab/Isco,Stream,From Meghan's Major_ion_chemistry_data file,,0.053665878,0.018512597,0.003143468,0.007375531,1.410215147,5.299511602,,2.891621721,8.606854624,-0.013296566,15.2346775,,16.0870062,,,,,,,,,,,,,,,6,,,,0.9239,1.795,,,,,,,,,,,,,,2018-02-20 16:30:00
NN18-0016,Hungerford,8/7/2018,17:03,Grab/Isco,Stream,From Meghan's Major_ion_chemistry_data file,,-0.058600219,0.04013206,0.001945152,0.002149723,0.500773208,1.504050748,,2.657612243,5.81647314,-0.027947327,10.85878867,,9.805074,,,,,,,,,,,,,,,7,,,,0.1472,1.8693,,,,,,,,,,,,,,2018-08-07 17:03:00
RI19-0234,Hungerford,3/29/2019,13:00,Grab/Isco,Stream,From Meghan's Major_ion_chemistry_data file,,0.048526795,0.037882285,0.00228393,0.008127063,1.691089451,4.585622455,,2.974317702,9.048146107,0.001930442,17.44031355,,17.99238426,,,,,,,,,,,,,,,8,,,,1.3462,2.0148,0.3135,,,,,,,,,,,,,2019-03-29 13:00:00
NN18-0033,Hungerford,10/16/2018,13:01,Grab/Isco,Stream,From Meghan's Major_ion_chemistry_data file,,-0.04389762,0.010903773,-0.000327592,0.003702245,2.866645922,5.272858393,,8.314344251,24.04065545,-0.038264336,27.5135467,,10.3755345,,,,,,,,,,,,,,,9,,,,n.a.,2.0242,,,,,,,,,,,,,,2018-10-16 13:01:00
RI19-0241,Hungerford,3/30/2019,1:00,Grab/Isco,Stream,From Meghan's Major_ion_chemistry_data file,,0.059448955,0.029271003,0.002235157,0.004583694,1.719849723,3.888965424,,2.863310343,7.901840365,0.01179461,17.49546318,,15.35527654,,,,,,,,,,,,,,,10,,,,1.3654,2.1277,,,,,,,,,,,,,,2019-03-30 01:00:00
RI19-0015,Hungerford,1/24/2019,22:00,Grab/Isco,Stream,From Meghan's Major_ion_chemistry_data file,,0.030682896,0.03275683,0.001169655,0.002057106,0.999600574,2.588209726,,2.112169939,8.196077252,-0.005891535,14.00667195,,15.88890142,,,,,,,,,,,,,,,11,,,,1.3473,2.2026,,,,,,,,,,,,,,2019-01-24 22:00:00
RI18-0079F,Hungerford,2/21/2018,12:30,Grab/Isco,Stream,From Meghan's Major_ion_chemistry_data file,,0.022422522,0.044585551,0.00097117,-0.0000874535,1.635656088,2.774639786,,3.065249672,7.116754956,-0.018125504,16.75431316,,14.0682693,,,,,,,,,,,,,,,12,,,,1.2715,2.6693,,,,,,,,,,,,,,2018-02-21 12:30:00
RI18-0188,Hungerford,3/30/2018,12:30,Grab/Isco,Stream,From Meghan's Major_ion_chemistry_data file,,0.06991357,0.040141503,0.00759196,0.002363017,1.97436998,3.472901454,,3.819655196,9.339915063,0.022844443,19.50978726,,16.3385622,,,,,,,,,,,,,,,13,,,,3.0724,2.6785,,,,,,,,,,,,,,2018-03-30 12:30:00
RI18-0165,Hungerford,4/5/2018,12:00,Grab/Isco,Stream,From Meghan's Major_ion_chemistry_data file,,0.015028879,0.01838521,-0.000525759,-0.002122505,2.400455232,1.284924367,,3.571855629,7.868982722,-0.015948476,12.51830382,,15.06574774,,,,,,,,,,,,,,,14,,,,1.4458,2.7899,,,,,,,,,,,,,,2018-04-05 12:00:00
RI19-0373,Hungerford,4/1/2019,14:31,Grab/Isco,Stream,From Meghan's Major_ion_chemistry_data file,,0.033365144,0.018248672,0.0000784746,0.001514341,2.207026608,1.531915372,,3.140556781,8.956954796,-0.005592991,19.44219347,,18.39537437,,,,,,,,,,,,,,,15,,,,1.306,2.8541,,,,,,,,,,,,,,2019-04-01 14:31:00
RI19-0016,Hungerford,1/25/2019,13:00,Grab/Isco,Stream,From Meghan's Major_ion_chemistry_data file,,0.042770447,0.020907355,0.001098443,0.002226118,1.422170835,2.412074496,,2.791400269,12.84626172,0.002986826,17.14265574,,25.19113961,,,,,,,,,,,,,,,16,,,,1.6657,2.9,,,,,,,,,,,,,,2019-01-25 13:00:00
RI18-0103,Hungerford,2/22/2018,0:30,Grab/Isco,Stream,From Meghan's Major_ion_chemistry_data file,,0.019203364,0.031105115,0.000992591,-0.000486234,1.873736618,2.611678313,,3.66194843,8.168168345,-0.020050263,20.79868957,,14.150025,,,,,,,,,,,,,,,17,,,,1.6016,2.9596,,,,,,,,,,,,,,2018-02-22 00:30:00
,Hungerford,7/30/2019,11:15,Grab/Isco,Stream,From Meghan's Major_ion_chemistry_data file,,0.030237342,0.153064765,0.000658208,0.020559132,0.210654827,2.783454658,,5.305743556,12.90094255,-0.011978932,24.69236346,,22.37621094,,,,,,,,,,,,,,,18,,,,0.1883,2.975,,,,,,,,,,,,,,2019-07-30 11:15:00
RI-0194,Hungerford,3/31/2018,0:30,Grab/Isco,Stream,From Meghan's Major_ion_chemistry_data file,,0.022364451,0.015440342,0.003803627,0.002020101,2.176970245,2.410513256,,4.370630615,9.841094805,-0.008746402,23.15484047,,17.2881861,,,,,,,,,,,,,,,19,,,,2.9203,3.2545,,,,,,,,,,,,,,2018-03-31 00:30:00
,Hungerford,9/23/2019,12:15,Grab/Isco,Stream,From Meghan's Major_ion_chemistry_data file,,0.019100164,0.035060284,0.000210416,0.01016483,0.897887322,2.205398241,,4.490136855,11.41092246,-0.013977191,25.95113962,,20.44916398,,,,,,,,,,,,,,,20,,,,0.1953,3.3119,,,,,,,,,,,,,,2019-09-23 12:15:00
RI18-0163,Hungerford,4/4/2018,23:00,Grab/Isco,Stream,From Meghan's Major_ion_chemistry_data file,,0.002165747,0.009358229,0.010319736,-0.001613121,2.204350239,2.245725804,,4.35816659,11.12741459,-0.020851919,18.43878226,,20.53248106,,,,,,,,,,,,,,,21,,,,1.5043,3.5254,,,,,,,,,,,,,,2018-04-04 23:00:00
RI18-0164,Hungerford,4/5/2018,1:00,Grab/Isco,Stream,From Meghan's Major_ion_chemistry_data file,,0.009452725,0.010085755,-0.000290244,-0.002265089,2.392091404,2.241471843,,4.626407936,11.6291474,-0.017512968,13.97045014,,21.03522838,,,,,,,,,,,,,,,22,,,,1.6586,3.6622,,,,,,,,,,,,,,2018-04-05 01:00:00
RI18-0181,Hungerford,3/29/2018,22:30,Grab/Isco,Stream,From Meghan's Major_ion_chemistry_data file,,0.02578838,0.017708375,0.001345533,-0.001946709,2.030218072,3.78927873,,4.806696799,10.47294554,0.01700671,21.84657572,,17.8856316,,,,,,,,,,,,,,,23,,,,2.932,3.6627,,,,,,,,,,,,,,2018-03-29 22:30:00
RI18-0182,Hungerford,3/30/2018,0:30,Grab/Isco,Stream,From Meghan's Major_ion_chemistry_data file,,0.060063991,0.026206248,0.004497122,0.000954264,1.792679944,4.101164927,,4.854772557,10.27050569,0.037187636,24.54011788,,17.0743635,,,,,,,,,,,,,,,24,,,,2.9906,3.6719,,,,,,,,,,,,,,2018-03-30 00:30:00
NN18-0039,Hungerford,10/30/2018,13:50,Grab/Isco,Stream,From Meghan's Major_ion_chemistry_data file,,-0.064266003,0.012076758,-0.000685862,0.002593583,2.836407243,5.931487731,,10.1352491,29.05168762,-0.056606561,30.90638384,,12.03924249,,,,,,,,,,,,,,,25,,,,0.2688,3.7675,,,,,,,,,,,,,,2018-10-30 13:50:00
RI18-0105,Hungerford,2/22/2018,15:30,Grab/Isco,Stream,From Meghan's Major_ion_chemistry_data file,,0.007917015,0.022649648,0.000224239,-0.0000768252,2.392545189,2.178530992,,4.81963237,10.29509021,-0.019675841,17.86339766,,19.5521901,,,,,,,,,,,,,,,26,,,,2.0396,3.9777,,,,,,,,,,,,,,2018-02-22 15:30:00
RI18-0200,Hungerford,3/31/2018,12:30,Grab/Isco,Stream,From Meghan's Major_ion_chemistry_data file,,-0.004284764,0.013442529,0.004720233,-0.001668249,2.328757027,2.110372365,,5.081537559,11.27789168,-0.025454931,17.36740013,,21.06849335,,,,,,,,,,,,,,,27,,,,3.128,3.9854,,,,,,,,,,,,,,2018-03-31 12:30:00
,Hungerford,3/18/2019,14:21,Grab/Isco,Stream,From Meghan's Major_ion_chemistry_data file,,0.051994886,0.032239405,0.000485034,0.003145668,2.541260099,2.018365736,,4.239013055,11.59065694,-0.001021117,20.53486037,,22.48217125,,,,,,,,,,,,,,,28,,,,0.9329,4.12,,,,,,,,,,,,,,2019-03-18 14:21:00
RI19-0228,Hungerford,3/29/2019,1:00,Grab/Isco,Stream,From Meghan's Major_ion_chemistry_data file,,0.155408433,0.031853637,0.001042193,0.001294088,2.528502266,4.124804698,,4.968047521,17.9114017,0.002025064,24.13376545,,38.19106486,,,,,,,,,,,,,,,29,,,,1.09,4.2009,,,,,,,,,,,,,,2019-03-29 01:00:00
,Hungerford,10/2/2019,0:00,Grab/Isco,Stream,From Meghan's Major_ion_chemistry_data file,,0.04175526,0.035197647,0.000781644,0.01267781,2.268542045,4.09941292,,6.713906735,14.85773984,-0.014865923,26.86966943,,27.2049542,,,,,,,,,,,,,,,30,,,,0.4136,4.21185,,,,,,,,,,,,,,2019-10-02 00:00:00
RI18-0213,Hungerford,4/4/2018,13:00,Grab/Isco,Stream,From Meghan's Major_ion_chemistry_data file,,0.004729573,0.015786367,0.004134092,-0.00005245,2.14061154,3.319158119,,5.798775817,13.85584604,-0.017650496,13.14679347,,25.2796995,,,,,,,,,,,,,,,31,,,,1.6613,4.3466,,,,,,,,,,,,,,2018-04-04 13:00:00
,Hungerford,4/14/2019,15:00,Grab/Isco,Stream,From Meghan's Major_ion_chemistry_data file,,0.047432582,0.018158011,0.0000875831,0.001721701,2.026301005,1.855151381,,4.768154008,12.25052747,-0.007559245,30.67666182,,25.50450156,,,,,,,,,,,,,,,32,,,,1.7921,4.4604,,,,,,,,,,,,,,2019-04-14 15:00:00
,Hungerford,5/22/2019,14:45,Grab/Isco,Stream,From Meghan's Major_ion_chemistry_data file,,0.028982887,0.010085146,-0.0000396011,0.030349163,2.018149117,1.930755149,,6.283883562,16.5200519,-0.008742982,19.31236782,,30.26080734,,,,,,,,,,,,,,,33,,,,2.8851,4.4958,,,,,,,,,,,,,,2019-05-22 14:45:00
,Hungerford,10/1/2019,20:35,Grab/Isco,Stream,From Meghan's Major_ion_chemistry_data file,,0.052019698,0.052776086,0.00030616,0.034791841,1.925310579,4.555241631,,7.103480541,17.06907987,-0.022485077,24.0190247,,31.86463864,,,,,,,,,,,,,,,34,,,,0.4214,4.5434,,,,,,,,,,,,,,2019-10-01 20:35:00
,Hungerford,5/7/2019,14:50,Grab/Isco,Stream,From Meghan's Major_ion_chemistry_data file,,0.148112406,0.024607302,-0.000000481016,0.001935888,1.860385547,1.922529126,,5.679038983,16.00622642,-0.005858342,19.13764702,,31.10078664,,,,,,,,,,,,,,,35,,,,2.0184,4.57965,,,,,,,,,,,,,,2019-05-07 14:50:00
RI19-0223,Hungerford,3/28/2019,15:00,Grab/Isco,Stream,From Meghan's Major_ion_chemistry_data file,,0.052305667,0.032334796,-0.000201834,0.014430261,2.735150818,2.080017255,,5.136502268,18.41095234,-0.009956431,17.57659067,,37.41517398,,,,,,,,,,,,,,,36,,,,1.0599,4.6064,,,,,,,,,,,,,,2019-03-28 15:00:00
RI18-0203,Hungerford,4/3/2018,17:00,Grab/Isco,Stream,From Meghan's Major_ion_chemistry_data file,,0.002757303,0.017742671,0.003999537,0.001166894,2.346630989,1.941256312,,5.93727726,14.02863676,-0.027966675,11.56952581,,27.31895954,,,,,,,,,,,,,,,37,,,,2.3428,4.6374,,,,,,,,,,,,,,2018-04-03 17:00:00
RI18-0206,Hungerford,4/3/2018,23:00,Grab/Isco,Stream,From Meghan's Major_ion_chemistry_data file,,0.004786156,0.016789539,0.00306295,-0.001902927,2.16350097,1.939179673,,6.014116153,14.05064826,-0.023686826,14.49389396,,26.68322652,,,,,,,,,,,,,,,38,,,,2.3092,4.646,,,,,,,,,,,,,,2018-04-03 23:00:00
RI18-0170,Hungerford,3/29/2018,0:30,Grab/Isco,Stream,From Meghan's Major_ion_chemistry_data file,,-0.003681299,0.022988572,0.000620093,-0.003842542,1.202414147,3.935308345,,6.36929711,13.8552704,-0.027501759,18.02524551,,24.4763988,,,,,,,,,,,,,,,39,,,,2.4784,4.6898,,,,,,,,,,,,,,2018-03-29 00:30:00
RI18-0178,Hungerford,3/29/2018,16:30,Grab/Isco,Stream,From Meghan's Major_ion_chemistry_data file,,-0.011685947,0.025026787,0.001753866,0.002493751,2.169200678,4.802002824,,6.312725005,13.51850746,-0.025260987,19.37392282,,23.1305742,,,,,,,,,,,,,,,40,,,,2.9095,4.7544,,,,,,,,,,,,,,2018-03-29 16:30:00
RI19-0227,Hungerford,3/28/2019,23:00,Grab/Isco,Stream,From Meghan's Major_ion_chemistry_data file,,0.040833751,0.030190026,0.000674858,0.002339631,2.485544983,3.205231406,,5.444059404,20.33275812,-0.008016344,17.64717674,,43.44235099,,,,,,,,,,,,,,,41,,,,1.1481,4.8403,,,,,,,,,,,,,,2019-03-28 23:00:00
,Hungerford,8/27/2019,11:30,Grab/Isco,Stream,From Meghan's Major_ion_chemistry_data file,,0.021482008,0.07818627,0.000068143,0.036013684,1.14005943,4.446868051,,8.850750906,22.0767228,-0.017749381,23.78800952,,33.13729285,,,,,,,,,,,,,,,42,,,,0.4894,4.8513,,,,,,,,,,,,,,2019-08-27 11:30:00
,Hungerford,6/26/2019,3:25,Grab/Isco,Stream,From Meghan's Major_ion_chemistry_data file,,0.032396494,0.030204716,-0.0000528782,0.002558563,0.72694692,2.500562096,,7.424865961,19.22477296,-0.019441456,30.98962442,,35.6177329,,,,,,,,,,,,,,,43,,,,1.0928,4.8928,,,,,,,,,,,,,,2019-06-26 03:25:00
,Hungerford,4/17/2019,14:00,Grab/Isco,Stream,From Meghan's Major_ion_chemistry_data file,,0.032298269,0.015544927,-0.000245615,0.00209131,2.200040823,2.170474916,,5.936713129,16.38658295,-0.012415681,30.01702472,,33.05398429,,,,,,,,,,,,,,,44,,,,2.4112,5.1698,,,,,,,,,,,,,,2019-04-17 14:00:00
,Hungerford,7/1/2019,11:00,Grab/Isco,Stream,From Meghan's Major_ion_chemistry_data file,,0.033758398,0.016981299,0.000998438,0.008232168,0.871478638,3.638802523,,9.607331174,26.28241486,-0.013985678,19.79351167,,47.72927306,,,,,,,,,,,,,,,45,,,,1.7205,5.1728,,,,,,,,,,,,,,2019-07-01 11:00:00
,Hungerford,6/19/2019,14:00,Grab/Isco,Stream,From Meghan's Major_ion_chemistry_data file,,0.028141776,0.018767103,-0.000232627,0.003766174,0.507359447,2.575634403,,8.116034294,22.72707823,-0.014765453,17.00518729,,43.18597582,,,,,,,,,,,,,,,46,,,,1.2355,5.2394,,,,,,,,,,,,,,2019-06-19 14:00:00
,Hungerford,4/23/2019,16:00,Grab/Isco,Stream,From Meghan's Major_ion_chemistry_data file,,0.051502402,0.028653931,-0.000197314,0.491061236,2.019708133,2.186860663,,6.056503124,16.83501346,-0.013512295,17.76962413,,34.75499238,,,,,,,,,,,,,,,47,,,,2.339,5.3033,,,,,,,,,,,,,,2019-04-23 16:00:00
,Hungerford,7/11/2019,15:15,Grab/Isco,Stream,From Meghan's Major_ion_chemistry_data file,,0.029504472,0.047659474,0.000941599,0.097694701,0.541948122,2.958493092,,8.428150267,22.98917414,-0.010196583,27.80606967,,41.77801131,,,,,,,,,,,,,,,48,,,,0.5458,5.3981,,,,,,,,,,,,,,2019-07-11 15:15:00
RI18-0106,Hungerford,3/28/2018,16:30,Grab/Isco,Stream,From Meghan's Major_ion_chemistry_data file,,-0.001111013,0.022613625,0.000513767,0.003184962,2.402823564,3.854768828,,7.919018057,18.73137025,-0.026873889,16.98849522,,35.5700184,,,,,,,,,,,,,,,49,,,,2.3405,6.0823,,,,,,,,,,,,,,2018-03-28 16:30:00
,Hungerford,9/10/2019,17:15,Grab/Isco,Stream,From Meghan's Major_ion_chemistry_data file,,0.023826627,0.033682027,0.000318699,0.009737141,1.867927338,3.300541802,,7.052612431,19.18083006,-0.018248402,21.09489243,,33.88282186,,,,,,,,,,,,,,,50,,,,0.8068,6.1202,,,,,,,,,,,,,,2019-09-10 17:15:00
,Hungerford,12/16/2019,11:15,Grab/Isco,Stream,From Meghan's Major_ion_chemistry_data file,,0.065450091,0.028089683,0.000414466,0.010127722,3.232756369,3.593505137,,7.408015661,16.36488249,-0.012591304,26.56577472,,28.37216741,,,,,,,,,,,,,,,51,,,,2.6132,6.1739,,,,,,,,,,,,,,2019-12-16 11:15:00
RI19-0114,Hungerford,3/13/2019,11:50,Grab/Isco,Stream,From Meghan's Major_ion_chemistry_data file,,0.050510821,0.038639212,-0.000307999,0.003580859,2.963930594,2.144591123,,6.49606516,25.80872711,-0.015561071,24.25273548,,52.53133287,,,,,,,,,,,,,,,52,,,,1.2654,6.7881,,,,,,,,,,,,,,2019-03-13 11:50:00
,Hungerford,7/15/2019,13:00,Grab/Isco,Stream,From Meghan's Major_ion_chemistry_data file,,0.025501638,0.039568086,0.002265235,0.024324177,1.576988914,5.925164377,,8.709557445,20.32663403,-0.018046665,17.9894348,,38.26055875,,,,,,,,,,,,,,,53,,,,2.5163,6.9029,,,,,,,,,,,,,,2019-07-15 13:00:00
,Hungerford,11/21/2019,2:30,Grab/Isco,Stream,From Meghan's Major_ion_chemistry_data file,,0.051924507,0.030326818,0.003306981,0.011961921,3.413980795,5.041823241,,8.343939276,20.91230885,-0.019546921,41.71157904,,35.77260928,,,,,,,,,,,,,,,54,,,,2.3871,7.1212,,,,,,,,,,,,,,2019-11-21 02:30:00
,Hungerford,11/6/2019,13:15,Grab/Isco,Stream,From Meghan's Major_ion_chemistry_data file,,0.058473622,0.017762532,0.000575806,0.009274406,3.48041501,4.013579268,,7.889735067,20.17576425,-0.015068901,30.03073554,,32.8627898,,,,,,,,,,,,,,,55,,,,3.0647,7.2452,,,,,,,,,,,,,,2019-11-06 13:15:00
,Hungerford,8/12/2019,16:15,Grab/Isco,Stream,From Meghan's Major_ion_chemistry_data file,,0.060582635,0.06464482,0.001308999,0.006726269,3.21633274,4.172031932,,7.852878028,20.46904327,-0.01748777,17.97792916,,33.61861216,,,,,,,,,,,,,,,56,,,,1.4182,7.2991,,,,,,,,,,,,,,2019-08-12 16:15:00
,Hungerford,10/17/2019,10:00,Grab/Isco,Stream,From Meghan's Major_ion_chemistry_data file,,0.042337106,0.027266514,0.000514209,0.010085569,2.18299744,3.893994947,,9.056464119,22.04398727,-0.020588513,37.52609856,,39.18772215,,,,,,,,,,,,,,,57,,,,1.929433333,7.586233333,,,,,,,,,,,,,,2019-10-17 10:00:00
,Hungerford,10/17/2019,13:30,Grab/Isco,Stream,From Meghan's Major_ion_chemistry_data file,,0.070660102,0.036160659,0.003871426,0.006145244,2.387119675,9.241926655,,9.240748365,20.38439471,-0.016184991,30.681135,,36.29979105,,,,,,,,,,,,,,,58,,,,3.0722,8.004,0.4461,,,,,,,,,,,,,2019-10-17 13:30:00
RI19-0010,Hungerford,1/24/2019,12:00,Grab/Isco,Stream,From Meghan's Major_ion_chemistry_data file,,0.034142931,0.042069444,-0.000177184,0.001218499,2.926434861,1.957970377,,6.654682685,18.02969203,-0.018595926,17.6929876,,34.03550239,,,,,,,,,,,,,,,59,,,,2.1896,8.2042,,,,,,,,,,,,,,2019-01-24 12:00:00
RI19-0003,Hungerford,1/23/2019,22:00,Grab/Isco,Stream,From Meghan's Major_ion_chemistry_data file,,0.011857339,0.017594962,0.001573482,0.003817167,3.294417337,2.00809158,,6.916547764,17.32496859,-0.016466916,18.53792033,,33.13091215,,,,,,,,,,,,,,,60,,,,2.277,8.4409,,,,,,,,,,,,,,2019-01-23 22:00:00
RI19-0001,Hungerford,1/23/2019,18:00,Grab/Isco,Stream,From Meghan's Major_ion_chemistry_data file,,0.016065341,0.017892733,0.000761156,0.002631394,3.217971946,2.011994073,,7.01177529,17.31885627,-0.018967094,22.23190143,,33.02880085,,,,,,,,,,,,,,,61,,,,2.2716,8.5772,,,,,,,,,,,,,,2019-01-23 18:00:00
,Hungerford,10/22/2019,13:00,Grab/Isco,Stream,From Meghan's Major_ion_chemistry_data file,,0.034097551,0.018702807,0.000452963,0.008088061,3.572573161,3.612658508,,9.80188081,24.4341317,-0.021838143,25.37416401,,42.34889884,,,,,,,,,,,,,,,62,,,,3.839,9.6115,,,,,,,,,,,,,,2019-10-22 13:00:00
,Hungerford,10/9/2019,15:30,Grab/Isco,Stream,From Meghan's Major_ion_chemistry_data file,,0.034273565,0.008138395,0.000882447,0.014711126,4.021075979,4.657641672,,9.988645492,25.50093068,-0.018632612,36.29888386,,43.43319237,,,,,,,,,,,,,,,63,,,,4.27595,10.17315,,,,,,,,,,,,,,2019-10-09 15:30:00
NN18-0026,Hungerford,9/19/2018,10:30,Grab/Isco,Stream,From Meghan's Major_ion_chemistry_data file,,-0.051187883,0.070224056,-0.001289183,0.004884394,0.66243675,1.507564211,,2.501294469,5.56114667,-0.027173672,11.59157943,,43.62496727,,,,,,,,,,,,,,,64,,,,1.7213,15.24,,,,,,,,,,,,,,2018-09-19 10:30:00
NN18-0018,Hungerford,8/23/2018,17:30,Grab/Isco,Stream,From Meghan's Major_ion_chemistry_data file,,-0.052280988,0.016042204,-0.001004331,0.002535518,0.361952797,1.535377725,,2.817432132,6.328255473,-0.033730238,8.523863465,,58.76738476,,,,,,,,,,,,,,,65,,,,1.5137,19.2125,,,,,,,,,,,,,,2018-08-23 17:30:00
NN18-0004,Potash,5/10/2018,12:30,Grab/Isco,Stream,From Meghan's Major_ion_chemistry_data file,,-0.074116902,0.012380332,0.023515771,0.001158042,0.575020758,3.347139526,,17.55883456,237.542456,-0.049629484,24.97993712,,290.0063538,,,,,,,,,,,,,,,1,,,,0.5815,7.4287,,,,,,,,,,,,,,2018-05-10 12:30:00
NN18-0005,Potash,5/24/2018,14:45,Grab/Isco,Stream,From Meghan's Major_ion_chemistry_data file,,-0.06208516,0.007569675,-0.001191003,0.00154535,1.331347664,2.852589163,,16.69149643,207.7275456,-0.040239961,18.99533376,,357.8639939,,,,,,,,,,,,,,,2,,,,0.397,4.5977,,,,,,,,,,,,,,2018-05-24 14:45:00
NN18-0011,Potash,6/7/2018,15:00,Grab/Isco,Stream,From Meghan's Major_ion_chemistry_data file,,-0.045981159,0.010435701,-0.000987433,0.001866855,2.513124379,3.164524235,,17.50684826,235.9171492,-0.034053053,23.57448019,,416.1417432,,,,,,,,,,,,,,,3,,,,0.7612,4.9928,,,,,,,,,,,,,,2018-06-07 15:00:00
NN18-0012,Potash,6/28/2018,14:15,Grab/Isco,Stream,From Meghan's Major_ion_chemistry_data file,,-0.032716634,0.011171928,0.013001825,0.003943543,1.728076472,2.265230022,,8.255353422,105.3461027,-0.046271732,14.21395476,,187.1891728,,,,,,,,,,,,,,,4,,,,0.2367,3.1562,,,,,,,,,,,,,,2018-06-28 14:15:00
NN18-0013,Potash,7/12/2018,14:45,Grab/Isco,Stream,From Meghan's Major_ion_chemistry_data file,,-0.043550096,0.004462011,-0.000709307,0.001565219,1.844513927,3.401813275,,13.58209421,269.2013932,-0.03258828,22.31194312,,465.163483,,,,,,,,,,,,,,,5,,,,0.2672,4.2461,,,,,,,,,,,,,,2018-07-12 14:45:00
NN18-0014,Potash,7/25/2018,13:30,Grab/Isco,Stream,From Meghan's Major_ion_chemistry_data file,,-0.064587276,0.003504835,-0.001593027,0.001524997,1.730169913,3.99564185,,15.07166474,294.5048015,-0.045625295,21.73223707,,538.2150118,,,,,,,,,,,,,,,6,,,,0.3665,5.7877,,,,,,,,,,,,,,2018-07-25 13:30:00
NN18-0019,Potash,8/23/2018,12:45,Grab/Isco,Stream,From Meghan's Major_ion_chemistry_data file,,-0.082884898,0.005495022,-0.000730866,0.00135579,3.084578966,3.95449197,,16.77784223,269.7217874,-0.050255187,27.10591011,,495.712175,,,,,,,,,,,,,,,7,,,,0.8186,6.9093,,,,,,,,,,,,,,2018-08-23 12:45:00
NN18-0028,Potash,9/19/2018,13:15,Grab/Isco,Stream,From Meghan's Major_ion_chemistry_data file,,-0.06898659,0.004910703,-0.001314276,0.002203992,3.086264537,4.094961284,,15.72324439,267.7180377,-0.044591723,25.48192366,,505.2270768,,,,,,,,,,,,,,,8,,,,0.7246,5.6516,,,,,,,,,,,,,,2018-09-19 13:15:00
NN18-0030,Potash,10/3/2018,15:00,Grab/Isco,Stream,From Meghan's Major_ion_chemistry_data file,,-0.040753801,0.009320496,-0.000696862,0.001258562,3.026755249,2.555125804,,10.77176544,117.5181241,-0.042976979,18.79123552,,317.6711945,,,,,,,,,,,,,,,9,,,,0.3812,9.4466,,,,,,,,,,,,,,2018-10-03 15:00:00
NN18-0034,Potash,10/16/2018,14:30,Grab/Isco,Stream,From Meghan's Major_ion_chemistry_data file,,-0.056768909,0.014279637,-0.000757831,0.001512767,3.004634145,3.466243153,,15.21753262,202.1130412,-0.042452201,19.2753782,,371.7630338,,,,,,,,,,,,,,,10,,,,0.4909,8.0332,,,,,,,,,,,,,,2018-10-16 14:30:00
NN18-0038,Potash,10/30/2018,14:30,Grab/Isco,Stream,From Meghan's Major_ion_chemistry_data file,,-0.049728578,0.013132997,-0.001076129,0.002069019,2.498258478,2.740792052,,13.46982433,149.5139791,-0.034714842,19.26012422,,290.0063538,,,,,,,,,,,,,,,11,,,,0.5815,7.4287,,,,,,,,,,,,,,2018-10-30 14:30:00
NN18-0041,Potash,11/19/2018,14:00,Grab/Isco,Stream,From Meghan's Major_ion_chemistry_data file,,-0.070098811,0.060433617,-0.001325689,0.002464542,2.650082355,2.803635274,,16.10033238,197.7371284,-0.057644018,44.38981893,,364.0123091,,,,,,,,,,,,,,,12,,,,0.6943,8.8019,,,,,,,,,,,,,,2018-11-19 14:00:00
,Potash,4/3/2019,15:00,Grab/Isco,Stream,From Meghan's Major_ion_chemistry_data file,,0.03054169,0.105263925,0.002524085,0.003178257,3.045219191,2.974457012,,15.23231823,200.6996083,-0.031628181,52.90101371,,413.7612543,,,,,,,,,,,,,,,13,,,,0.7254,6.9416,,,,,,,,,,,,,,2019-04-03 15:00:00
,Potash,4/15/2019,14:15,Grab/Isco,Stream,From Meghan's Major_ion_chemistry_data file,,0.020531319,0.028910144,0.001454148,0.00011318,2.301224748,2.438421227,,12.346836,154.3440638,-0.022592994,37.01369168,,417.6444448,,,,,,,,,,,,,,,14,,,,0.5827,7.4569,,,,,,,,,,,,,,2019-04-15 14:15:00
,Potash,4/23/2019,12:20,Grab/Isco,Stream,From Meghan's Major_ion_chemistry_data file,,0.02491256,0.04513601,0.000347553,-0.002770328,2.022230674,2.826225342,,15.66548877,183.6217431,-0.028406501,58.89874483,,483.8634983,,,,,,,,,,,,,,,15,,,,0.6587,8.9743,,,,,,,,,,,,,,2019-04-23 12:20:00
,Potash,5/20/2019,14:30,Grab/Isco,Stream,From Meghan's Major_ion_chemistry_data file,,0.006116354,-0.00014562,0.001303252,-0.000525794,2.78398902,1.952572613,,11.05080534,103.9736489,-0.023494785,44.72632309,,181.4551525,,,,,,,,,,,,,,,16,,,,0.1926,3.4618,,,,,,,,,,,,,,2019-05-20 14:30:00
,Potash,6/19/2019,13:00,Grab/Isco,Stream,From Meghan's Major_ion_chemistry_data file,,0.022686874,0.03704408,0.000141256,-0.003410351,2.073703356,3.15371143,,16.70318563,233.4571222,-0.03393817,50.50319755,,405.5491113,,,,,,,,,,,,,,,17,,,,0.7062,6.1792,,,,,,,,,,,,,,2019-06-19 13:00:00
,Potash,7/2/2019,14:00,Grab/Isco,Stream,From Meghan's Major_ion_chemistry_data file,,0.021899112,0.030227779,0.000518192,0.033103976,3.003388973,2.825236852,,16.02094105,210.8685678,-0.036039301,90.96931715,,343.244874,,,,,,,,,,,,,,,18,,,,0.6141,4.8331,,,,,,,,,,,,,,2019-07-02 14:00:00
,Potash,7/18/2019,13:30,Grab/Isco,Stream,From Meghan's Major_ion_chemistry_data file,,0.032241222,0.017090452,0.000678605,-0.003665252,3.004098184,2.871935216,,13.18420365,199.5317772,-0.029805829,55.42250838,,333.7800292,,,,,,,,,,,,,,,19,,,,0.5223,4.2396,,,,,,,,,,,,,,2019-07-18 13:30:00
,Potash,7/29/2019,12:45,Grab/Isco,Stream,From Meghan's Major_ion_chemistry_data file,,0.017057736,0.015972247,0.001169389,0.003799544,2.556553331,3.645968757,,13.75780366,273.1461763,-0.029580428,59.43109188,,500.6242435,,,,,,,,,,,,,,,20,,,,0.528,5.3369,,,,,,,,,,,,,,2019-07-29 12:45:00
,Potash,8/12/2019,13:45,Grab/Isco,Stream,From Meghan's Major_ion_chemistry_data file,,0.041470942,0.024309407,0.0000951473,0.001732413,2.795523305,3.410031724,,14.18894485,238.6888056,-0.029837724,60.85000932,,419.6285335,,,,,,,,,,,,,,,21,,,,0.5628,6.7625,,,,,,,,,,,,,,2019-08-12 13:45:00
,Potash,8/26/2019,14:30,Grab/Isco,Stream,From Meghan's Major_ion_chemistry_data file,,0.129858961,0.02298121,0.000210675,0.020089702,3.056403046,3.540097138,,15.3941353,239.164826,-0.009184686,54.94605515,,695.0503113,,,,,,,,,,,,,,,22,,,,1.1654,11.116,,,,,,,,,,,,,,2019-08-26 14:30:00
,Potash,9/10/2019,14:30,Grab/Isco,Stream,From Meghan's Major_ion_chemistry_data file,,0.030810517,0.015731321,-0.0000166445,0.005226833,3.31219545,2.744970794,,13.58164282,186.7226922,-0.026737653,59.51299586,,486.3630189,,,,,,,,,,,,,,,23,,,,0.722,12.4504,,,,,,,,,,,,,,2019-09-10 14:30:00
,Potash,9/26/2019,12:00,Grab/Isco,Stream,From Meghan's Major_ion_chemistry_data file,,0.032644703,0.0326689,0.001326122,0.00636246,2.458052948,3.245996644,,12.47104082,177.9246071,-0.023728592,45.91446181,,299.3203725,,,,,,,,,,,,,,,24,,,,0.3548,9.1525,,,,,,,,,,,,,,2019-09-26 12:00:00
,Potash,10/10/2019,14:45,Grab/Isco,Stream,From Meghan's Major_ion_chemistry_data file,,0.036645574,0.022410445,0.000880459,0.006042955,3.280063979,3.311155338,,14.78407863,159.3487003,-0.021786342,46.07037602,,359.744228,,,,,,,,,,,,,,,25,,,,0.5926,11.5924,,,,,,,,,,,,,,2019-10-10 14:45:00
,Potash,10/23/2019,14:45,Grab/Isco,Stream,From Meghan's Major_ion_chemistry_data file,,0.048133872,0.04775876,0.002603514,0.004560309,2.993212545,3.146259822,,13.63980531,112.2133493,-0.023888974,61.68302819,,191.8431124,,,,,,,,,,,,,,,26,,,,0.249,7.3117,,,,,,,,,,,,,,2019-10-23 14:45:00
,Potash,11/7/2019,12:30,Grab/Isco,Stream,From Meghan's Major_ion_chemistry_data file,,0.043080333,0.105591752,0.0013059,0.004963465,3.839552767,3.305621682,,16.15129739,153.5516148,-0.028172347,51.48904836,,439.8097837,,,,,,,,,,,,,,,27,,,,1.2743,16.3275,,,,,,,,,,,,,,2019-11-07 12:30:00
,Potash,11/20/2019,15:00,Grab/Isco,Stream,From Meghan's Major_ion_chemistry_data file,,0.005747842,0.115450997,0.000578383,0.001525161,3.352604506,3.296610599,,16.08268973,319.8311031,-0.026318097,54.10616654,,526.7323268,,,,,,,,,,,,,,,28,,,,0.6444,7.9333,,,,,,,,,,,,,,2019-11-20 15:00:00
,Potash,12/5/2019,11:15,Grab/Isco,Stream,From Meghan's Major_ion_chemistry_data file,,0.005865412,0.095330583,-0.000269023,0.001263872,2.954558536,3.310928118,,17.96983401,300.1081633,-0.027726431,51.24935236,,718.8398383,,,,,,,,,,,,,,,29,,,,1.3525,12.839,,,,,,,,,,,,,,2019-12-05 11:15:00
RI19-WB-SNOW-2,Wade,3/28/2019,12:00,Snow,Endmember,From Meghan's Major_ion_chemistry_data file. Most EMs have artificial time 12:00 MED.,,0.007825832,0.003226163,0.008565442,0.007324079,0.003047912,0.098430294,,0.030994691,0.074999567,0.010246674,0.204892715,,0.114266,,,,,,,,,,,,,,GW19-033,6,SNOW,,FILTERED,0.058384,0.0792749,0.05,,,,,,,,,,,,,2019-03-28 12:00:00
RI19-WB-SNOW-3,Wade,3/13/2019,12:00,Snow,Endmember,From Meghan's Major_ion_chemistry_data file. Most EMs have artificial time 12:00 MED.,,0.008422698,0.003622338,0.008560431,0.010680857,0.003047912,0.110116965,,0.0299577,0.079184464,0.011306058,0.190700279,,0.117952,,,,,,,,,,,,,,GW19-021,7,SNOW,,FILTERED,0.058384,0.1045754,0.05,,,,,,,,,,,,,2019-03-13 12:00:00
RI19-HB-SNOW-1,Hungerford,3/28/2019,12:00,Snow,Endmember,From Meghan's Major_ion_chemistry_data file. Most EMs have artificial time 12:00 MED.,,0.013245701,0.003401317,0.009009217,0.00379929,0.003047912,0.143927842,,0.040549096,0.197902625,0.020058186,0.34934394,,0.143754,,,,,,,,,,,,,,GW19-039,1,SNOW,,FILTERED,0.044144,0.0489143,0.05,,,,,,,,,,,,,2019-03-28 12:00:00
RI20-WB-DRY-SW-WD1-45,Wade,11/6/2019,12:00,Soil water lysimeter dry,Endmember,From Meghan's Major_ion_chemistry_data file. Most EMs have artificial time 12:00 MED.,,0.104476407,0.004007064,0.009181707,0.016526143,0.160332965,0.150588334,,0.05209424,0.301643521,0.349103775,0.311774324,,0.180614,,,,,,,,,,,,,,SW,62,DRY,45,WD1,0.05,0.1669833,0.05,,,,,,,,,,,,,2019-11-06 12:00:00
RI20-WB-SNOW-4,Wade,2/27/2020,12:00,Snow,Endmember,From Meghan's Major_ion_chemistry_data file. Most EMs have artificial time 12:00 MED.,,0.008419541,0.006016734,0.008814895,0.005234844,0.003047912,0.16359017,,0.043482173,0.103691536,0.011583814,0.211606406,,0.187986,,,,,,,,,,,,,,WB1,8,SNOW,,FILTERED,0.062656,0.05,0.05,,,,,,,,,,,,,2020-02-27 12:00:00
RI20-WB-DRY-SW-PIT 3-30,Wade,4/20/2018,12:00,Soil water lysimeter dry,Endmember,From Meghan's Major_ion_chemistry_data file. Most EMs have artificial time 12:00 MED.,,0.036948903,0.005281816,0.009482358,0.025650779,0.237856616,0.241564239,,0.076722183,0.43762524,0.162030327,0.385304279,,0.187986,,,,,,,,,,,,,,SW,60,DRY,30,PIT 3,0.09256,0.3154129,0.05,,,,,,,,,,,,,2018-04-20 12:00:00
RI19-WB-DRY-SW-WD1-30,Wade,11/8/2018,12:00,Soil water lysimeter dry,Endmember,From Meghan's Major_ion_chemistry_data file. Most EMs have artificial time 12:00 MED.,,0.218108732,0.010359878,0.009731011,0.059970674,0.17399862,0.240876994,,0.101122699,0.278433478,0.49372027,1.18880668,,0.210102,,,,,,,,,,,,,,SW,58,DRY,30,WD1,0.307584,0.2293912,0.05,,,,,,,,,,,,,2018-11-08 12:00:00
RI20-WB-DWG-1,Wade,6/23/2020,12:00,Groundwater,Endmember,From Meghan's Major_ion_chemistry_data file. Most EMs have artificial time 12:00 MED.,,0.016885749,0.002453752,0.008674641,0.02914812,6.133720311,0.44517331,,4.659347956,3.377687556,0.000681018,15.60801468,,0.228532,,,,,,,,,,,,,,1,85,Deep groundwater,,,0.065504,3.0040127,0.05,,,,,,,,,,,,,2020-06-23 12:00:00
RI20-WB-DRY-SW-PIT 1-45,Wade,10/30/2019,12:00,Soil water lysimeter dry,Endmember,From Meghan's Major_ion_chemistry_data file. Most EMs have artificial time 12:00 MED.,,0.125971144,0.005277322,0.009161328,0.127734835,0.185424929,0.186285847,,0.062298918,0.27735536,0.413325819,0.409391098,,0.29488,,,,,,,,,,,,,,SW,64,DRY,45,PIT 1,0.07832,0.2142109,0.05,,,,,,,,,,,,,2019-10-30 12:00:00
RI18-WB-WET-SW-PIT 2-,Wade,7/26/2018,12:00,Soil water lysimeter wet,Endmember,From Meghan's Major_ion_chemistry_data file. Most EMs have artificial time 12:00 MED.,,0.072075147,0.038381416,0.010062855,0.026971825,0.083940588,0.863994284,,0.473452323,0.16469699,0.175493306,2.023230654,,0.309624,,,,,,,,,,,,,,SW,66,WET,,PIT 2,0.037024,0.0371074,0.05,,,,,,,,,,,,,2018-07-26 12:00:00
RI20-WB-DRY-SW-WD1-30,Wade,11/6/2019,12:00,Soil water lysimeter dry,Endmember,From Meghan's Major_ion_chemistry_data file. Most EMs have artificial time 12:00 MED.,,0.20637944,0.006651143,0.009792971,0.034705738,0.165509796,0.169066039,,0.063345013,0.372629658,0.347428019,0.754534392,,0.31331,,,,,,,,,,,,,,SW,59,DRY,30,WD1,0.11392,0.0151803,0.05,,,,,,,,,,,,,2019-11-06 12:00:00
RI18-WB-WET-SW-PIT 3-,Wade,4/13/2018,12:00,Soil water lysimeter wet,Endmember,From Meghan's Major_ion_chemistry_data file. Most EMs have artificial time 12:00 MED.,,0.019582865,0.016004976,0.009153782,0.006105628,2.73117459,0.256855764,,0.916239933,1.065872285,0.021805491,5.930067405,,0.316996,,,,,,,,,,,,,,SW,56,WET,,PIT 3,0.05,1.7693483,0.05,,,,,,,,,,,,,2018-04-13 12:00:00
RI18-WB-WET-SW-WW2-,Wade,9/27/2018,12:00,Soil water lysimeter wet,Endmember,From Meghan's Major_ion_chemistry_data file. Most EMs have artificial time 12:00 MED.,,0.078493036,0.068033611,0.009895032,0.034510619,0.115015674,1.219797084,,0.465598618,0.157709378,0.126155177,2.193388261,,0.320682,,,,,,,,,,,,,,SW,65,WET,,WW2,0.05,0.05,0.05,,,,,,,,,,,,,2018-09-27 12:00:00
RI20-WB-DRY-SW-WD2-45,Wade,11/6/2019,12:00,Soil water lysimeter dry,Endmember,From Meghan's Major_ion_chemistry_data file. Most EMs have artificial time 12:00 MED.,,0.017403841,0.008867654,0.009083134,0.035456846,0.176748991,0.323952522,,0.181539221,0.420678659,0.259419648,1.200839641,,0.335426,,,,,,,,,,,,,,SW,55,DRY,45,WD2,0.599504,0.2732454,0.05,,,,,,,,,,,,,2019-11-06 12:00:00
RI19-HB-SNOW-3,Hungerford,3/13/2019,12:00,Snow,Endmember,From Meghan's Major_ion_chemistry_data file. Most EMs have artificial time 12:00 MED.,,0.013464401,0.005018196,0.00884975,0.027007461,0.003047912,0.137730005,,0.039467206,0.28294318,0.011901966,0.466175044,,0.353856,,,,,,,,,,,,,,GW19-0256,3,SNOW,,FILTERED,0.051264,0.16867,0.05,,,,,,,,,,,,,2019-03-13 12:00:00
RI19-WB-DRY-SW-WD1-45,Wade,11/8/2018,12:00,Soil water lysimeter dry,Endmember,From Meghan's Major_ion_chemistry_data file. Most EMs have artificial time 12:00 MED.,,0.262425417,0.006228522,0.010093605,0.042298498,0.14585749,0.229765367,,0.149165422,0.459712429,0.37126708,0.879874884,,0.390716,,,,,,,,,,,,,,SW,57,DRY,45,WD1,0.06408,0.3137262,0.05,,,,,,,,,,,,,2018-11-08 12:00:00
RI18-WB-WET-SW-WW3-30,Wade,9/27/2018,12:00,Soil water lysimeter wet,Endmember,From Meghan's Major_ion_chemistry_data file. Most EMs have artificial time 12:00 MED.,,0.186526203,0.01869238,0.009753168,0.024354709,0.083031162,0.364818022,,0.136599113,0.295956089,0.26533987,0.510720767,,0.431262,,,,,,,,,,,,,,SW,63,WET,30,WW3,0.05,0.0759015,0.05,,,,,,,,,,,,,2018-09-27 12:00:00
RI20-WB-WET-SW-WW3-,Wade,11/6/2019,12:00,Soil water lysimeter wet,Endmember,From Meghan's Major_ion_chemistry_data file. Most EMs have artificial time 12:00 MED.,,0.029233625,0.007358661,0.009616032,0.053478068,0.103583062,0.207057476,,0.085997535,0.557144765,0.217348992,0.470035659,,0.493924,,,,,,,,,,,,,,SW,61,WET,,WW3,0.165184,0.2428848,0.05,,,,,,,,,,,,,2019-11-06 12:00:00
RI18-WB-WET-SW-PIT 8- 'M',Wade,2/16/2018,12:00,Soil water lysimeter wet,Endmember,From Meghan's Major_ion_chemistry_data file. Most EMs have artificial time 12:00 MED.,,0.031384544,0.021229849,0.00943873,0.016309906,3.845567139,0.405860154,,0.844493939,1.102780625,0.054262915,6.642516931,,0.711398,,,,,,,,,,,,,,SW,68,WET, 'M',PIT 8,0.07832,4.2133766,0.05,,,,,,,,,,,,,2018-02-16 12:00:00
RI18-WB-SGW3-1,Wade,2/20/2018,10:05,Groundwater,Endmember,From Meghan's Major_ion_chemistry_data file. Most EMs have artificial time 12:00 MED.,,0.493814714,0.633702272,0.017858211,0.010861331,4.34284098,0.530480424,,1.545481457,1.459890043,0.017768083,10.48052409,,0.844094,,,,,,,,,,,,,,WW3,69,GW,,GW18-0028,0.0356,1.1992437,0.05,,,,,,,,,,,,,2018-02-20 10:05:00
RI20-WB-SGW3-16,Wade,9/11/2019,22:57,Groundwater,Endmember,From Meghan's Major_ion_chemistry_data file. Most EMs have artificial time 12:00 MED.,,0.059751867,0.425594246,0.009125274,0.014407732,5.066330179,0.369323992,,2.013014828,1.519476473,0.013756485,14.22439966,,0.844094,,,,,,,,,,,,,,WW3,84,GW,,GW19-220,0.05,1.0238269,0.05,,,,,,,,,,,,,2019-09-11 22:57:00
RI19-WB-SGW3-15,Wade,7/24/2019,9:10,Groundwater,Endmember,From Meghan's Major_ion_chemistry_data file. Most EMs have artificial time 12:00 MED.,,1.219464099,1.739630212,0.008528294,0.005056254,4.153503764,0.429978998,,2.191809988,1.457761861,0.000681018,14.70029008,,0.862524,,,,,,,,,,,,,,WW3,83,GW,,GW19-204,0.05,0.2580651,0.05,,,,,,,,,,,,,2019-07-24 09:10:00
RI19-WB-SGW3-14,Wade,6/26/2019,9:12,Groundwater,Endmember,From Meghan's Major_ion_chemistry_data file. Most EMs have artificial time 12:00 MED.,,0.793951592,0.880178278,0.008746712,0.005716651,5.415238893,0.323359189,,2.469533043,1.672644501,0.000377101,16.81941247,,0.880954,,,,,,,,,,,,,,WW3,82,GW,,GW19-174,0.05,1.0137067,0.05,,,,,,,,,,,,,2019-06-26 09:12:00
RI18-WB-SGW3-5,Wade,9/12/2018,17:10,Groundwater,Endmember,From Meghan's Major_ion_chemistry_data file. Most EMs have artificial time 12:00 MED.,,0.133995534,0.74479814,0.008719076,0.009019954,5.044035477,0.421287206,,1.65672177,1.3658929,0.000787823,12.17994073,,0.932558,,,,,,,,,,,,,,WW3,73,GW,,GW18-331,0.05,0.5582977,0.05,,,,,,,,,,,,,2018-09-12 17:10:00
RI19-19WB-SGW3-9,Wade,2/21/2019,12:00,Groundwater,Endmember,From Meghan's Major_ion_chemistry_data file. Most EMs have artificial time 12:00 MED.,,0.085371585,0.824907128,0.008868023,0.005219402,4.312615207,0.30952176,,1.911624651,1.485425027,0.000681018,12.12670409,,0.936244,,,,,,,,,,,,,,WW3,77,GW,,GW19-008,0.05,1.4218881,0.05,,,,,,,,,,,,,2019-02-21 12:00:00
RI19-HB-SNOW-2,Hungerford,2/21/2019,12:00,Snow,Endmember,From Meghan's Major_ion_chemistry_data file. Most EMs have artificial time 12:00 MED.,,0.0168855,0.005298177,0.009023563,0.015015388,0.003047912,0.162222334,,0.087188845,0.519667186,0.011203097,1.1050109,,0.9807976,,,,,,,,,,,,,,GW19-013,2,SNOW,,FILTERED,0.1270118,0.295418,0.05,,,,,,,,,,,,,2019-02-21 12:00:00
RI18-WB-DRY-SW-WD2-15,Wade,9/27/2018,12:00,Soil water lysimeter dry,Endmember,From Meghan's Major_ion_chemistry_data file. Most EMs have artificial time 12:00 MED.,,0.02838677,0.015040245,0.010516664,0.082337287,0.126331128,0.208186173,,0.343913846,0.408631229,0.414851827,1.64312323,,1.028394,,,,,,,,,,,,,,SW,67,DRY,15,WD2,0.610896,0.2917991,0.05,,,,,,,,,,,,,2018-09-27 12:00:00
RI19-WB-SGW3-13,Wade,6/5/2019,8:53,Groundwater,Endmember,From Meghan's Major_ion_chemistry_data file. Most EMs have artificial time 12:00 MED.,,0.809517545,1.38548404,0.008566572,0.005431864,5.948957586,0.376464323,,3.088316889,1.765805476,0.020487451,20.70577466,,1.05051,,,,,,,,,,,,,,WW3,81,GW,,GW19-141,0.05,1.7777818,0.05,,,,,,,,,,,,,2019-06-05 08:53:00
RI18-HB-WET-SW-PIT 3-30,Hungerford,7/13/2018,12:00,Soil water lysimeter wet,Endmember,From Meghan's Major_ion_chemistry_data file. Most EMs have artificial time 12:00 MED.,,0.010585079,0.003607349,0.000541998,0.107817953,2.26370324,1.257657203,,2.703700637,2.604299643,0.000681018,15.84047255,,1.0978236,,,,,,,,,,,,,,SW,26,WET,30,PIT 3,0.680888,1.273094,0.05,,,,,,,,,,,,,2018-07-13 12:00:00
RI18-WB-SGW3-3,Wade,5/8/2018,12:00,Groundwater,Endmember,From Meghan's Major_ion_chemistry_data file. Most EMs have artificial time 12:00 MED.,,0.274687248,1.083221561,0.008408995,0.004251978,6.42221454,0.430656699,,3.407385228,2.000699013,0.000681018,22.32989008,,1.238496,,,,,,,,,,,,,,WW3,71,GW,,GW18-183,0.05,2.4592086,0.05,,,,,,,,,,,,,2018-05-08 12:00:00
RI19-WB-SGW3-8,Wade,11/8/2018,15:22,Groundwater,Endmember,From Meghan's Major_ion_chemistry_data file. Most EMs have artificial time 12:00 MED.,,0.040593228,0.760850658,0.008829126,0.005109512,5.319803326,0.449515337,,1.965020061,1.562758366,0.000681018,13.50175691,,1.242182,,,,,,,,,,,,,,WW3,76,GW,,GW18-397,0.05,1.248158,0.05,,,,,,,,,,,,,2018-11-08 15:22:00
RI18-WB-SGW3-4,Wade,5/22/2018,12:00,Groundwater,Endmember,From Meghan's Major_ion_chemistry_data file. Most EMs have artificial time 12:00 MED.,,0.224798959,1.016482865,0.00864749,0.004692866,6.474950183,0.41815017,,3.600832219,2.074525274,0.000681018,24.02359522,,1.260612,,,,,,,,,,,,,,WW3,72,GW,,0,0.05,2.260178,0.05,,,,,,,,,,,,,2018-05-22 12:00:00
RI19-WB-SGW3-11,Wade,5/7/2019,19:07,Groundwater,Endmember,From Meghan's Major_ion_chemistry_data file. Most EMs have artificial time 12:00 MED.,,0.491083043,1.329509912,0.008718644,0.007126366,6.541057908,0.469695019,,3.716876642,2.125452934,0.000681018,23.89771243,,1.264298,,,,,,,,,,,,,,WW3,79,GW,,GW19-111,0.05,2.2315041,0.05,,,,,,,,,,,,,2019-05-07 19:07:00
RI19-WB-SGW3-7,Wade,10/18/2018,12:00,Groundwater,Endmember,From Meghan's Major_ion_chemistry_data file. Most EMs have artificial time 12:00 MED.,,0.071987246,0.193867229,0.009209105,0.005707396,5.297162216,0.554125073,,1.837098056,1.455772402,0.000632858,12.32461729,,1.279042,,,,,,,,,,,,,,WW3,75,GW,,GW18-381,0.05,1.2211708,0.05,,,,,,,,,,,,,2018-10-18 12:00:00
RI19-WB-SGW3-10,Wade,4/17/2019,8:58,Groundwater,Endmember,From Meghan's Major_ion_chemistry_data file. Most EMs have artificial time 12:00 MED.,,0.091948528,1.07957958,0.008591038,0.002928449,5.77854848,0.416100232,,3.790045677,2.196957326,0.000681018,21.44256797,,1.304844,,,,,,,,,,,,,,WW3,78,GW,,GW19-091,0.05,2.9550984,0.05,,,,,,,,,,,,,2019-04-17 08:58:00
RI18-WB-SGW3-6,Wade,9/25/2018,9:20,Groundwater,Endmember,From Meghan's Major_ion_chemistry_data file. Most EMs have artificial time 12:00 MED.,,0.248348691,1.026323479,0.008456156,0.004092631,6.268430686,0.567665452,,2.551429154,1.815474459,0.000681018,16.67588188,,1.349076,,,,,,,,,,,,,,WW3,74,GW,,GW18-338,0.05,1.6816399,0.05,,,,,,,,,,,,,2018-09-25 09:20:00
RI18-WB-SGW3-2,Wade,4/13/2018,10:06,Groundwater,Endmember,From Meghan's Major_ion_chemistry_data file. Most EMs have artificial time 12:00 MED.,,0.18161757,0.92617563,0.008575184,0.003301745,6.445326836,0.438370599,,3.367570391,1.980420568,0.000681018,21.20587621,,1.404366,,,,,,,,,,,,,,WW3,70,GW,,GW18-0115,0.05,2.7645013,0.05,,,,,,,,,,,,,2018-04-13 10:06:00
RI19-WB-SGW3-12,Wade,5/16/2019,12:00,Groundwater,Endmember,From Meghan's Major_ion_chemistry_data file. Most EMs have artificial time 12:00 MED.,,0.152999885,1.140220198,0.008499563,0.015825014,7.242353351,0.436765108,,4.053973831,2.265565222,0.000681018,25.14156397,,1.500202,,,,,,,,,,,,,,WW3,80,GW,,0,0.05,3.2705113,0.05,,,,,,,,,,,,,2019-05-16 12:00:00
RI20-WB-DGW-2,Wade,6/23/2020,12:00,Groundwater,Endmember,From Meghan's Major_ion_chemistry_data file. Most EMs have artificial time 12:00 MED.,,0.012116145,0.005731866,0.010554317,0.01457094,5.188529454,0.427185806,,2.934967299,2.332454387,0.000681018,30.24998401,,2.112078,,,,,,,,,,,,,,2,86,Deep groundwater,304 ft (@8 gpm),,0.05,3.8136287,0.05,,,,,,,,,,,,,2020-06-23 12:00:00
RI20-HB-SNOW-4,Hungerford,2/28/2020,12:00,Snow,Endmember,From Meghan's Major_ion_chemistry_data file. Most EMs have artificial time 12:00 MED.,,0.027372202,0.015677008,0.00933291,0.008191069,0.003047912,0.342814751,,0.116014417,1.122932843,0.022085064,0.484332085,,2.458562,,,,,,,,,,,,,,HB1,4,SNOW,,FILTERED,0.131008,0.1265025,0.05,,,,,,,,,,,,,2020-02-28 12:00:00
RI19-WB-SNOW-1,Wade,2/21/2019,12:00,Snow,Endmember,From Meghan's Major_ion_chemistry_data file. Most EMs have artificial time 12:00 MED.,,0.011573919,0.007302122,0.01415851,0.040990368,0.055830029,0.277929835,,0.490084238,1.528159652,0.011046045,2.470599715,,2.683408,,,,,,,,,,,,,,GW19-014,5,SNOW,,FILTERED,0.108224,0.5178169,0.05,,,,,,,,,,,,,2019-02-21 12:00:00
RI20-HB-WET-SW-PIT 1-45,Hungerford,11/6/2019,12:00,Soil water lysimeter wet,Endmember,From Meghan's Major_ion_chemistry_data file. Most EMs have artificial time 12:00 MED.,,0.050421869,0.007162408,0.000541998,0.061651448,1.409442696,0.065370575,,1.180569105,4.283390708,0.049866624,4.062064155,,3.4918412,,,,,,,,,,,,,,SW,25,WET,45,PIT 1,0.5119754,3.186628,0.05,,,,,,,,,,,,,2019-11-06 12:00:00
RI18-HB-DRY-SW-PIT 1-45,Hungerford,4/5/2018,12:00,Soil water lysimeter dry,Endmember,From Meghan's Major_ion_chemistry_data file. Most EMs have artificial time 12:00 MED.,,0.00047986,0.00019185,0.000541998,0.004994334,3.381961863,0.83107905,,7.057413706,5.485518451,0.000681018,30.19293565,,3.51859,,,,,,,,,,,,,,SW,29,DRY,45,PIT 1,0.2252168,3.09434,0.05,,,,,,,,,,,,,2018-04-05 12:00:00
RI18-HB-WET-SW-PIT 1-30,Hungerford,4/3/2018,12:00,Soil water lysimeter wet,Endmember,From Meghan's Major_ion_chemistry_data file. Most EMs have artificial time 12:00 MED.,,0.019472969,0.00817685,0.000541998,0.072880861,1.456324419,0.151703597,,1.219389245,2.808011526,0.037871993,4.684745445,,3.9164784,,,,,,,,,,,,,,SW,24,WET,30,PIT 1,1.3041624,1.907574,0.05,,,,,,,,,,,,,2018-04-03 12:00:00
RI20-HB-WET-SW-PIT 4-45,Hungerford,10/30/2019,12:00,Soil water lysimeter wet,Endmember,From Meghan's Major_ion_chemistry_data file. Most EMs have artificial time 12:00 MED.,,0.012096161,0.001627738,0.000541998,0.015804593,2.619037813,0.311141317,,4.927281632,7.648918423,0.000681018,27.91347082,,4.5751676,,,,,,,,,,,,,,SW,23,WET,45,PIT 4,2.0243324,6.191756,0.05,,,,,,,,,,,,,2019-10-30 12:00:00
RI20-HB-WET-SW-HW1-30,Hungerford,1/10/2020,12:00,Soil water lysimeter wet,Endmember,From Meghan's Major_ion_chemistry_data file. Most EMs have artificial time 12:00 MED.,,0.008768971,0.001148707,0.000541998,0.241439727,1.439479755,0.083652507,,1.467808524,4.057266934,0.032041253,5.052087664,,4.621978,,,,,,,,,,,,,,SW,12,WET,30,HW1,0.7031478,3.028008,0.05,,,,,,,,,,,,,2020-01-10 12:00:00
RI20-HB-DRY-SW-HD1-45,Hungerford,10/30/2019,12:00,Soil water lysimeter dry,Endmember,From Meghan's Major_ion_chemistry_data file. Most EMs have artificial time 12:00 MED.,,0.028381289,0.00019185,0.000541998,0.02184726,2.494522811,1.404254612,,5.089826982,4.662844702,0.000681018,21.83965198,,4.9797432,,,,,,,,,,,,,,SW,13,DRY,45,HD1,0.419008,2.902554,0.1605538,,,,,,,,,,,,,2019-10-30 12:00:00
RI20-HB-DRY-SW-HD 1-45,Hungerford,1/10/2020,12:00,Soil water lysimeter dry,Endmember,From Meghan's Major_ion_chemistry_data file. Most EMs have artificial time 12:00 MED.,,0.010596282,0.00019185,0.000541998,0.006508106,2.658117957,1.30192559,,5.218782078,4.252062621,0.000681018,23.47106225,,5.5682168,,,,,,,,,,,,,,SW,27,DRY,45,HD 1,0.5263788,2.752586,0.05,,,,,,,,,,,,,2020-01-10 12:00:00
RI18-HB-WET-SW-HW1-45,Hungerford,5/8/2018,12:00,Soil water lysimeter wet,Endmember,From Meghan's Major_ion_chemistry_data file. Most EMs have artificial time 12:00 MED.,,0.007436587,0.000333732,0.000541998,0.016713643,3.677958638,0.027033582,,2.448324187,5.53708723,0.004201231,7.723604815,,5.625058,,,,,,,,,,,,,,SW,15,WET,45,HW1,0.9741936,3.23854,0.05,,,,,,,,,,,,,2018-05-08 12:00:00
RI20-HB-DRY-SW-HD1-45,Hungerford,11/6/2019,12:00,Soil water lysimeter dry,Endmember,From Meghan's Major_ion_chemistry_data file. Most EMs have artificial time 12:00 MED.,,0.039916019,0.001667932,0.000541998,0.010018396,3.053403651,1.511496573,,5.089590734,4.346293782,0.001389096,21.93091066,,5.8825152,,,,,,,,,,,,,,SW,9,DRY,45,HD1,0.2514048,2.442556,0.126753,,,,,,,,,,,,,2019-11-06 12:00:00
RI19-HB-WET-SW-HW 3-30,Hungerford,10/18/2018,12:00,Soil water lysimeter wet,Endmember,From Meghan's Major_ion_chemistry_data file. Most EMs have artificial time 12:00 MED.,,0.00047986,0.002167335,0.000541998,0.017680817,3.588391866,1.192910206,,6.891898124,4.846948012,0.000681018,43.81087879,,7.9455164,,,,,,,,,,,,,,SW,28,WET,30,HW 3,19.2043656,7.05263,0.05,,,,,,,,,,,,,2018-10-18 12:00:00
RI20-HB-WET-SW-HW4-45,Hungerford,11/6/2019,12:00,Soil water lysimeter wet,Endmember,From Meghan's Major_ion_chemistry_data file. Most EMs have artificial time 12:00 MED.,,0.015002135,0.00019185,0.000541998,0.005479134,3.439062935,0.197601632,,5.152166522,6.875446292,0.000681018,30.61543312,,8.2731892,,,,,,,,,,,,,,SW,16,WET,45,HW4,5.2376,6.43257,0.05,,,,,,,,,,,,,2019-11-06 12:00:00
RI18-HB--SW-PIT 3-30,Hungerford,6/6/2018,12:00,Soil water lysimeter,Endmember,From Meghan's Major_ion_chemistry_data file. Most EMs have artificial time 12:00 MED.,,0.029043789,0.089578866,0.000541998,0.030475749,2.982937848,0.723634667,,5.624260486,5.056306951,0.000681018,29.21655954,,8.3199996,,,,,,,,,,,,,,SW,17,,30,PIT 3,0.5905394,4.286874,0.05,,,,,,,,,,,,,2018-06-06 12:00:00
RI18-HB--SW-PIT 5-45,Hungerford,4/20/2018,12:00,Soil water lysimeter,Endmember,From Meghan's Major_ion_chemistry_data file. Most EMs have artificial time 12:00 MED.,,0.00047986,0.00019185,0.000541998,0.011546008,2.83223605,0.106666186,,3.308304312,2.995089804,0.000681018,23.95155731,,8.7580112,,,,,,,,,,,,,,SW,18,,45,PIT 5,6.016693,5.710128,0.05,,,,,,,,,,,,,2018-04-20 12:00:00
RI19-HB-SGW7-12,Hungerford,5/16/2019,12:00,Groundwater,Endmember,From Meghan's Major_ion_chemistry_data file. Most EMs have artificial time 12:00 MED.,,0.02010438,0.078906116,0.009640808,0.008584486,2.564009844,0.434036601,,4.218906494,4.896096676,0.000681018,24.4957649,,9.0957148,,,,,,,,,,,,,,7,43,GW,,0,2.2953782,6.42536,0.05,,,,,,,,,,,,,2019-05-16 12:00:00
RI19-HB-SGW7-8,Hungerford,11/8/2018,3:36,Groundwater,Endmember,From Meghan's Major_ion_chemistry_data file. Most EMs have artificial time 12:00 MED.,,0.026158895,0.115165904,0.010059469,0.006129546,3.460751813,0.579949404,,7.309764896,8.371751697,0.000681018,35.66743747,,9.386608,,,,,,,,,,,,,,7,39,GW,,0,1.5621142,11.553112,0.05,,,,,,,,,,,,,2018-11-08 03:36:00
RI19-HB-SGW7-10,Hungerford,4/17/2019,8:09,Groundwater,Endmember,From Meghan's Major_ion_chemistry_data file. Most EMs have artificial time 12:00 MED.,,0.019846531,0.035705821,0.009568803,0.004246116,2.889230184,0.396681143,,4.574358036,4.952230354,0.000681018,26.37688474,,9.6106292,,,,,,,,,,,,,,7,41,GW,,0,3.4659818,7.251626,0.05,,,,,,,,,,,,,2019-04-17 08:09:00
RI18-HB-WET-SW-PIT 5-30,Hungerford,4/3/2018,12:00,Soil water lysimeter wet,Endmember,From Meghan's Major_ion_chemistry_data file. Most EMs have artificial time 12:00 MED.,,0.004350651,0.00019185,0.000541998,0.010610946,3.088987035,0.457933518,,2.94578138,3.207348353,0.000681018,22.60137192,,9.7510604,,,,,,,,,,,,,,SW,20,WET,30,PIT 5,5.2231966,4.591136,0.05,,,,,,,,,,,,,2018-04-03 12:00:00
RI19-HB-SGW7-9,Hungerford,2/21/2019,12:00,Groundwater,Endmember,From Meghan's Major_ion_chemistry_data file. Most EMs have artificial time 12:00 MED.,,0.015454461,0.070021402,0.009534214,0.030266878,2.544103671,0.465841308,,4.713054303,6.044582608,0.000681018,26.84335949,,10.17336,,,,,,,,,,,,,,7,40,GW,,0,2.464944,8.231096,0.05,,,,,,,,,,,,,2019-02-21 12:00:00
RI19-HB-SGW7-11,Hungerford,5/7/2019,21:12,Groundwater,Endmember,From Meghan's Major_ion_chemistry_data file. Most EMs have artificial time 12:00 MED.,,0.071668068,0.061670977,0.010281715,0.017955575,3.059368215,0.440382791,,4.740357804,5.243047245,0.000681018,27.10285759,,10.2091336,,,,,,,,,,,,,,7,42,GW,,0,2.8309228,7.16799,0.05,,,,,,,,,,,,,2019-05-07 21:12:00
RI19-HB-SGW7-16,Hungerford,9/11/2019,8:51,Groundwater,Endmember,From Meghan's Major_ion_chemistry_data file. Most EMs have artificial time 12:00 MED.,,0.162774407,0.454095105,0.009142894,0.017978552,3.629813701,0.564095578,,6.032244282,6.708401824,0.000681018,38.92358633,,10.4030624,,,,,,,,,,,,,,7,47,GW,,0,0.0078564,7.330936,0.05,,,,,,,,,,,,,2019-09-11 08:51:00
RI18-HB-SGW1-1,Hungerford,9/27/2018,0:35,Groundwater,Endmember,From Meghan's Major_ion_chemistry_data file. Most EMs have artificial time 12:00 MED.,,23.81313946,0.701560503,0.047983993,0.131600538,0.54639955,3.457715204,,24.49058586,10.75692401,4.572575641,136.1895663,,10.4364984,,,,,,,,,,,,,,1,37,GW,,0,0.1990288,188.7,0.05,,,,,,,,,,,,,2018-09-27 00:35:00
RI19-HB-SGW7-13,Hungerford,6/26/2019,13:49,Groundwater,Endmember,From Meghan's Major_ion_chemistry_data file. Most EMs have artificial time 12:00 MED.,,0.024557681,0.315286119,0.009587763,0.033492381,3.372002622,0.618822833,,5.22694684,6.016628768,0.000681018,32.19430095,,10.9046024,,,,,,,,,,,,,,7,44,GW,,0,<0.05,7.303538,0.05,,,,,,,,,,,,,2019-06-26 13:49:00
RI20-HB--SW-PIT 5-45,Hungerford,10/30/2019,12:00,Soil water lysimeter,Endmember,From Meghan's Major_ion_chemistry_data file. Most EMs have artificial time 12:00 MED.,,0.00047986,0.00019185,0.000541998,0.032970353,3.77539767,0.441099433,,3.633716652,3.12080065,0.000681018,28.3831116,,11.1821212,,,,,,,,,,,,,,SW,21,,45,PIT 5,6.6936528,6.498902,0.05,,,,,,,,,,,,,2019-10-30 12:00:00
RI19-HB-SGW7-15,Hungerford,8/13/2019,23:09,Groundwater,Endmember,From Meghan's Major_ion_chemistry_data file. Most EMs have artificial time 12:00 MED.,,0.036982219,0.320921687,0.009731416,0.00973548,3.745995011,0.627360214,,6.233690683,7.250607382,0.000681018,37.23782384,,11.2556804,,,,,,,,,,,,,,7,46,GW,,GW19-0209,0.05,7.322284,0.05,,,,,,,,,,,,,2019-08-13 23:09:00
RI18-HB-SGW7-3,Hungerford,5/1/2018,1:51,Groundwater,Endmember,From Meghan's Major_ion_chemistry_data file. Most EMs have artificial time 12:00 MED.,,0.014998974,0.014091486,0.004453427,0.005994877,1.940259373,0.748012965,,5.431928187,6.008715028,0.067683388,27.66074296,,11.58257,,,,,,,,,,,,,,7,33,GW,,0,5.0071456,8.027422,0.05,,,,,,,,,,,,,2018-05-01 01:51:00
RI20-HB-WET-SW-PIT 2-30,Hungerford,10/30/2019,12:00,Soil water lysimeter wet,Endmember,From Meghan's Major_ion_chemistry_data file. Most EMs have artificial time 12:00 MED.,,0.002559436,0.012969112,0.000541998,0.009667587,4.138992737,0.821247678,,7.174463307,8.331556931,0.000681018,37.1159328,,11.734195,,,,,,,,,,,,,,SW,22,WET,30,PIT 2,2.2076484,11.907844,0.05,,,,,,,,,,,,,2019-10-30 12:00:00
RI19-HB-WET-SW-HW2-30,Hungerford,11/5/2018,12:00,Soil water lysimeter wet,Endmember,From Meghan's Major_ion_chemistry_data file. Most EMs have artificial time 12:00 MED.,,0.002539922,0.00019185,0.004770566,0.029874225,3.799607641,1.292581369,,7.609031441,7.087733938,0.000681018,39.11074114,,12.1253875,,,,,,,,,,,,,,SW,10,WET,30,HW2,9.1557192,16.630394,0.05,,,,,,,,,,,,,2018-11-05 12:00:00
RI18-HB-DRY-SW-PIT 2-48,Hungerford,2/22/2018,12:00,Soil water lysimeter dry,Endmember,From Meghan's Major_ion_chemistry_data file. Most EMs have artificial time 12:00 MED.,,0.005956989,0.014046069,0.000541998,0.018408044,1.43229064,0.859187828,,5.701812412,9.107215452,0.000681018,36.73494082,,12.16481,,,,,,,,,,,,,,SW,19,DRY,48,PIT 2,1.1548908,12.154426,0.05,,,,,,,,,,,,,2018-02-22 12:00:00
RI19-HB-SGW7-14,Hungerford,7/24/2019,22:13,Groundwater,Endmember,From Meghan's Major_ion_chemistry_data file. Most EMs have artificial time 12:00 MED.,,0.067676133,0.37766144,0.009269439,0.016046322,2.45128387,0.638961725,,5.058848561,5.720722877,0.000681018,26.5538373,,12.656075,,,,,,,,,,,,,,7,45,GW,,0,0.0052376,8.00435,0.05,,,,,,,,,,,,,2019-07-24 22:13:00
RI18-HB-SGW7-4,Hungerford,5/22/2018,12:00,Groundwater,Endmember,From Meghan's Major_ion_chemistry_data file. Most EMs have artificial time 12:00 MED.,,0.009948194,0.042280896,0.00383683,0.004238161,3.062933217,0.816754362,,5.504240253,6.377497189,0.068492227,26.77953593,,13.007845,,,,,,,,,,,,,,7,34,GW,,0,1.0291884,9.260332,0.05,,,,,,,,,,,,,2018-05-22 12:00:00
RI18-HB-SGW7-2,Hungerford,4/13/2018,9:37,Groundwater,Endmember,From Meghan's Major_ion_chemistry_data file. Most EMs have artificial time 12:00 MED.,,0.00047986,0.00775897,0.000541998,0.000505057,2.434085434,0.176441905,,5.173464691,5.752913121,0.000681018,28.76116299,,13.699255,,,,,,,,,,,,,,7,32,GW,,0,2.2364552,9.315128,0.05,,,,,,,,,,,,,2018-04-13 09:37:00
RI18-HB-DRY-SW-PIT 2-30,Hungerford,2/16/2018,12:00,Soil water lysimeter dry,Endmember,From Meghan's Major_ion_chemistry_data file. Most EMs have artificial time 12:00 MED.,,0.085472607,0.011388396,0.000541998,0.013180609,4.596629627,0.19711936,,4.487712438,6.409952388,0.031549412,29.69747805,,13.929725,,,,,,,,,,,,,,SW,30,DRY,30,PIT 2,2.02957,12.725458,0.05,,,,,,,,,,,,,2018-02-16 12:00:00
RI20-HB-WET-SW-HW4-30,Hungerford,1/10/2020,12:00,Soil water lysimeter wet,Endmember,From Meghan's Major_ion_chemistry_data file. Most EMs have artificial time 12:00 MED.,,0.00047986,0.00019185,0.000541998,0.038306619,2.828618192,0.420255515,,6.049315153,7.810624018,0.000681018,35.47270402,,13.9691475,,,,,,,,,,,,,,SW,11,WET,30,HW4,4.6667016,8.131246,0.05,,,,,,,,,,,,,2020-01-10 12:00:00
RI18-HB-SGW7-1,Hungerford,2/15/2018,8:46,Groundwater,Endmember,From Meghan's Major_ion_chemistry_data file. Most EMs have artificial time 12:00 MED.,,0.00047986,0.008649688,0.000541998,0.002336147,2.87308752,0.147393114,,4.397581794,5.794137414,0.000681018,26.69339514,,15.10027,,,,,,,,,,,,,,7,31,GW,,GW18-0011,1.6603192,10.046222,0.05,,,,,,,,,,,,,2018-02-15 08:46:00
RI19-HB-SGW7-7,Hungerford,10/16/2018,12:00,Groundwater,Endmember,From Meghan's Major_ion_chemistry_data file. Most EMs have artificial time 12:00 MED.,,0.078150456,0.32794727,0.009660044,0.008599531,3.959324491,0.696382891,,7.938875644,9.546936173,0.000681018,46.65890843,,15.1124,,,,,,,,,,,,,,7,38,GW,,0,0.1099896,12.12847,0.05,,,,,,,,,,,,,2018-10-16 12:00:00
RI18-HB-SGW7-5,Hungerford,9/25/2018,16:00,Groundwater,Endmember,From Meghan's Major_ion_chemistry_data file. Most EMs have artificial time 12:00 MED.,,0.150377055,0.262588272,0.0121032,0.023994472,2.791030409,1.033108748,,7.524057764,10.27687538,0.000681018,43.83132643,,16.222295,,,,,,,,,,,,,,7,35,GW,,0,0.0366632,6.074954,0.05,,,,,,,,,,,,,2018-09-25 16:00:00
RI20-HB-WET-SW-HW5-45,Hungerford,11/6/2019,12:00,Soil water lysimeter wet,Endmember,From Meghan's Major_ion_chemistry_data file. Most EMs have artificial time 12:00 MED.,,0.000974767,0.000762556,0.000541998,0.005365947,3.570897972,0.317700631,,4.198515121,3.223637657,0.000681018,33.32740757,,16.64078,,,,,,,,,,,,,,SW,14,WET,45,HW5,5.8608744,10.351926,0.05,,,,,,,,,,,,,2019-11-06 12:00:00
RI18-HB-SGW7-6,Hungerford,9/27/2018,16:28,Groundwater,Endmember,From Meghan's Major_ion_chemistry_data file. Most EMs have artificial time 12:00 MED.,,0.037377777,0.046694587,0.009983212,0.006409737,2.842531252,0.76306061,,7.89688105,10.7597215,0.000681018,40.51618231,,17.508075,,,,,,,,,,,,,,7,36,GW,,0,0.032735,7.880338,0.05,,,,,,,,,,,,,2018-09-27 16:28:00
RI19-HB-TD-4,Hungerford,4/17/2019,12:00,Tile drain,Endmember,From Meghan's Major_ion_chemistry_data file. Most EMs have artificial time 12:00 MED.,,0.060834923,0.033789997,0.008542492,0.003973205,5.025590616,0.840980495,,13.72546017,14.92908386,0.000681018,57.99880091,,25.2173674,,,,,,,,,,,,,,GW19-087,51,TILE DRAIN,,FILTERED,0.3705602,12.87831,0.05,,,,,,,,,,,,,2019-04-17 12:00:00
RI19-HB-TD-5,Hungerford,10/3/2018,12:00,Tile drain,Endmember,From Meghan's Major_ion_chemistry_data file. Most EMs have artificial time 12:00 MED.,,0.033085731,0.029905869,0.008190203,0.014710971,7.515805668,0.999242651,,15.17966814,17.97443464,0.000681018,73.12393417,,36.3478934,,,,,,,,,,,,,,GW18-372,52,TILE DRAIN,,FILTERED,0.039282,19.368752,0.05,,,,,,,,,,,,,2018-10-03 12:00:00
RI19-HB-TD-2,Hungerford,10/16/2018,12:00,Tile drain,Endmember,From Meghan's Major_ion_chemistry_data file. Most EMs have artificial time 12:00 MED.,,0.01310931,0.017567616,0.008198884,0.00574613,7.212596053,1.083060183,,16.66207064,19.94102194,0.000681018,66.59482713,,37.243234,,,,,,,,,,,,,,GW18-378,49,TILE DRAIN,,FILTERED,0.0209504,19.368752,0.05,,,,,,,,,,,,,2018-10-16 12:00:00
RI18-HB-TD-1,Hungerford,8/1/2018,12:00,Tile drain,Endmember,From Meghan's Major_ion_chemistry_data file. Most EMs have artificial time 12:00 MED.,,0.025340687,0.032977423,0.007780141,0.040195272,7.098290508,1.104686791,,17.29792072,20.93277267,0.000681018,79.6807811,,37.4255678,,,,,,,,,,,,,,GW18-0323,48,TILE DRAIN,,FILTERED,0.0576136,18.590072,0.05,,,,,,,,,,,,,2018-08-01 12:00:00
RI18-HB-TD-3,Hungerford,9/27/2018,12:00,Tile drain,Endmember,From Meghan's Major_ion_chemistry_data file. Most EMs have artificial time 12:00 MED.,,0.020243341,0.025354049,0.007924575,0.023431917,7.289148956,1.099385839,,17.01039859,20.256371,0.000681018,71.65038654,,37.773907,,,,,,,,,,,,,,,50,TILE DRAIN,,FILTERED,0.032735,18.753018,0.05,,,,,,,,,,,,,2018-09-27 12:00:00
RI18-HB-TD-6,Hungerford,9/25/2018,12:00,Tile drain,Endmember,From Meghan's Major_ion_chemistry_data file. Most EMs have artificial time 12:00 MED.,,0.014427648,0.026002725,0.008034531,0.010595713,7.369548868,1.090677479,,16.88732855,20.06043207,0.000681018,77.06342327,,44.9692,,,,,,,,,,,,,,GW18-342,53,TILE DRAIN,,FILTERED,0.029904,15.2319655,0.05,,,,,,,,,,,,,2018-09-25 12:00:00
RI20-HB-DGW-Mark-1,Hungerford,6/23/2020,12:50,Groundwater,Endmember,From Meghan's Major_ion_chemistry_data file. Most EMs have artificial time 12:00 MED.,,0.019262386,0.075586447,0.012374247,0.057225878,7.40864048,2.644352692,,21.07767786,17.7450051,0.000681018,85.29008263,,51.8932176,,,,,,,,,,,,,,Mark's well,54,Deep groundwater,~ 500-600 ft,44005,0.22784,16.2021963,0.05,,,,,,,,,,,,,2020-06-23 12:50:00
RI22-0261,Wade,02/16/2022,12:00,Grab/Isco,Stream,MED cleaned date column,,0.03,0.04,0.09,0,1.88,0.49,0.11,0.68,0.57,0.34,4.24,,0.5376,,,1.0663,,3.1052,,,-82.22,-11.96,,,,,,,,,,,,,,,,,,,,,,,,,2022-02-16 12:00:00
RI22-0262,Wade,02/17/2022,12:30,Grab/Isco,Stream,MED cleaned date column,,0.03,0.03,0.01,-0.01,1.82,0.57,0.08,0.71,0.63,0.02,4.55,,0.5729,,,1.1116,,2.9043,,,-81.27,-12.15,,,,,,,,,,,,,,,,,,,,,,,,,2022-02-17 12:30:00
RI22-0265,Wade,02/17/2022,14:00,Isco,Stream,MED cleaned date column,,0.03,0.03,0.01,-0.01,0.81,0.57,0.09,0.67,0.65,0.01,4.23,,0.5395,,,1.0228,,2.5329,,,-82.69,-12.31,,,,,,,,,,,,,,,,,,,,,,,,,2022-02-17 14:00:00
RI22-0266,Wade,02/17/2022,16:00,Isco,Stream,MED cleaned date column,,0.02,0.03,0.01,-0.01,1.66,0.39,0.07,0.59,0.52,0.02,3.69,,,,,,,,,,-83.09,-12.32,,,,,,,,,,,,,,,,,,,,,,,,,2022-02-17 16:00:00
RI22-0267,Wade,02/17/2022,18:00,Isco,Stream,MED cleaned date column,,0.01,0.02,0.01,-0.01,0.74,0.36,0.02,0.63,0.65,0.08,4.33,,0.8697,,,1.1567,,2.6577,,,-84.11,-12.45,,,,,,,,,,,,,,,,,,,,,,,,,2022-02-17 18:00:00
RI22-0268,Wade,02/17/2022,20:00,Isco,Stream,MED cleaned date column,,0.02,0.02,0.01,-0.01,1.47,0.37,0.01,0.61,0.86,0.03,3.63,,0.613,,,1.3321,,2.1868,,,-85.46,-12.83,,,,,,,,,,,,,,,,,,,,,,,,,2022-02-17 20:00:00
RI22-0269,Wade,02/17/2022,22:00,Isco,Stream,MED cleaned date column,,0.07,0.03,0.01,-0.01,0.74,0.57,0.07,0.48,0.44,0.06,3.13,,0.604,,,1.4017,,2.0036,,,-88.59,-13.33,,,,,,,,,,,,,,,,,,,,,,,,,2022-02-17 22:00:00
RI22-0270,Wade,02/18/2022,0:00,Isco,Stream,MED cleaned date column,,0.05,0.03,0.01,0,0.09,0.58,0.07,0.39,0.35,0.08,2.49,,0.5732,,,1.4044,,1.6508,,,-89.74,-13.17,,,,,,,,,,,,,,,,,,,,,,,,,2022-02-18 00:00:00
RI22-0271,Wade,02/18/2022,2:00,Isco,Stream,MED cleaned date column,,0.24,0.03,0.11,0.01,0.02,0.59,0.13,0.38,0.36,0.17,2.34,,0.5524,,,1.5961,,1.445,,,-90.39,-13.59,,,,,,,,,,,,,,,,,,,,,,,,,2022-02-18 02:00:00
RI22-0272,Wade,02/18/2022,4:00,Isco,Stream,MED cleaned date column,,0.05,0.03,0.03,0,0.05,0.51,0.07,0.35,0.33,0.12,2.15,,0.7067,,,1.8291,,1.4236,,,-91.31,-13.77,,,,,,,,,,,,,,,,,,,,,,,,,2022-02-18 04:00:00
RI22-0273,Wade,02/18/2022,6:00,Isco,Stream,MED cleaned date column,,0.04,0.04,0.01,-0.01,0.07,0.5,0.07,0.33,0.31,0.11,2.03,,0.5521,,,1.9711,,1.4731,,,-90.16,-13.51,,,,,,,,,,,,,,,,,,,,,,,,,2022-02-18 06:00:00
RI22-0274,Wade,02/18/2022,8:00,Isco,Stream,MED cleaned date column,,0.07,0.04,0.01,0,0.16,0.31,0.02,0.35,0.43,0.14,2.73,,0.5438,,,2.0294,,1.5469,,,-89.78,-13.31,,,,,,,,,,,,,,,,,,,,,,,,,2022-02-18 08:00:00
RI22-0275,Wade,02/18/2022,12:30,Grab,Stream,MED cleaned date column,,0.37,0.04,0.23,0.03,0.03,0.54,0.63,0.44,0.48,1.52,2.64,,0.5835,,,2.0513,,2.1105,,,-89.67,-13.38,,,,,,,,,,,,,,,,,,,,,,,,,2022-02-18 12:30:00
RI22-0294,Wade,02/18/2022,14:00,Isco,Stream,MED cleaned date column,,0.03,0,0,0.05,0.05,0.04,-0.08,0.3,0.43,-0.01,2.23,,0.7358,,,2.036,,1.727,,,-89.36,-13.26,,,,,,,,,,,,,,,,,,,,,,,,,2022-02-18 14:00:00
RI22-0295,Wade,02/22/2022,11:30,Grab,Stream,MED cleaned date column,,0.01,0.02,0.01,0.04,1.14,0.54,0.07,0.5,0.45,0.02,3.07,,,,,,,,,,-83.32,-12.35,,,,,,,,,,,,,,,,,,,,,,,,,2022-02-22 11:30:00
RI22-0296,Wade,02/22/2022,15:00,Isco,Stream,MED cleaned date column,,0.02,0.02,0.01,0.01,1.26,0.51,0.07,0.52,0.49,0.04,3.16,,0.7317,,,1.2063,,2.1676,,,-83.71,-12.56,,,,,,,,,,,,,,,,,,,,,,,,,2022-02-22 15:00:00
RI22-0297,Wade,02/22/2022,18:00,Isco,Stream,MED cleaned date column,,0.01,-0.01,0,-0.01,0.39,0.02,-0.08,0.36,0.4,0,2.69,,0.6561,,,1.1397,,2.0958,,,-83.87,-12.45,,,,,,,,,,,,,,,,,,,,,,,,,2022-02-22 18:00:00
RI22-0298,Wade,02/22/2022,21:00,Isco,Stream,MED cleaned date column,,0.02,0.02,0.01,0,0.24,0.33,0.01,0.35,0.71,0.06,2.5,,0.5547,,,0.9909,,1.7252,,,-86.79,-12.83,,,,,,,,,,,,,,,,,,,,,,,,,2022-02-22 21:00:00
RI22-0299,Wade,02/23/2022,0:00,Isco,Stream,MED cleaned date column,,0.05,0.03,0.02,0,0.06,0.55,0.08,0.33,0.36,0.1,2.37,,0.5022,,,1.1918,,1.4854,,,-88.68,-13.14,,,,,,,,,,,,,,,,,,,,,,,,,2022-02-23 00:00:00
RI22-0300,Wade,02/23/2022,3:00,Isco,Stream,MED cleaned date column,,0.02,0.02,0.01,0,0.08,0.27,0.01,0.25,0.29,0.07,2.07,,0.5638,,,1.2817,,1.3952,,,-89.72,-13.3,,,,,,,,,,,,,,,,,,,,,,,,,2022-02-23 03:00:00
RI22-0301,Wade,02/23/2022,6:00,Isco,Stream,MED cleaned date column,,0.02,0.02,0.01,0,0.08,0.27,0.01,0.27,0.33,0.09,2.13,,0.5672,,,1.4572,,1.348,,,-90.64,-13.46,,,,,,,,,,,,,,,,,,,,,,,,,2022-02-23 06:00:00
RI22-0302,Wade,02/23/2022,9:00,Isco,Stream,MED cleaned date column,,0.02,0.03,0.01,-0.01,0.03,0.34,0.07,0.3,0.27,0.07,1.91,,0.4995,,,1.5113,,1.3417,,,-90.88,-13.51,,,,,,,,,,,,,,,,,,,,,,,,,2022-02-23 09:00:00
RI22-0303,Wade,02/24/2022,17:00,Grab,Stream,MED cleaned date column,,0,0.02,0.01,0,0.15,0.29,0.01,0.39,0.67,0.06,2.7,,0.4838,,,1.4081,,1.6408,,,-87.74,-13.18,,,,,,,,,,,,,,,,,,,,,,,,,2022-02-24 17:00:00
RI22-0485,Wade,03/05/2022,17:30,Grab,Stream,MED cleaned date column,,0.01,0.02,0.02,0.01,1.52,0.49,0.07,0.59,0.58,0.02,3.55,,0.5661,,,1.0872,,2.4882,,,-83.77,-12.51,,,,,,,,,,,,,,,,,,,,,,,,,2022-03-05 17:30:00
RI22-0311,Wade,03/06/2022,10:15,Grab,Stream,MED cleaned date column,,0.03,0.02,0.01,-0.01,0.15,0.31,0.07,0.33,0.27,0.06,2.24,,,,,,,,,,-90.1,-13.3,,,,,,,,,,,,,,,,,,,,,,,,,2022-03-06 10:15:00
RI22-0451,Wade,03/09/2022,10:45,Grab,Stream,MED cleaned date column,,0.02,-0.01,0,0,0.4,-0.01,-0.08,0.33,0.42,0.02,2.52,,0.577,,,1.2486,,1.8251,,,-88.13,-13.08,,,,,,,,,,,,,,,,,,,,,,,,,2022-03-09 10:45:00
RI22-0497,Wade,03/16/2022,15:15,Grab,Stream,MED cleaned date column,,0.04,-0.01,0,-0.01,0.89,0.03,-0.05,0.42,0.5,0,2.96,,0.5916,,,0.9922,,2.2409,,,-86.88,-12.84,,,,,,,,,,,,,,,,,,,,,,,,,2022-03-16 15:15:00
RI22-0505,Wade,03/17/2022,11:50,Grab,Stream,MED cleaned date column,,0.28,-0.01,0,0,0.4,0.02,-0.06,0.42,0.5,0.03,2.99,,0.6077,,,0.9311,,1.9273,,,-90.29,-13.45,,,,,,,,,,,,,,,,,,,,,,,,,2022-03-17 11:50:00
RI22-0512,Wade,03/18/2022,12:00,Grab,Stream,MED cleaned date column,,0.01,0.02,0.01,0.01,0.13,0.37,0.04,0.41,0.76,0.07,2.74,,0.5115,,,1.0023,1.1773,1.3472,,,-92.65,-13.76,,,,,,,,,,,,,,,,,,,,,,,,,2022-03-18 12:00:00
RI22-0541,Wade,03/18/2022,14:00,Isco,Stream,MED cleaned date column,,0.03,-0.01,0,0.04,0.48,-0.01,-0.08,0.24,0.86,0.05,2.04,,0.7316,,,1.0784,,1.5901,,,-93.47,-13.85,,,,,,,,,,,,,,,,,,,,,,,,,2022-03-18 14:00:00
RI22-0542,Wade,03/18/2022,18:00,Isco,Stream,MED cleaned date column,,0,0.02,0.01,0,0.11,0.26,0.01,0.22,0.26,0.06,1.85,,0.4874,,,1.1209,,1.4897,,,-94.22,-13.96,,,,,,,,,,,,,,,,,,,,,,,,,2022-03-18 18:00:00
RI22-0543,Wade,03/18/2022,22:00,Isco,Stream,MED cleaned date column,,-0.02,-0.01,0,-0.02,0.37,-0.04,-0.09,0.24,0.64,0.07,1.94,,0.4736,,,1.1892,,1.5121,,,-94.01,-13.98,,,,,,,,,,,,,,,,,,,,,,,,,2022-03-18 22:00:00
RI22-0544,Wade,03/19/2022,2:00,Isco,Stream,MED cleaned date column,,0.02,0.02,0.01,0,0.1,0.26,0.01,0.32,0.6,0.08,2.44,,0.663,,,1.1995,,1.5361,,,-93.5,-13.85,,,,,,,,,,,,,,,,,,,,,,,,,2022-03-19 02:00:00
RI22-0545,Wade,03/19/2022,6:00,Isco,Stream,MED cleaned date column,,-0.01,-0.01,0,-0.02,0.37,-0.03,-0.08,0.26,0.35,0.05,2.07,,0.5388,,,1.1985,,1.5515,,,-93.47,-13.91,,,,,,,,,,,,,,,,,,,,,,,,,2022-03-19 06:00:00
RI22-0546,Wade,03/19/2022,10:00,Isco,Stream,MED cleaned date column,,-0.02,-0.01,0,-0.01,0.42,-0.02,-0.08,0.27,0.66,0.06,2.17,,3.909,,,1.1595,,1.5313,,,-92.89,-13.65,,,,,,,,,,,,,,,,,,,,,,,,,2022-03-19 10:00:00
RI22-0609,Wade,03/20/2022,22:00,Isco,Stream,MED cleaned date column,,-0.02,-0.01,0,-0.01,0.42,-0.03,-0.08,0.23,0.53,0.06,1.88,,0.4992,,,1.2753,,1.4215,,,-94.24,-14.06,,,,,,,,,,,,,,,,,,,,,,,,,2022-03-20 22:00:00
RI22-0614,Wade,03/20/2022,18:00,Grab/Isco,Stream,MED cleaned date column,,0,0.02,0.01,-0.01,0.25,0.27,0,0.24,0.28,0.08,1.9,,0.4794,,,1.2996,,1.4074,,,-94.07,-14.07,,,,,,,,,,,,,,,,,,,,,,,,,2022-03-20 18:00:00
RI22-0660,Wade,03/20/2022,2:00,Isco,Stream,MED cleaned date column,,0.01,0.02,0.01,0,0.16,0.28,0.01,0.25,0.29,0.08,1.94,,,,,,,,,,-93.9,-13.87,,,,,,,,,,,,,,,,,,,,,,,,,2022-03-20 02:00:00
RI22-0661,Wade,03/20/2022,6:00,Isco,Stream,MED cleaned date column,,0.02,-0.01,0,-0.02,0.41,-0.05,-0.08,0.2,0.3,0.06,1.73,,,,,,,,,,-93.94,-13.84,,,,,,,,,,,,,,,,,,,,,,,,,2022-03-20 06:00:00
RI22-0662,Wade,03/20/2022,10:00,Isco,Stream,MED cleaned date column,,-0.02,-0.01,0,-0.02,0.4,-0.05,-0.08,0.22,0.59,0.06,1.77,,,,,,,,,,-94.5,-13.97,,,,,,,,,,,,,,,,,,,,,,,,,2022-03-20 10:00:00
RI22-0663,Wade,03/20/2022,14:00,Isco,Stream,MED cleaned date column,,0.04,-0.01,0,-0.01,0.48,-0.04,-0.08,0.22,0.31,0.05,1.72,,,,,,,,,,-92.03,-13.21,,,,,,,,,,,,,,,,,,,,,,,,,2022-03-20 14:00:00
RI22-0610,Wade,03/21/2022,2:00,Isco,Stream,MED cleaned date column,,0.02,0.03,0.02,0,0.09,0.38,0.07,0.31,0.3,0.07,2.04,,0.5611,,,1.2326,,1.4698,,,-89.45,-12.23,,,,,,,,,,,,,,,,,,,,,,,,,2022-03-21 02:00:00
RI22-0612,Wade,03/21/2022,10:00,Isco,Stream,MED cleaned date column,,0,0.02,0.01,0.01,0.14,0.25,0.01,0.31,0.55,0.06,2.26,,0.4995,,,1.1841,,1.5289,,,-93.23,-13.75,,,,,,,,,,,,,,,,,,,,,,,,,2022-03-21 10:00:00
RI22-0613,Wade,03/21/2022,14:15,Grab,Stream,MED cleaned date column,,-0.02,-0.01,0,-0.02,0.42,-0.02,-0.08,0.29,0.64,0.06,2.09,,0.5876,,,1.2486,,1.6976,,,-92.8,-13.86,,,,,,,,,,,,,,,,,,,,,,,,,2022-03-21 14:15:00
RI22-0675,Wade,03/23/2022,10:45,Grab,Stream,MED cleaned date column,,0,0.02,0.01,0,0.75,0.29,0.01,0.37,0.41,0.04,2.74,,0.5545,,,1.2766,,1.8384,,,-91.47,-13.5,,,,,,,,,,,,,,,,,,,,,,,,,2022-03-23 10:45:00
RI22-0679,Wade,04/07/2022,12:45,Grab,Stream,MED cleaned date column,,0.02,0.02,0.02,0.06,0.13,0.36,0.11,0.42,0.42,0.04,2.57,,0.5391,,,0.8659,,1.7787,,,-88.95,-13.31,,,,,,,,,,,,,,,,,,,,,,,,,2022-04-07 12:45:00
RI22-0705,Wade,04/07/2022,16:00,Isco,Stream,MED cleaned date column,,0,0.02,0.01,0,0.17,0.27,0.01,0.34,0.37,0.1,2.62,,0.5335,,,0.8811,,1.7465,,,-89,-13.19,,,,,,,,,,,,,,,,,,,,,,,,,2022-04-07 16:00:00
RI22-0706,Wade,04/07/2022,20:00,Isco,Stream,MED cleaned date column,,0.03,0.06,0.01,0,0.12,0.33,0.03,0.36,0.4,0.83,2.71,,0.7951,,,0.9481,,1.6631,,,-89.55,-13.16,,,,,,,,,,,,,,,,,,,,,,,,,2022-04-07 20:00:00
RI22-0707,Wade,04/08/2022,0:00,Isco,Stream,MED cleaned date column,,0,0.02,0.01,-0.01,0.15,0.25,0.01,0.31,0.35,0.05,2.42,,0.5225,,,0.8907,,1.6494,,,-89.49,-13.26,,,,,,,,,,,,,,,,,,,,,,,,,2022-04-08 00:00:00
RI22-0708,Wade,04/08/2022,4:00,Isco,Stream,MED cleaned date column,,0.03,0.02,0.02,-0.01,0.19,0.54,0.08,0.37,0.36,0.07,2.51,,0.5148,,,0.9524,,1.6151,,,-88.51,-13,,,,,,,,,,,,,,,,,,,,,,,,,2022-04-08 04:00:00
RI22-0710,Wade,04/08/2022,12:00,Isco,Stream,MED cleaned date column,,0.1,0.02,0.01,-0.01,0.06,0.33,0.13,0.35,0.35,0.07,2.38,,0.5008,,,0.8003,,1.5116,,,-87.57,-12.96,,,,,,,,,,,,,,,,,,,,,,,,,2022-04-08 12:00:00
RI22-0709,Wade,04/08/2022,8:00,Isco,Stream,MED cleaned date column,,0.06,0.02,0.01,-0.01,0.07,0.38,0.07,0.37,0.38,0.08,2.46,,,,,,,,,,-86.95,-12.9,,,,,,,,,,,,,,,,,,,,,,,,,2022-04-08 08:00:00
RI22-0711,Wade,04/08/2022,16:00,Isco,Stream,MED cleaned date column,,0.03,0.02,0.01,-0.01,0.07,0.26,0.01,0.27,0.34,0.1,2.22,,,,,,,,,,-87.97,-13.04,,,,,,,,,,,,,,,,,,,,,,,,,2022-04-08 16:00:00
RI22-0798,Wade,04/10/2022,12:00,Isco,Stream,MED cleaned date column,,0.02,0.02,0.01,0,0.07,0.36,0.06,0.33,0.38,0.05,2.15,,0.5717,,,0.8413,,1.5389,,,-76.46,-11.13,,,,,,,,,,,,,,,,,,,,,,,,,2022-04-10 12:00:00
RI22-0799,Wade,04/10/2022,18:00,Isco,Stream,MED cleaned date column,,-0.02,-0.01,0,-0.01,0.39,-0.03,-0.08,0.29,0.7,0.05,2.29,,0.5058,,,0.813,,1.5836,,,-89.3,-13.21,,,,,,,,,,,,,,,,,,,,,,,,,2022-04-10 18:00:00
RI22-0800,Wade,04/11/2022,0:00,Isco,Stream,MED cleaned date column,,0.03,0.02,0.19,0.01,0.09,0.53,0.09,0.4,0.44,0.1,2.82,,0.4969,,,0.8078,,1.6114,,,-88.68,-13.08,,,,,,,,,,,,,,,,,,,,,,,,,2022-04-11 00:00:00
RI22-0801,Wade,04/11/2022,6:00,Isco,Stream,MED cleaned date column,,0.02,0.02,0.01,-0.01,0.04,0.35,0.07,0.37,0.36,0.05,2.39,,0.5234,,,0.8316,,1.657,,,-73.02,-10.83,,,,,,,,,,,,,,,,,,,,,,,,,2022-04-11 06:00:00
RI22-0802,Wade,04/11/2022,9:00,Isco,Stream,MED cleaned date column,,0.02,0.02,0.01,-0.01,0.09,0.47,0.07,0.33,0.3,0.04,2.15,,0.515,,,0.8246,,1.6669,,,-129.99,-17.92,,,,,,,,,,,,,,,,,,,,,,,,,2022-04-11 09:00:00
RI22-0860,Wade,03/17/2022,12:00,Groundwater,Endmember,Bear_Pond,,-0.01,0.01,0.01,0,0.2,0.2,0.02,0.72,0.62,0.02,5.26,,0.3055,,,0.7317,,0.3711,,,-65.69,-6.65,,,,,,,,,,,,,,,,,,,,,,,,,2022-03-17 12:00:00
RI22-0859,Wade,03/17/2022,12:00,Groundwater,Endmember,High_Pond_Farm,,0.01,0.02,0.01,-0.01,0.24,0.36,0.07,0.41,0.74,0.01,5.9,,0.4797,,,0.5096,,3.2695,,,-79.46,-11.6,,,,,,,,,,,,,,,,,,,,,,,,,2022-03-17 12:00:00
RI22-0845,Wade,02/18/2022,12:00,Rain,Endmember,MED cleaned date column,,0.07,0.03,0.01,0.03,-0.08,0.27,0.09,0.08,0.1,0.03,0.37,,0.4049,,,0.8037,,0.3648,,,-68.31,-9.41,,,,,,,,,,,,,,,,,,,,,,,,,2022-02-18 12:00:00
RI22-0847,Wade,02/24/2022,12:00,Rain,Endmember,MED cleaned date column,,0.02,0.03,0.01,0.03,-0.08,0.35,0.07,0.09,0.39,0.06,0.4,,0.5926,,,0.7801,,0.3338,,,-88.46,-12.59,,,,,,,,,,,,,,,,,,,,,,,,,2022-02-24 12:00:00
RI22-0852,Wade,03/8/2022,12:00,Rain,Endmember,MED cleaned date column,,0.02,0.03,0.12,0.01,-0.09,0.41,0.09,0.1,0.13,0.02,0.59,,0.5035,,,1.1045,,0.5383,,,-48.21,-7.79,,,,,,,,,,,,,,,,,,,,,,,,,2022-03-08 12:00:00
RI22-0853,Wade,03/21/2022,12:00,Rain,Endmember,MED cleaned date column,,0.01,0.02,0.01,0,-0.08,0.43,0.08,0.12,0.27,0.01,0.65,,0.3997,,,0.7918,,0.2994,,,-46.2,-7.52,,,,,,,,,,,,,,,,,,,,,,,,,2022-03-21 12:00:00
RI22-0861,Wade,04/11/2022,12:00,Rain,Endmember,MED cleaned date column,,0.01,0.02,0.01,-0.01,-0.09,0.27,0.07,0.08,0.26,0.01,0.34,,1.6262,,,0.7184,,0.3105,,,-86.59,-12.61,,,,,,,,,,,,,,,,,,,,,,,,,2022-04-11 12:00:00
RI22-0841,Wade,02/1/2022,12:00,Snow,Endmember,MED cleaned date column,,0.01,0.03,0.01,0,-0.1,0.35,0.08,0.08,0.17,0.01,0.4,,0.7369,,,1.6372,,0.4361,,,-135.9,-19.42,,,,,,,,,,,,,,,,,,,,,,,,,2022-02-01 12:00:00
RI22-0842,Wade,02/15/2022,12:00,Snow,Endmember,MED cleaned date column,,0.01,0.02,0.01,-0.01,-0.09,0.34,0.07,0.07,0.07,0.01,0.36,,0.571,,,0.8711,,0.3464,,,-58.6,-9.31,,,,,,,,,,,,,,,,,,,,,,,,,2022-02-15 12:00:00
RI22-0850,Wade,03/5/2022,12:00,Snow,Endmember,MED cleaned date column,,0.02,0.02,0.01,0.01,-0.08,0.29,0.07,0.1,0.45,0.02,0.47,,0.4675,,,1.6151,,0.4189,,,-74.98,-11.04,,,,,,,,,,,,,,,,,,,,,,,,,2022-03-05 12:00:00
RI22-0854,Wade,03/17/2022,12:00,Snow,Endmember,MED cleaned date column,,0.02,0.11,0.01,0.04,-0.01,0.2,0.03,-0.01,0.01,0.95,0.22,,0.8485,,,0.5058,,0.2622,,,-116.59,-16.36,,,,,,,,,,,,,,,,,,,,,,,,,2022-03-17 12:00:00
RI22-0843,Wade,02/15/2022,12:00,Snowmelt lysimeter,Endmember,MED cleaned date column,,0.11,0.03,0.02,0.12,0.77,0.89,0.1,2.1,5.96,0.04,4.09,,2.0148,,,5.5686,,0.7879,,,,,,,,,,,,,,,,,,,,,,,,,,,,,2022-02-15 12:00:00
RI22-0849,Wade,03/4/2022,12:00,Snowmelt lysimeter,Endmember,MED cleaned date column,,0.01,0.02,0.01,-0.01,1.32,0.81,0.09,1.82,3.34,0.03,3.71,,0.4004,,,1.1188,,0.3805,,,-117.77,-16.3,,,,,,,,,,,,,,,,,,,,,,,,,2022-03-04 12:00:00
RI22-0856,Wade,03/17/2022,12:00,Snowmelt lysimeter,Endmember,MED cleaned date column,,0,0.03,0.01,0.01,1.42,2.66,0.03,1.55,1.44,0.27,3.04,,5.542,,,2.5199,,0.6146,,,-82.61,-11.87,,,,,,,,,,,,,,,,,,,,,,,,,2022-03-17 12:00:00
RI22-0840,Hungerford,02/1/2022,12:00,Snow,Endmember,MED cleaned date column,,0.02,0.03,0.01,-0.01,-0.09,0.3,0.07,0.1,0.75,0.02,0.83,,,,,,,,,,-151.2,-20.52,,,,,,,,,,,,,,,,,,,,,,,,,2022-02-01 12:00:00
RI22-0844,Hungerford,02/15/2022,12:00,Snowmelt lysimeter,Endmember,MED cleaned date column,,0.02,0.03,0.02,0.01,1.26,2.12,0.24,2.47,60,0.03,12.16,,109.0862,,,16.0655,1.5246,4.2007,,,-44.22,-7.85,,,,,,,,,,,,,,,,,,,,,,,,,2022-02-15 12:00:00
RI22-0846,Hungerford,02/18/2022,12:00,Rain,Endmember,MED cleaned date column,,0.01,0.02,0.01,0.02,-0.07,0.35,0.08,0.14,0.63,0.01,0.75,,,,,,,,,,-44.26,-7.17,,,,,,,,,,,,,,,,,,,,,,,,,2022-02-18 12:00:00
RI22-0848,Hungerford,02/24/2022,12:00,Rain,Endmember,MED cleaned date column,,0.03,0.02,0.01,0.19,-0.09,0.41,0.09,0.09,0.18,0.02,0.45,,0.7702,,,0.8774,1.1369,0.3621,,,-131.76,-18.28,,,,,,,,,,,,,,,,,,,,,,,,,2022-02-24 12:00:00
RI22-0851,Hungerford,03/5/2022,12:00,Snow,Endmember,MED cleaned date column,,-0.01,0.02,0.01,0.02,-0.06,0.23,0.02,0.02,0.39,0.01,0.54,,0.8344,,,1.787,,0.4556,,,-88.76,-13.12,,,,,,,,,,,,,,,,,,,,,,,,,2022-03-05 12:00:00
RI22-0855,Hungerford,03/17/2022,12:00,Snow,Endmember,MED cleaned date column,,0.01,0.02,0.01,0.01,-0.09,0.32,0.07,0.1,0.26,0.01,0.46,,0.4363,,,1.6957,,0.4945,,,-99.79,-14.12,,,,,,,,,,,,,,,,,,,,,,,,,2022-03-17 12:00:00
RI22-0857,Hungerford,03/17/2022,12:00,Snowmelt lysimeter,Endmember,MED cleaned date column,,-0.03,-0.01,0,-0.01,1.55,0.57,-0.08,0.89,5.52,-0.01,5.85,,52.8947,,,2.561,,32.7865,,,-87.17,-12.6,,,,,,,,,,,,,,,,,,,,,,,,,2022-03-17 12:00:00
RI22-0858,Hungerford,03/17/2022,12:00,Groundwater,Endmember,MED cleaned date column,,0.02,0.07,0.03,0.01,7.81,3.24,0.29,20.33,15.81,-0.08,83.45,,0.5174,,,0.4421,,2.4589,,,-71.61,-10.43,,,,,,,,,,,,,,,,,,,,,,,,,2022-03-17 12:00:00
RI22-0862,Hungerford,02/15/2022,12:00,Snow,Endmember,MED cleaned date column,,0.03,0.02,0.01,-0.01,-0.09,0.33,0.07,0.16,0.28,0.02,0.99,,1.2702,,,0.4973,,2.7069,,small bubble headspace,-155.68,-21.16,,,,,,,,,,,,,,,,,,,,,,,,,2022-02-15 12:00:00
RI22-0864,Hungerford,07/27/2022,12:00,Groundwater,Endmember,MED cleaned date column,,-0.04,0.02,0.01,0.06,7.21,3.07,0.27,20.62,16.94,-0.13,89.75,,0.4384,,,0.5133,1.1292,2.4631,,small bubble headspace,-71.2,-10.37,,,,,,,,,,,,,,,,,,,,,,,,,2022-07-27 12:00:00
RI24-1418,Wade,12/19/2023,11:00,Snowmelt lysimeter,Endmember,Dry site lysimeter,,0.0055728464522506,0.0029486674679994,,0.143110948700473,1.60541992643776,1.10210458718038,0.0161624150683374,2.0553962205514,2.11030481776085,0.0093401889249047,6.4216020367105,,2.958,,,,,,,,-123.17,-17.298,,,,,,,,,,,,,EST,,05/21/2024,DartmouthID_AS-061025-146,0.0026757259571924,0.366351292220491,0.0288768722897383,Run 2025-07-21,,,,,2023-12-19 11:00:00
RI24-1419,Wade,12/19/2023,11:30,Soil water lysimeter wet,Endmember,Wet site lysimeter,,0.0541854801088563,0.0122652189596925,,0.116163639862738,1.27161193295264,0.572828264720966,0.0277393435542943,0.2685030063957,0.356769166134891,0.456166801535497,1.49180709707671,,3.177,,,,,,,,-60.017,-9.172,,,,,,,,,,,,,EST,,05/21/2024,DartmouthID_AS-061025-152,0.0110697588532729,0.81234649316421,0.0133558954313582,Run 2025-07-21,,,,,2023-12-19 11:30:00
RI24-1420,Wade,12/19/2023,12:00,Soil water lysimeter dry,Endmember,Dry site lysimeter,,0.216255741046689,0.0100404181948112,,0.443365587890954,1.06242959457586,0.278540049787593,0.007031472337809,0.310526288452836,0.361980813179073,0.736171147470417,0.858941566800132,,3.041,,,,,,,,-100.162,-14.696,,,,,,,,,,,,,EST,,05/21/2024,DartmouthID_AS-061025-162,0.0090682491491102,0.682493684399541,0.0060975957285925,Run 2025-07-21,,,,,2023-12-19 12:00:00
RI24-1415,Hungerford,12/20/2023,9:30,Snowmelt lysimeter,Endmember,Wet site lysimeter,,0.0061298493596715,0.0016552155918288,,0.150548781570325,1.4172924153914,1.70404439561823,0.0339328508209458,2.35433564653784,11.812029731631,0.0096198242074704,4.70277981917326,,4.043,,,,,,,,-123.809,-17.231,,,,,,,,,,,,,EST,,05/21/2024,DartmouthID_AS-061025-157,0.0029491797109797,0.312199161807893,0.0257779149491529,Run 2025-06-05,,,,,2023-12-20 09:30:00
RI24-1416,Hungerford,12/20/2023,9:45,Soil water lysimeter wet,Endmember,Wet site lysimeter,,,,,,,,,,,,,,5.064,,,,,,,,-62.853,-9.877,,,,,,,,,,,,,EST,,05/21/2024,,,,,Run 2025-07-21,,,,,2023-12-20 09:45:00
RI24-1422,Potash,01/08/2024,11:30,Snow,Endmember,Spear St snow,,0.0015683453854584,0.0002078923357689,,0.0407648970501766,-0.0044309645429649,0.140769063967067,-0.0009534281396155,0.0129490201691071,0.973774901411688,0.0033868279799188,0.177868934271168,,3.535,,,,,,,,-150.36,-21.373,,,,,,,,,,,,,EST,,05/21/2024,DartmouthID_AS-061025-155,-6.28615798278491E-05,0.0592968715344052,0.0001152657436194,Run 2025-07-21,,,,,2024-01-08 11:30:00
RI24-1421,Wade,01/22/2024,10:45,Snow,Endmember,Dry site snow and rain mix,,0.0036123483417132,0.0080939093508421,,0.427535219809367,0.0113744674980154,0.274553333050017,0.0156683663230229,0.0691221846133769,0.347504942863083,0.0093051249969749,0.469660576142243,,3.131,,,,,,,,-93.003,-13.846,,,,,,,,,,,,,EST,,05/21/2024,DartmouthID_AS-061025-156,0.0019774126565885,0.21775324654557,0.001905797267995,Run 2025-06-05,,,,,2024-01-22 10:45:00
RI24-1417,Hungerford,01/25/2024,11:00,Snowmelt lysimeter,Endmember,Wet site lysimeter,,0.0110533640451155,0.0077234344973359,,0.214752077607589,2.93561810180913,3.82262123793148,0.0572067676038611,10.9752974071741,8.3939332885478,0.009286321725069,10.5272144987431,,6.392,,,,,,,,-86.159,-12.902,,,,,,,,,,,,,EST,,05/21/2024,DartmouthID_AS-061025-159,0.0071948680930558,0.819163953291818,0.0756159820645211,Run 2025-07-21,,,,,2024-01-25 11:00:00
RI24-1241,Wade,02/08/2024,12:00,Isco,Stream,,,0.38,0.411,0.007,0.003,1.796,0.777,-0.007,1.625,1.466,-0.01,13.625,,,,,,,,,,-84.083,-12.489,,,,,,,,,,,,,EST,,03/28/2024,UVM-Aglab_Replaced with 2nd run,,,,,,,,,2024-02-08 12:00:00
RI24-1242,Wade,02/08/2024,15:00,Isco,Stream,,,0.709,0.297,0.009,0.011,0.967,0.752,-0.003,1.124,1.085,0.001,9.377,,,,,,,,,,,,,,,,,,,,,,,,EST,,03/28/2024,UVM-Aglab_Replaced with 2nd run,,,,,,,,,2024-02-08 15:00:00
RI24-1243,Wade,02/08/2024,18:00,Isco,Stream,,,4.265,1.271,0.006,0.013,2.409,0.926,-0.002,2.511,2.04,-0.011,21.029,,,,,,,,,,,,,,,,,,,,,,,,EST,,03/28/2024,UVM-Aglab_Replaced with 2nd run,,,,,,,,,2024-02-08 18:00:00
RI24-1244,Wade,02/08/2024,21:00,Isco,Stream,,,1.537,0.427,0.006,0.001,1.517,0.723,-0.01,1.269,1.143,-0.002,10.722,,,,,,,,,,,,,,,,,,,,,,,,EST,,03/28/2024,UVM-Aglab_Replaced with 2nd run,,,,,,,,,2024-02-08 21:00:00
RI24-1412,Wade,02/08/2024,10:45,Grab,Stream,,,1.132,0.424,0.007,0.054,1.611,0.728,-0.001,1.199,1.094,-0.004,9.767,,,,,,,,,,,,,,,,,,,,,,,,EST,,07/18/2024,UVM-Aglab_,,,,,,,,,2024-02-08 10:45:00
RI24-1251,Potash,02/08/2024,14:00,Isco,Stream,,,0.001,0.075,0.006,-0.001,2.066,4.895,0.169,19.945,204.059,-0.042,37.274,,,,,,,,,,-72.82,-10.684,,,,,,,,,,,,,EST,,05/02/2024,UVM-Aglab_Replaced with 2nd run,,,,,,,,,2024-02-08 14:00:00
RI24-1252,Potash,02/08/2024,17:00,Isco,Stream,,,0.005,0.136,0.006,0.002,2.521,7.922,0.217,28.827,328.393,-0.063,54.753,,,,,,,,,,,,,,,,,,,,,,,,EST,,05/02/2024,UVM-Aglab_Replaced with 2nd run,,,,,,,,,2024-02-08 17:00:00
RI24-1253,Potash,02/08/2024,20:00,Baseflow,Endmember,Candidate for baseflow,,0.009,0.183,0.006,0.004,2.579,7.295,0.221,28.341,297.517,-0.067,65.519,,,,,,,,,,-72.169,-10.467,,,,,,,,,,,,,EST,,05/02/2024,UVM-Aglab_Replaced with 2nd run,,,,,,,,,2024-02-08 20:00:00
RI24-1254,Potash,02/08/2024,23:00,Isco,Stream,,,0.012,0.25,0.006,0.014,2.603,11.858,0.316,43.123,452.904,-0.097,87.988,,,,,,,,,,,,,,,,,,,,,,,,EST,,05/02/2024,UVM-Aglab_Replaced with 2nd run,,,,,,,,,2024-02-08 23:00:00
RI24-1259,Hungerford,02/08/2024,15:00,Baseflow,Endmember,Candidate for baseflow,,0.012,0.034,0.006,0,3.322,3.412,0.114,12.98,27.861,-0.046,43.261,,,,,,,,,,-74.789,-11.023,,,,,,,,,,,,,EST,,05/02/2024,UVM-Aglab_Replaced with 2nd run,,,,,,,,,2024-02-08 15:00:00
RI24-1260,Hungerford,02/08/2024,18:00,Isco,Stream,,,0.012,0.033,0.006,-0.005,2.564,3.522,0.116,11.608,25.054,-0.046,41.997,,,,,,,,,,,,,,,,,,,,,,,,EST,,05/02/2024,UVM-Aglab_Replaced with 2nd run,,,,,,,,,2024-02-08 18:00:00
RI24-1261,Hungerford,02/08/2024,21:00,Isco,Stream,,,0.008,0.019,0.006,-0.008,2.577,2.79,0.099,10.669,21.79,-0.031,27.956,,,,,,,,,,,,,,,,,,,,,,,,EST,,05/02/2024,UVM-Aglab_Replaced with 2nd run,,,,,,,,,2024-02-08 21:00:00
RI24-1008,Hungerford,02/09/2024,15:00,Isco,Stream,,,,,,,,,,,,,,,20.7365,,,,,,,,-75.883,-11.068,,,,,,,,,,,,,EST,,,,,,,Run 2024-09-24,,,,,2024-02-09 15:00:00
RI24-1008,Hungerford,02/09/2024,15:00,Isco,Stream,,,,,,,,,,,,,,,23.4489364,,,,,,,,-75.883,-11.068,,,,,,,,,,,,,EST,,,,,,,Run 2024-10-17,,,,,2024-02-09 15:00:00
RI24-1009,Hungerford,02/09/2024,18:00,Isco,Stream,,,,,,,,,,,,,,,356.2969,,,,,,,,-75.894,-11.136,,,,,,,,,,,,,EST,,,,,,,Run 2024-09-24,,,,,2024-02-09 18:00:00
RI24-1009,Hungerford,02/09/2024,18:00,Isco,Stream,,,,,,,,,,,,,,,23.20396983,,,,,,,,-75.894,-11.136,,,,,,,,,,,,,EST,,,,,,,Run 2024-10-17,,,,,2024-02-09 18:00:00
RI24-1010,Hungerford,02/09/2024,21:00,Isco,Stream,,,,,,,,,,,,,,,328.3752,,,,,,,,-76.141,-11.3,,,,,,,,,,,,,EST,,,,,,,Run 2024-09-24,,,,,2024-02-09 21:00:00
RI24-1016,Potash,02/09/2024,14:00,Isco,Stream,,,0.0153679812104681,0.0320634939043044,,0.0025634569385671,6.48482317331244,2.53132061145437,0.0134735595976096,15.9893967707825,169.162157539171,0.0053531396957754,22.6391035622452,,262.8609,,,,,,,,-73.344,-10.888,,,,,,,,,,,,,EST,,,DartmouthID_duffy-030625-009,0.0103920213761295,6.71913570339917,0.136733596135898,Run 2024-09-24,,,,,2024-02-09 14:00:00
RI24-1017,Potash,02/09/2024,17:00,Isco,Stream,,,0.0203481801432405,0.074652988504433,,0.0043846862938774,6.1137242073472,2.56876045999817,0.0176054271756571,16.1318510619127,167.73259624352,0.00666192389441,35.5911007652004,,,,,,,,,,,,,,,,,,,,,,,,EST,,,DartmouthID_duffy-030625-010,0.0171671071075111,6.83573725529696,0.176341365672577,,,,,,2024-02-09 17:00:00
RI24-1018,Potash,02/09/2024,20:00,Isco,Stream,,,0.0162760389567677,0.062457167306962,,0.0025611095788193,6.19485832327955,2.62045199627665,0.0183810406737964,16.0048486250155,171.245875266218,0.0057584068811406,33.4416386459348,,365.6872,,,,,,,,-73.445,-10.871,,,,,,,,,,,,,EST,,,DartmouthID_duffy-030625-011,0.0158709284790738,6.68443564383796,0.165789707352074,Run 2024-09-24,,,,,2024-02-09 20:00:00
RI24-1019,Potash,02/09/2024,23:00,Isco,Stream,,,0.0170476311296926,0.0373804123510369,,0.0012685390248476,6.52217365417936,2.56755985321406,0.0142585055604555,15.7025807608029,157.756623639652,0.0063390976933937,23.5830828021849,,314.4854,,,,,,,,-73.896,-10.947,,,,,,,,,,,,,EST,,,DartmouthID_duffy-030625-012,0.0101833226041914,6.40014276979376,0.134188398666641,Run 2024-09-24,,,,,2024-02-09 23:00:00
RI24-1046,Wade,02/09/2024,15:00,Isco,Stream,,,0.701505169679075,0.487990084578226,,0.017607327065572,6.08600182214507,0.353517853059327,0.0362998451035443,1.92940483861123,1.8220141173818,0.0107934975232666,14.0910146837049,,,,,,,,,,,,,,,,,,,,,,,,EST,,,DartmouthID_duffy-030625-028,0.0083948489684155,2.47955023066635,0.0818371693637057,,,,,,2024-02-09 15:00:00
RI24-1047,Wade,02/09/2024,18:00,Isco,Stream,,,0.0014885896105605,0.0437893522517653,,0.0057454389506699,3.52404923397044,0.178554122774203,0.0034266427285068,0.676904311488597,0.679654550870654,0.0058531170020742,4.90157467169858,,,,,,,,,,,,,,,,,,,,,,,,EST,,,DartmouthID_duffy-030625-029,0.0038141002456498,1.28726395682754,0.0298495188847015,,,,,,2024-02-09 18:00:00
RI24-1048,Wade,02/09/2024,21:00,Isco,Stream,,,0.0347613470894651,0.0170118958527844,,0.0542371363912055,3.91071485186685,0.875296416274792,0.0038336840601108,0.599290264102487,0.619783855473892,0.0131696159532128,3.98497430392081,,,,,,,,,,-85.049,-12.595,,,,,,,,,,,,,EST,,,DartmouthID_duffy-030625-030,0.0034160022310189,1.2404756175172,0.0253633361359207,,,,,,2024-02-09 21:00:00
RI24-1245,Wade,02/09/2024,0:00,Isco,Stream,,,0.92,0.265,0.007,0.004,1.423,0.689,-0.009,1.028,0.983,0.002,8.557,,,,,,,,,,,,,,,,,,,,,,,,EST,,03/28/2024,UVM-Aglab_Replaced with 2nd run,,,,,,,,,2024-02-09 00:00:00
RI24-1246,Wade,02/09/2024,3:00,Isco,Stream,,,0.425,0.249,0.007,0.002,0.994,0.837,-0.007,1.157,1.196,-0.004,8.859,,,,,,,,,,,,,,,,,,,,,,,,EST,,03/28/2024,UVM-Aglab_Replaced with 2nd run,,,,,,,,,2024-02-09 03:00:00
RI24-1247,Wade,02/09/2024,6:00,Isco,Stream,,,0.49,0.154,0.007,0.003,1.533,0.698,-0.003,0.955,0.963,0.002,7.694,,,,,,,,,,,,,,,,,,,,,,,,EST,,03/28/2024,UVM-Aglab_Replaced with 2nd run,,,,,,,,,2024-02-09 06:00:00
RI24-1248,Wade,02/09/2024,9:00,Isco,Stream,,,0.165,0.057,0.007,-0.001,1.53,0.647,-0.012,0.661,0.751,0.005,4.873,,,,,,,,,,,,,,,,,,,,,,,,EST,,03/28/2024,UVM-Aglab_Replaced with 2nd run,,,,,,,,,2024-02-09 09:00:00
RI24-1249,Wade,02/09/2024,12:00,Grab,Stream,Ice still covering Wade Brook MED,,0.459,0.141,0.007,0.03,1.33,0.668,-0.016,0.896,0.916,0.004,7.137,,,,,,,,,,-84.159,-12.58,,,,,,,,,,,,,EST,,03/28/2024,UVM-Aglab_Replaced with 2nd run,,,,,,,,,2024-02-09 12:00:00
RI24-1255,Potash,02/09/2024,2:00,Isco,Stream,,,0,0.064,0.007,-0.004,1.895,7.266,0.241,30.611,314.452,-0.052,39.671,,,,,,,,,,,,,,,,,,,,,,,,EST,,05/02/2024,UVM-Aglab_Replaced with 2nd run,,,,,,,,,2024-02-09 02:00:00
RI24-1256,Potash,02/09/2024,5:00,Isco,Stream,,,0.015,0.24,0.006,0.015,2.06,10.063,0.282,37.841,384.676,-0.087,87.854,,,,,,,,,,,,,,,,,,,,,,,,EST,,05/02/2024,UVM-Aglab_Replaced with 2nd run,,,,,,,,,2024-02-09 05:00:00
RI24-1257,Potash,02/09/2024,8:00,Isco,Stream,,,0.009,0.121,0.007,0.006,2.325,10.5,0.292,39.92,414.579,-0.059,54.712,,,,,,,,,,,,,,,,,,,,,,,,EST,,05/02/2024,UVM-Aglab_Replaced with 2nd run,,,,,,,,,2024-02-09 08:00:00
RI24-1258,Potash,02/09/2024,11:00,Isco,Stream,,,0.01,0.206,0.006,0.017,2.712,10.341,0.287,38.594,403.594,-0.072,73.004,,,,,,,,,,,,,,,,,,,,,,,,EST,,05/02/2024,UVM-Aglab_Replaced with 2nd run,,,,,,,,,2024-02-09 11:00:00
RI24-1250,Potash,02/09/2024,11:15,Grab,Stream,,,-0.007,0.102,0.004,0,2.416,8.664,0.189,33.788,347.769,-0.062,50.917,,,,,,,,,,,,,,,,,,,,,,,,EST,,05/02/2024,UVM-Aglab_Replaced with 2nd run,,,,,,,,,2024-02-09 11:15:00
RI24-1262,Hungerford,02/09/2024,3:00,Isco,Stream,,,0.029,0.059,0.007,-0.003,3.572,3.728,0.127,12.356,26.777,-0.06,56.749,,,,,,,,,,,,,,,,,,,,,,,,EST,,05/02/2024,UVM-Aglab_Replaced with 2nd run,,,,,,,,,2024-02-09 03:00:00
RI24-1263,Hungerford,02/09/2024,6:00,Isco,Stream,,,0.009,0.034,0.007,0.034,2.917,3.292,0.114,11.643,24.346,-0.043,37.368,,,,,,,,,,,,,,,,,,,,,,,,EST,,05/02/2024,UVM-Aglab_Replaced with 2nd run,,,,,,,,,2024-02-09 06:00:00
RI24-1264,Hungerford,02/09/2024,9:00,Isco,Stream,,,0.008,0.018,0.006,-0.005,2.882,3.783,0.132,13.44,28.514,-0.028,30.931,,,,,,,,,,,,,,,,,,,,,,,,EST,,05/02/2024,UVM-Aglab_Replaced with 2nd run,,,,,,,,,2024-02-09 09:00:00
RI24-1265,Hungerford,02/09/2024,12:00,Isco,Stream,,,0.006,0.024,0.006,-0.006,2.962,3.307,0.113,11.613,24.833,-0.036,30.768,,,,,,,,,,,,,,,,,,,,,,,,EST,,05/02/2024,UVM-Aglab_Replaced with 2nd run,,,,,,,,,2024-02-09 12:00:00
RI24-1266,Hungerford,02/09/2024,13:15,Grab,Stream,,,0.008,0.031,0.006,0.005,1.233,4.062,0.123,13.28,29.205,-0.036,35.253,,,,,,,,,,,,,,,,,,,,,,,,EST,,05/02/2024,UVM-Aglab_,,,,,,,,,2024-02-09 13:15:00
RI24-1011,Hungerford,02/10/2024,0:00,Isco,Stream,,,,,,,,,,,,,,,,,,,,,,,,,,,,,,,,,,,,,EST,,,,,,,,,,,,2024-02-10 00:00:00
RI24-1012,Hungerford,02/10/2024,3:00,Isco,Stream,,,,,,,,,,,,,,,328.36,,,,,,,,-76.473,-11.255,,,,,,,,,,,,,EST,,,,,,,Run 2024-09-24,,,,,2024-02-10 03:00:00
RI24-1013,Hungerford,02/10/2024,6:00,Isco,Stream,,,,,,,,,,,,,,,,,,,,,,,,,,,,,,,,,,,,,EST,,,,,,,,,,,,2024-02-10 06:00:00
RI24-1014,Hungerford,02/10/2024,9:00,Isco,Stream,,,,,,,,,,,,,,,326.6617,,,,,,,,-78.178,-11.46,,,,,,,,,,,,,EST,,,,,,,Run 2024-09-24,,,,,2024-02-10 09:00:00
RI24-1014,Hungerford,02/10/2024,9:00,Isco,Stream,,,,,,,,,,,,,,,18.78527482,,,,,,,,-78.178,-11.46,,,,,,,,,,,,,EST,,,,,,,Run 2024-10-17,,,,,2024-02-10 09:00:00
RI24-1015,Hungerford,02/10/2024,9:00,Grab,Stream,,,0.0466915154523734,0.0180112772768443,,0.0009711102028922,5.63157086672616,2.58238931374896,0.0310466919345356,6.57690180998787,14.2717958313185,0.0135821460194991,24.320293712484,,317.5978,,,,,,,,-77.963,-11.467,,,,,,,,,,,,,EST,,,DartmouthID_duffy-030625-008,0.0096351590381173,4.52699262278636,0.118376192247854,Run 2024-09-24,,,,,2024-02-10 09:00:00
RI24-1020,Potash,02/10/2024,2:00,Isco,Stream,,,0.0264238644837384,0.0633030067914331,,0.0021673699169013,5.73166866959437,2.43627355842532,0.0180644576341676,15.7058909141312,155.085490849404,0.0061472503133326,30.53712617132,,261.8523182,,,,,,,,-73.813,-10.915,,,,,,,,,,,,,EST,,,DartmouthID_duffy-030625-013,0.0141781207089652,6.23327027891633,0.150937527376135,Run 2024-10-17,,,,,2024-02-10 02:00:00
RI24-1021,Potash,02/10/2024,5:00,Isco,Stream,,,0.0211122229186983,0.0682156909929932,,0.0022964889239033,4.81543108861909,2.68832405687026,0.0174908607252333,16.615035094519,169.818842200836,0.0064329975393318,38.1849585661645,,,,,,,,,,,,,,,,,,,,,,,,EST,,,DartmouthID_duffy-030625-014,0.0176426553851224,6.66573729813452,0.178233416339546,,,,,,2024-02-10 05:00:00
RI24-1022,Potash,02/10/2024,8:00,Isco,Stream,,,0.0276906835671694,0.08321405540518,,0.0024234076101414,6.11922449285615,2.3500981245074,0.0208885335144033,15.327023592727,148.008678562251,0.005724467183983,39.5029663734393,,268.4343124,,,,,,,,-74.08,-10.842,,,,,,,,,,,,,EST,,,DartmouthID_duffy-030625-015,0.0189125058240618,6.19663982047803,0.180507423658677,Run 2024-10-17,,,,,2024-02-10 08:00:00
RI24-1023,Potash,02/10/2024,10:30,Grab,Stream,,,0.0131465314391819,0.0566785593490015,,0.0035448969348318,5.55419832007297,3.8189013996137,0.0198833858627015,23.9584776851577,237.264162808151,0.0049897883641014,32.3291066446674,,272.7200991,,,,,,,,-73.995,-10.859,,,,,,,,,,,,,EST,,,DartmouthID_duffy-030625-016,0.0138858493589233,9.31135960989134,0.172253232575641,Run 2024-10-17,,,,,2024-02-10 10:30:00
RI24-1035,Hungerford,02/10/2024,12:00,Isco,Stream,,,,,,,,,,,,,,,,,,,,,,,,,,,,,,,,,,,,,EST,,,,,,,,,,,,2024-02-10 12:00:00
RI24-1036,Hungerford,02/10/2024,15:00,Isco,Stream,,,,,,,,,,,,,,,17.06113553,,,,,,,,-79.451,-11.854,,,,,,,,,,,,,EST,,,,,,,Run 2024-10-17,,,,,2024-02-10 15:00:00
RI24-1037,Hungerford,02/10/2024,18:00,Isco,Stream,,,,,,,,,,,,,,,,,,,,,,,,,,,,,,,,,,,,,EST,,,,,,,,,,,,2024-02-10 18:00:00
RI24-1038,Hungerford,02/10/2024,21:00,Isco,Stream,,,,,,,,,,,,,,,16.33229416,,,,,,,,-79.919,-11.87,,,,,,,,,,,,,EST,,,,,,,Run 2024-10-17,,,,,2024-02-10 21:00:00
RI24-1024,Potash,02/10/2024,11:00,Isco,Stream,,,0.0257893029724959,0.0870644570918709,,0.0058584843811756,5.50309431154583,2.39586024382796,0.021123361153674,15.6811568419902,149.583838129016,0.0080237416732297,41.6412524664794,,,,,,,,,,,,,,,,,,,,,,,,EST,,,DartmouthID_duffy-030625-017,0.0200689440572631,6.23754287006825,0.185644404298592,,,,,,2024-02-10 11:00:00
RI24-1025,Potash,02/10/2024,14:00,Isco,Stream,,,0.0164114796571543,0.0512750480326806,,0.0024139727536817,6.0223068868481,3.48351582905418,0.0183636621838854,21.3615300995784,272.239988192737,0.0082864866332841,37.4993929200964,,283.4234993,,,,,,,,-74.29,-10.914,,,,,,,,,,,,,EST,,,DartmouthID_duffy-030625-018,0.0183945846156008,9.01363505215345,0.197022561718581,Run 2024-10-17,,,,,2024-02-10 14:00:00
RI24-1026,Potash,02/10/2024,17:00,Isco,Stream,,,0.0176067084875253,0.0414974960287902,,0.0015455458146841,5.63947275584036,2.32317661494922,0.0168811076802331,14.4807632139111,152.112407640956,0.00565403551483,30.5966796110956,,,,,,,,,,,,,,,,,,,,,,,,EST,,,DartmouthID_duffy-030625-019,0.0147922169044549,5.85357980113586,0.15104854914285,,,,,,2024-02-10 17:00:00
RI24-1027,Potash,02/10/2024,20:00,Isco,Stream,,,0.0287083174018072,0.0575135652659391,,0.0021884466611705,5.78803732487826,2.38329393010865,0.0188370682777216,14.7859140713497,149.183576151253,0.0079424299550476,36.3318665938228,,,,,,,,,,-74.665,-11.027,,,,,,,,,,,,,EST,,,DartmouthID_duffy-030625-020,0.0168946307530101,5.86176193640118,0.168715945749184,,,,,,2024-02-10 20:00:00
RI24-1028,Potash,02/10/2024,23:00,Isco,Stream,,,0.0255495239435863,0.0652301717741214,,0.0022198407318164,5.80720273488056,2.3305057510814,0.0218332791010172,14.8456545151281,154.109312006777,0.0095443532018302,38.3659881160288,,,,,,,,,,,,,,,,,,,,,,,,EST,,,DartmouthID_duffy-030625-021,0.0193096279433851,5.7876396108302,0.17070727408791,,,,,,2024-02-10 23:00:00
RI24-1049,Wade,02/10/2024,0:00,Isco,Stream,,,0.0195091695591745,0.0095075627680031,,0.0041309321432414,3.52656824984112,0.142862073360654,0.0053139611817702,0.576573514449597,0.555740241949146,0.0121391875981998,4.02542683909643,,2.165037473,,,,,,,,-85.295,-12.64,,,,,,,,,,,,,EST,,,DartmouthID_duffy-030625-031,0.0035416313788426,1.18778539657333,0.0249295861828593,Run 2024-10-31,,,,,2024-02-10 00:00:00
RI24-1050,Wade,02/10/2024,3:00,Isco,Stream,,,0.0442967255003188,0.0145181669730257,,0.0093022015319443,4.39394057188068,0.214950487432622,0.0048616813231296,0.824228994957635,0.803182153650515,0.014716377026983,5.69302666313506,,,,,,,,,,,,,,,,,,,,,,,,EST,,,DartmouthID_duffy-030625-032,0.0045257821333251,1.66198312071412,0.0348232965856089,,,,,,2024-02-10 03:00:00
RI24-1051,Wade,02/10/2024,6:00,Isco,Stream,,,0.0226808873054848,0.0068690366248788,,0.0570091464299196,3.13893687575015,0.966897478865734,0.0046035973943873,0.551610623935352,0.604508336564849,0.0119061367260829,3.88761497871392,,2.31939281,,,,,,,,-87.002,-12.818,,,,,,,,,,,,,EST,,,DartmouthID_duffy-030625-033,0.0033421638615823,1.14844994464776,0.0240869674355159,Run 2024-10-17,,,,,2024-02-10 06:00:00
RI24-1052,Wade,02/10/2024,9:00,Isco,Stream,,,0.0179157715856752,0.0103333563499289,,0.0068848875477052,0.819847302961506,0.17556610251839,0.0044761693122486,0.581112262022709,0.571116104509516,0.0086764891054432,4.12602114345231,,,,,,,,,,,,,,,,,,,,,,,,EST,,,DartmouthID_duffy-030625-034,0.0033911445553315,1.17076463342641,0.0257526138074977,,,,,,2024-02-10 09:00:00
RI24-1053,Wade,02/10/2024,12:00,Isco,Stream,,,0.0354995802724115,0.022114882091303,,0.0091689598053431,5.02338553953096,0.307760917381971,0.0083982963866047,0.973741777424999,1.07644354358278,0.0408364535851728,6.93861050382009,,1.891539175,,,,,,,,-92.558,-13.524,,,,,,,,,,,,,EST,,,DartmouthID_duffy-030625-035,0.0049203045122513,1.94143569417405,0.0434332348543175,Run 2024-10-31,,,,,2024-02-10 12:00:00
RI24-1054,Wade,02/10/2024,15:00,Isco,Stream,,,0.0292249920192377,0.0090183507393745,,0.0403155642657472,1.13141970297756,0.686249514272354,0.0035775806436855,0.466639020993258,0.517973521918784,0.0259135205584545,3.50526199558999,,,,,,,,,,,,,,,,,,,,,,,,EST,,,DartmouthID_duffy-030625-036,0.0037542974164478,1.02845461470148,0.0240670026604322,,,,,,2024-02-10 15:00:00
RI24-1055,Wade,02/10/2024,18:00,Isco,Stream,,,0.0325101408418581,0.0066213604212893,,0.0081903616108556,1.77302590375454,0.1639696011434,0.0047209365228997,0.38138974789204,0.382676867664231,0.0381427845115796,2.69914849296331,,2.840025672,,,,,,,,-98.03,-14.274,,,,,,,,,,,,,EST,,,DartmouthID_duffy-030625-037,0.0026835871900044,0.737764428722135,0.0171566321383573,Run 2024-10-31,,,,,2024-02-10 18:00:00
RI24-1056,Wade,02/10/2024,21:00,Isco,Stream,,,0.0312325537609419,0.0064187528254288,,0.0083429653701616,2.1921853799026,0.166613780807416,0.0039699550653334,0.38925856350103,0.409774307492274,0.0411589664089256,2.71811514209148,,,,,,,,,,,,,,,,,,,,,,,,EST,,,DartmouthID_duffy-030625-038,0.0026798135177396,0.746451677294877,0.0169677024785258,,,,,,2024-02-10 21:00:00
RI24-1029,Potash,02/11/2024,2:00,Isco,Stream,,,0.0245582669017432,0.0765499385717423,,0.0028945071251083,4.98376398780761,2.26379375695034,0.0232060135830872,14.7483110701002,147.590373783964,0.0085596605891731,36.941192309066,,,,,,,,,,,,,,,,,,,,,,,,EST,,,DartmouthID_duffy-030625-022,0.0182543505235702,5.54424609904913,0.165411807275997,,,,,,2024-02-11 02:00:00
RI24-1030,Potash,02/11/2024,5:00,Isco,Stream,,,0.0200251574971513,0.056652422114285,,0.0023910480182508,5.26329524486585,2.2487512831296,0.0185343498022886,14.5526553186057,143.063674875757,0.0063201535596225,32.9118737593624,,,,,,,,,,,,,,,,,,,,,,,,EST,,,DartmouthID_duffy-030625-023,0.016408518575529,5.5220442947438,0.156245648169076,,,,,,2024-02-11 05:00:00
RI24-1031,Potash,02/11/2024,8:00,Isco,Stream,,,0.0185799646959787,0.0607346309251031,,0.0021244423398859,5.93937227259249,2.24636520366023,0.0196865194362003,14.828525588213,147.358450929421,0.0059610862727998,35.3655333939313,,,,,,,,,,-74.972,-11.071,,,,,,,,,,,,,EST,,,DartmouthID_duffy-030625-024,0.0182097147962293,5.74949484144394,0.16428211131203,,,,,,2024-02-11 08:00:00
RI24-1032,Potash,02/11/2024,11:00,Isco,Stream,,,0.0208738307025085,0.0530813780472893,,0.0022639542270519,6.44913749919008,2.37344412831677,0.0192400911063947,15.326283012873,156.891259440403,0.0078611006135366,37.3194730634755,,,,,,,,,,-74.953,-11.041,,,,,,,,,,,,,EST,,,DartmouthID_duffy-030625-025,0.0184668895401109,5.95804891179576,0.173204639389109,,,,,,2024-02-11 11:00:00
RI24-1033,Potash,02/11/2024,15:30,Grab,Stream,,,0.0187249541085329,0.0404733553056226,,0.002453123970405,6.17684720215464,2.31041904597203,0.0165231984816521,14.8837015496657,153.102569605142,0.0063448213323211,26.4782113719359,,,,,,,,,,-75.245,-11.085,,,,,,,,,,,,,EST,,,DartmouthID_duffy-030625-026,0.0127730764609731,5.61696086605672,0.138020889106269,,,,,,2024-02-11 15:30:00
RI24-1001,Wade,02/11/2024,14:00,Isco,Stream,Duplicate PES for this sample,,0.0248467226316908,0.0059380012649175,,0.0092577684989695,2.58269656766204,0.162434353677663,0.0023899666259053,0.436962519992046,0.495754356249601,0.0376721818257804,3.04506148087476,,1.7943,,,,,,,,-95.683,-14.11,,,,,,,,,,,,,EST,,,DartmouthID_duffy-030625-001,0.0031829537717247,0.827794121954563,0.0188980915593969,Run 2024-09-24,,,,,2024-02-11 14:00:00
RI24-1002,Wade,02/11/2024,17:00,Isco,Stream,Duplicate PES for this sample,,0.0202878604927398,0.0052983609047469,,0.0046807191921767,2.70051533853943,0.172870059959894,0.0028721371388211,0.438012420889594,0.479872736802823,0.0267394576538612,3.06305314640447,,,,,,,,,,,,,,,,,,,,,,,,EST,,,DartmouthID_duffy-030625-002,0.003092258431195,0.847051545649488,0.0190617251149114,,,,,,2024-02-11 17:00:00
RI24-1003,Wade,02/11/2024,20:00,Isco,Stream,Duplicate PES for this sample,,0.0214332889627238,0.0038575689957689,,0.0119491318965742,2.49664107036762,0.133110928007831,0.0042114387765685,0.441800364119185,0.523873464482561,0.0313937013949575,3.07704980242206,,1.5105,,,,,,,,-93.675,-13.609,,,,,,,,,,,,,EST,,,DartmouthID_duffy-030625-003,0.0027852623120015,0.854398537439295,0.0189883764067322,Run 2024-09-24,,,,,2024-02-11 20:00:00
RI24-1004,Wade,02/11/2024,23:00,Isco,Stream,Duplicate PES for this sample,,0.0207475071637636,0.0035409724786685,,0.00521395352576,2.97137364006889,0.151966656781159,0.0014251181445574,0.450639630204052,0.547714577402798,0.0349509272750132,3.12781348058406,,,,,,,,,,,,,,,,,,,,,,,,EST,,,DartmouthID_duffy-030625-004,0.0027418891350071,0.865909656478115,0.0192642917032889,,,,,,2024-02-11 23:00:00
RI24-1039,Hungerford,02/11/2024,0:00,Isco,Stream,,,,,,,,,,,,,,,,,,,,,,,,,,,,,,,,,,,,,EST,,,,,,,,,,,,2024-02-11 00:00:00
RI24-1040,Hungerford,02/11/2024,3:00,Isco,Stream,,,,,,,,,,,,,,,18.17206839,,,,,,,,-80.683,-11.841,,,,,,,,,,,,,EST,,,,,,,Run 2024-10-17,,,,,2024-02-11 03:00:00
RI24-1041,Hungerford,02/11/2024,6:00,Isco,Stream,,,,,,,,,,,,,,,,,,,,,,,,,,,,,,,,,,,,,EST,,,,,,,,,,,,2024-02-11 06:00:00
RI24-1042,Hungerford,02/11/2024,9:00,Isco,Stream,,,,,,,,,,,,,,,,,,,,,,,,,,,,,,,,,,,,,EST,,,,,,,,,,,,2024-02-11 09:00:00
RI24-1043,Hungerford,02/11/2024,12:00,Isco,Stream,,,,,,,,,,,,,,,14.88569593,,,,,,,,-81.139,-11.904,,,,,,,,,,,,,EST,,,,,,,Run 2024-10-17,,,,,2024-02-11 12:00:00
RI24-1044,Hungerford,02/11/2024,14:30,Grab,Stream,,,,,,,,,,,,,,,14.88569593,,,,,,,,-81.076,-11.933,,,,,,,,,,,,,EST,,,,,,,Run 2024-10-17,,,,,2024-02-11 14:30:00
RI24-1057,Wade,02/11/2024,0:00,Isco,Stream,,,0.0278769444899454,0.0051791502127984,,0.0068191216898867,2.00273176665862,0.110242919917533,0.0037969980898367,0.396165706589927,0.448381000970931,0.0406860421191119,2.70796831670146,,2.306913773,,,,,,,,-97.849,-14.299,,,,,,,,,,,,,EST,,,DartmouthID_duffy-030625-039,0.0024376841405706,0.75007005950194,0.0168706676412498,Run 2024-10-17,,,,,2024-02-11 00:00:00
RI24-1058,Wade,02/11/2024,3:00,Isco,Stream,,,0.027510172610373,0.0052865100372667,,0.0130026803952677,1.81815862247486,0.139892082856105,0.0035078801316301,0.392083651001501,0.394964455349561,0.0357998708758203,2.68788702762485,,,,,,,,,,,,,,,,,,,,,,,,EST,,,DartmouthID_duffy-030625-040,0.0028169988391071,0.754536049669751,0.0169300523557982,,,,,,2024-02-11 03:00:00
RI24-1059,Wade,02/11/2024,6:00,Isco,Stream,,,0.0279105852476512,0.0070640810924235,,0.0089389760596754,3.21585743377651,0.253491218488339,0.0043982976778798,0.713538557589291,0.770332020389359,0.0448862550430986,4.91480575907341,,1.83102794,,,,,,,,-96.804,-14.171,,,,,,,,,,,,,EST,,,DartmouthID_duffy-030625-041,0.0045166702471483,1.37611646833708,0.0310476711305984,Run 2024-10-17,,,,,2024-02-11 06:00:00
RI24-1060,Wade,02/11/2024,9:00,Isco,Stream,,,0.0338239679325236,0.0081229819788724,,0.0546036059633197,4.26896448850787,0.964051231135432,0.0042883710277597,0.766735675450636,0.834903818253298,0.0518004334034159,5.25284955301342,,,,,,,,,,,,,,,,,,,,,,,,EST,,,DartmouthID_duffy-030625-042,0.0044272667937723,1.48795101821602,0.0331093676179618,,,,,,2024-02-11 09:00:00
RI24-1061,Wade,02/11/2024,12:00,Isco,Stream,,,0.0249810685862327,0.005360201590503,,0.0038042004224887,2.55598100731999,0.139403597536116,0.0038328740952718,0.417161393366296,0.41555835581789,0.038680323684474,2.84726416323815,,2.732597276,,,,,,,,-95.829,-14.205,,,,,,,,,,,,,EST,,,DartmouthID_duffy-030625-043,0.0029634678985346,0.795984956338635,0.0179747371682053,Run 2024-10-31,,,,,2024-02-11 12:00:00
RI24-1062,Wade,02/11/2024,13:00,Grab,Stream,,,0.0150609143495344,0.0040371407369064,,0.0069988153098238,2.36966805114638,0.186293625847624,0.0040236107974143,0.547033917431826,0.558516039843934,0.0197748350979098,3.63269013402194,,1.989960957,,,,,,,,-95.613,-14.192,,,,,,,,,,,,,EST,,,DartmouthID_duffy-030625-044,0.0047195442447988,1.0332799775178,0.0228529742966672,Run 2024-10-31,,,,,2024-02-11 13:00:00
RI24-1005,Wade,02/12/2024,2:00,Isco,Stream,Duplicate PES for this sample,,0.0220543388728659,0.0041247388146444,,0.0078871103333069,2.85457458834478,0.125264377708605,0.0018736448197974,0.46469946236877,0.603753020968482,0.0356398854505087,3.18968662238499,,,,,,,,,,,,,,,,,,,,,,,,EST,,,DartmouthID_duffy-030625-005,0.0027473007838014,0.909064363978073,0.0196343374893924,,,,,,2024-02-12 02:00:00
RI24-1006,Wade,02/12/2024,5:00,Isco,Stream,Duplicate PES for this sample,,0.0203612650063369,0.0040190304908232,,0.0069759816818246,2.85307139351874,0.116090695890841,0.0008918210958649,0.474716497846069,0.566226745035966,0.0291127055894794,3.2724748300542,,1.4975,,,,,,,,-94.155,-13.712,,,,,,,,,,,,,EST,,,DartmouthID_duffy-030625-006,0.0023767498502173,0.914127573497426,0.0201534646215499,Run 2024-09-24,,,,,2024-02-12 05:00:00
RI24-1007,Wade,02/12/2024,7:00,Isco,Stream,Duplicate PES for this sample,,0.022348168508525,0.0039855553655625,,0.0097077479012034,2.73159933141243,0.099258433812969,0.0016872236841051,0.460179567443441,0.531430809976123,0.0308671323930814,3.18896014767453,,,,,,,,,,,,,,,,,,,,,,,,EST,,,DartmouthID_duffy-030625-007,0.0023569438173502,0.898858479511837,0.0195461626067998,,,,,,2024-02-12 07:00:00
RI24-1045,Hungerford,02/12/2024,16:00,Grab,Stream,,,,,,,,,,,,,,,18.02118942,,,,,,,,-79.59,-11.733,,,,,,,,,,,,,EST,,,,,,,Run 2024-10-17,,,,,2024-02-12 16:00:00
RI24-1034,Potash,02/12/2024,13:45,Grab,Stream,,,0.0175264393556062,0.0476357476102658,,0.0021045672418533,4.78646569873195,2.40042830786737,0.0206740106081512,15.6674908763779,157.485591669867,0.0047219394653796,32.8662493862775,,,,,,,,,,-74.472,-11.136,,,,,,,,,,,,,EST,,,DartmouthID_duffy-030625-027,0.0151201577726762,6.04066466403364,0.164371498043057,,,,,,2024-02-12 13:45:00
RI24-1423,Potash,02/16/2024,9:00,Snow,Endmember,Potash snow,,0.0051240279469402,0.0027249809211102,,0.0506362442288233,0.0158332366278157,0.297722951456968,0.0080761144382778,0.0674374512182603,1.37172775010889,0.0065200644292705,0.813715006281711,,3.871,,,,,,,,-167.129,-23.518,,,,,,,,,,,,,EST,,05/21/2024,DartmouthID_AS-061025-153,0.0044325021955976,0.196526822616618,0.0016410264902192,Run 2025-07-21,,,,,2024-02-16 09:00:00
RI24-1213,Hungerford,02/23/2024,12:00,Soil water lysimeter wet,Endmember,Wet site lysimeter,,0.05,0,0.005,0.014,0.238,1.512,0.088,1.102,1.882,0.127,4.489,,,,,,,,,,-75.926,-11.288,,,,,,,,,,,,,EST,,03/28/2024,UVM-Aglab_,,,,,,,,,2024-02-23 12:00:00
RI24-1064,Hungerford,02/26/2024,15:00,Baseflow,Endmember,Baseflow candidate,,0.0280914050177682,0.0341624315975675,,0.0119220644732937,6.89782575598375,3.17502287026636,0.0252594593839047,12.3245356494279,25.117532506696,0.0080212294045925,36.9602816211563,,,,,,,,,,,,,,,,,,,,,,,,EST,,,DartmouthID_duffy-030625-046,0.0191688595280883,10.1481292662102,0.201463056287082,,,,,,2024-02-26 15:00:00
RI24-1065,Hungerford,02/26/2024,18:00,Isco,Stream,,,0.0331049073712447,0.027047905343652,,0.0078624011261873,6.85801132826089,2.44057246168356,0.0210297192662844,9.52522990638329,19.3557820040551,0.0083563556240152,38.1720335017454,,,,,,,,,,,,,,,,,,,,,,,,EST,,,DartmouthID_duffy-030625-047,0.0148440253579439,7.94620835848717,0.193288563019419,,,,,,2024-02-26 18:00:00
RI24-1066,Hungerford,02/26/2024,21:00,Isco,Stream,,,0.0373943175742122,0.0557035840926149,,0.0150839757780701,9.29493170253931,5.12611497734332,0.035941480347055,19.4579743705775,40.0418518599158,0.012273792562842,55.7682813497283,,,,,,,,,,,,,,,,,,,,,,,,EST,,,DartmouthID_duffy-030625-048,0.0243027939976854,15.8152640697329,0.298699647974488,,,,,,2024-02-26 21:00:00
RI24-1076,Potash,02/26/2024,13:15,Grab,Stream,"Staff Gage .54, overcast- windy",,,,,,,,,,,,,,,,,,,,,,-74.616,-11.15,,,,,,,,,,,,,EST,,,,,,,,,,,,2024-02-26 13:15:00
RI24-1077,Potash,02/26/2024,15:00,Isco,Stream,,,,,,,,,,,,,,,,,,,,,,,,,,,,,,,,,,,,,EST,,,,,,,,,,,,2024-02-26 15:00:00
RI24-1078,Potash,02/26/2024,18:00,Isco,Stream,,,,,,,,,,,,,,,,,,,,,,,,,,,,,,,,,,,,,EST,,,,,,,,,,,,2024-02-26 18:00:00
RI24-1106,Wade,02/26/2024,17:45,Grab,Stream,,,0.0078019466812399,0.002414779575439,,0.010751835675781,3.68933894299021,0.172792435653572,0.0046165909936813,0.575953745463762,0.619211790537501,0.0118860597305694,3.90579077479581,,2.34877196,,,,,,,,-87.257,-12.941,,,,,,,,,,,,,EST,,,DartmouthID_duffy-030625-069,0.0040164841875215,1.16820909416891,0.0242860401570198,Run 2024-10-17,,,,,2024-02-26 17:45:00
RI24-1212,Wade,02/26/2024,17:00,Soil water lysimeter dry,Endmember,Dry site lysimeter,,0.091,-0.006,0.004,0.002,0.151,0.3,0.008,0.12,1.433,0.289,0.35,,3.123,,,,,,,,-108.5,-15.623,,,,,,,,,,,,,EST,,03/28/2024,UVM-Aglab_,,,,Run 2025-06-05,,,,,2024-02-26 17:00:00
RI24-1221,Wade,02/26/2024,16:30,Snowmelt lysimeter,Endmember,Dry site lysimeter,,-0.009,-0.011,0.007,0.038,1.037,0.751,-0.01,0.917,0.621,0.007,2.88,,5.298,,,,,,,,-130.899,-18.526,,,,,,,,,,,,,EST,,03/28/2024,UVM-Aglab_Replaced with 2nd run,,,,Run 2025-06-05,,,,,2024-02-26 16:30:00
RI24-1067,Hungerford,02/27/2024,9:00,Isco,Stream,,,0.0390193629203064,0.020406017625521,,0.0055820558327865,4.32330220852913,2.57263918476367,0.0171052367718832,10.3169704347697,21.8845513039273,0.0086569138705513,35.8719618231252,,,,,,,,,,,,,,,,,,,,,,,,EST,,,DartmouthID_duffy-030625-049,0.0137906270634291,8.33254898900059,0.189361582029638,,,,,,2024-02-27 09:00:00
RI24-1068,Hungerford,02/27/2024,12:00,Isco,Stream,,,0.0534297910906383,0.0268698799351859,,0.0098629746192284,5.77356314133072,2.662374202092,0.0192785888401075,10.6747739690245,23.0945458415071,0.0119584686241912,40.1756935855576,,,,,,,,,,,,,,,,,,,,,,,,EST,,,DartmouthID_duffy-030625-050,0.0158954028154322,8.74398448672355,0.204248743199041,,,,,,2024-02-27 12:00:00
RI24-1069,Hungerford,02/27/2024,15:00,Isco,Stream,,,0.0485118712975007,0.022739774197488,,0.0056959288614202,6.64071197233953,2.18667062982593,0.017315776188363,8.4629283070511,18.025494647917,0.0101708446214847,29.7787816544345,,,,,,,,,,,,,,,,,,,,,,,,EST,,,DartmouthID_duffy-030625-051,0.0122016095299594,6.88460904735039,0.163741367771346,,,,,,2024-02-27 15:00:00
RI24-1070,Hungerford,02/27/2024,18:00,Isco,Stream,,,0.0480623634382958,0.0227550996171279,,0.0066184879788229,5.84786572820238,2.13860779825174,0.0201689316821703,8.63338060920663,18.506355096887,0.0161960377380061,34.5433198358749,,,,,,,,,,,,,,,,,,,,,,,,EST,,,DartmouthID_duffy-030625-052,0.0135652066593764,6.94828540213276,0.177479854415032,,,,,,2024-02-27 18:00:00
RI24-1071,Hungerford,02/27/2024,21:00,Isco,Stream,,,0.0272925838482701,0.015371750057276,,0.0045382382106385,3.09287678717861,2.66190189118079,0.0175628167424468,10.7083225889703,23.3719513354283,0.0057852416388012,30.9702017919153,,,,,,,,,,,,,,,,,,,,,,,,EST,,,DartmouthID_duffy-030625-053,0.0099836417985004,8.59144422830707,0.171727858089535,,,,,,2024-02-27 21:00:00
RI24-1079,Potash,02/27/2024,12:00,Isco,Stream,,,,,,,,,,,,,,,,,,,,,,,,,,,,,,,,,,,,,EST,,,,,,,,,,,,2024-02-27 12:00:00
RI24-1080,Potash,02/27/2024,15:00,Isco,Stream,,,,,,,,,,,,,,,,,,,,,,,,,,,,,,,,,,,,,EST,,,,,,,,,,,,2024-02-27 15:00:00
RI24-1081,Potash,02/27/2024,18:00,Isco,Stream,,,,,,,,,,,,,,,,,,,,,,,,,,,,,,,,,,,,,EST,,,,,,,,,,,,2024-02-27 18:00:00
RI24-1082,Potash,02/27/2024,21:00,Isco,Stream,,,,,,,,,,,,,,,,,,,,,,,,,,,,,,,,,,,,,EST,,,,,,,,,,,,2024-02-27 21:00:00
RI24-1089,Wade,02/27/2024,16:00,Isco,Stream,,,0.0148410470559131,0.0042334492858608,,0.0038417349227111,3.6833309987522,0.149225119818699,0.0033840690928443,0.570232018777689,0.620729783800029,0.0097695038396654,3.83394760169854,,,,,,,,,,,,,,,,,,,,,,,,EST,,,DartmouthID_duffy-030625-059,0.0032715384593993,1.14335664828305,0.0240874063012853,,,,,,2024-02-27 16:00:00
RI24-1090,Wade,02/27/2024,19:00,Isco,Stream,,,0.0164337235068582,0.0050719251260567,,0.0055198863737877,3.28104489893721,0.153552794498599,0.0039136764685071,0.540202900498435,0.595518011809128,0.0110558860145846,3.66480726080928,,,,,,,,,,,,,,,,,,,,,,,,EST,,,DartmouthID_duffy-030625-060,0.0033352096361504,1.09850370402581,0.023432139763248,,,,,,2024-02-27 19:00:00
RI24-1101,Wade,02/27/2024,22:00,Isco,Stream,,,0.021684566473107,0.0051297303272067,,0.0368841814828466,3.33353581586686,0.148379443854674,0.0030352565540709,0.517283446990183,0.622124100819015,0.016503756241414,3.64617320676292,,,,,,,,,,,,,,,,,,,,,,,,EST,,,DartmouthID_duffy-030625-064,0.003041058371502,1.04852062012368,0.0228614816994182,,,,,,2024-02-27 22:00:00
RI24-1063,Hungerford,02/28/2024,10:45,Grab,Stream,"Staff Gage .58 m, Overcast - slight wind",,0.0477342562614435,0.0191625689277231,,0.0068016258759078,3.80433343084662,1.8587672468399,0.0160864575551143,6.85743202849698,15.3110307959129,0.013477778905667,20.8266828178601,,21.11218274,,,,,,,,-77.559,-11.531,,,,,,,,,,,,,EST,,,DartmouthID_duffy-030625-045,0.0080132234109594,5.12065702274874,0.115583996321464,Run 2024-10-31,,,,,2024-02-28 10:45:00
RI24-1072,Hungerford,02/28/2024,0:00,Isco,Stream,,,0.0382235032850354,0.0266342077739903,,0.005053276085032,4.70528642700327,4.02084063984112,0.025779872477544,15.4056760236409,32.8745337354263,0.0146557294789436,48.1376136912677,,,,,,,,,,,,,,,,,,,,,,,,EST,,,DartmouthID_duffy-030625-054,0.0166344990464163,12.0395182754275,0.266714701957544,,,,,,2024-02-28 00:00:00
RI24-1073,Hungerford,02/28/2024,3:00,Isco,Stream,,,0.0551387928576897,0.0181589301951834,,0.0199317920263132,3.47810762189555,2.46123021305961,0.0220159373478804,9.35634041382903,20.1478724419219,0.0178410603094607,29.2426288488556,,,,,,,,,,,,,,,,,,,,,,,,EST,,,DartmouthID_duffy-030625-055,0.0106295874507548,7.31255200392369,0.163883693848128,,,,,,2024-02-28 03:00:00
RI24-1074,Hungerford,02/28/2024,6:00,Isco,Stream,,,0.0507852558128817,0.0166567825083881,,0.0051450719832521,3.84085711979441,2.25093159887812,0.0199826311501114,8.55911909342004,18.7268666787669,0.0191188029155065,23.9330690576766,,,,,,,,,,,,,,,,,,,,,,,,EST,,,DartmouthID_duffy-030625-056,0.0094746198132519,6.73559006306996,0.135777609036,,,,,,2024-02-28 06:00:00
RI24-1075,Hungerford,02/28/2024,9:00,Isco,Stream,,,0.0691440598844456,0.0192435736143367,,0.005855226537555,4.35168747996914,1.81986128239894,0.0206245132976624,7.07479683764768,15.5837372860965,0.0307686608938221,29.289449940873,,,,,,,,,,,,,,,,,,,,,,,,EST,,,DartmouthID_duffy-030625-057,0.0118100090911588,5.46735336887557,0.156419382703414,,,,,,2024-02-28 09:00:00
RI24-1083,Potash,02/28/2024,0:00,Isco,Stream,,,,,,,,,,,,,,,,,,,,,,,,,,,,,,,,,,,,,EST,,,,,,,,,,,,2024-02-28 00:00:00
RI24-1084,Potash,02/28/2024,3:00,Isco,Stream,,,,,,,,,,,,,,,,,,,,,,,,,,,,,,,,,,,,,EST,,,,,,,,,,,,2024-02-28 03:00:00
RI24-1085,Potash,02/28/2024,6:00,Isco,Stream,,,,,,,,,,,,,,,,,,,,,,,,,,,,,,,,,,,,,EST,,,,,,,,,,,,2024-02-28 06:00:00
RI24-1086,Potash,02/28/2024,9:00,Isco,Stream,,,,,,,,,,,,,,,,,,,,,,,,,,,,,,,,,,,,,EST,,,,,,,,,,,,2024-02-28 09:00:00
RI24-1087,Potash,02/28/2024,12:00,Isco,Stream,,,,,,,,,,,,,,,,,,,,,,,,,,,,,,,,,,,,,EST,,,,,,,,,,,,2024-02-28 12:00:00
RI24-1088,Wade,02/28/2024,11:15,Grab,Stream,,,0.0277439019150313,0.0103452870301642,,0.0172627092834415,2.87160375788355,0.293426438381717,0.0078646180718583,0.592081715897824,0.733640662759469,0.0410828999617895,4.25850618982023,,,,,,,,,,,,,,,,,,,,,,,,EST,,,DartmouthID_duffy-030625-058,0.0040822066417599,1.21868154985751,0.0279990993831062,,,,,,2024-02-28 11:15:00
RI24-1102,Wade,02/28/2024,1:00,Isco,Stream,,,0.020751037266064,0.0049610170223552,,0.0059488086478586,2.86186962100452,0.148494483993558,0.0019748422944324,0.489125192803107,0.549781362982402,0.0165092428919559,3.43906296294318,,,,,,,,,,,,,,,,,,,,,,,,EST,,,DartmouthID_duffy-030625-065,0.0030185477557846,0.992098158192939,0.0218557120731443,,,,,,2024-02-28 01:00:00
RI24-1103,Wade,02/28/2024,4:00,Isco,Stream,,,0.0299539156546614,0.006187503451025,,0.005736854555961,2.9846052232031,0.162936413453261,0.0044251328055395,0.465071840140434,0.535013391336501,0.0228885644527435,3.29015686760012,,,,,,,,,,,,,,,,,,,,,,,,EST,,,DartmouthID_duffy-030625-066,0.0031939910254024,0.934377956280285,0.0211130055094698,,,,,,2024-02-28 04:00:00
RI24-1104,Wade,02/28/2024,7:00,Isco,Stream,,,0.0311599635408438,0.0058857939430225,,0.0078906719140692,2.84152873475019,0.183045483542343,0.0046855042320343,0.416016767902521,0.484317783429349,0.026355010958563,2.97327386902635,,,,,,,,,,,,,,,,,,,,,,,,EST,,,DartmouthID_duffy-030625-067,0.0030347268051023,0.828624632285349,0.019087069711837,,,,,,2024-02-28 07:00:00
RI24-1105,Wade,02/28/2024,10:00,Isco,Stream,,,0.032106901802172,0.0064575164248749,,0.0057210052291916,1.79206782855242,0.178732137965927,0.0047500120152007,0.385731413576486,0.442673675722157,0.0328205871001893,2.71143397616805,,,,,,,,,,,,,,,,,,,,,,,,EST,,,DartmouthID_duffy-030625-068,0.0027386097844801,0.758525756860939,0.0174521608326598,,,,,,2024-02-28 10:00:00
RI24-1107,Wade,02/28/2024,13:00,Isco,Stream,,,0.023286255869964,0.0046676282428227,,0.0086699238382933,1.68269661477649,0.111566054886067,0.000996047986624,0.337440592012287,0.394351110957722,0.0333089441172071,2.43134009076026,,,,,,,,,,,,,,,,,,,,,,,,EST,,,DartmouthID_duffy-030625-070,0.0016408513855125,0.69893594378049,0.0154039553866335,,,,,,2024-02-28 13:00:00
RI24-1108,Wade,02/28/2024,16:00,Isco,Stream,,,0.0321776504192503,0.0100585621070263,,0.129273945106169,1.62460675055761,0.391740237845068,0.003356457600768,0.326631852577839,0.494707298343342,0.0467665645926109,2.38677560840706,,,,,,,,,,,,,,,,,,,,,,,,EST,,,DartmouthID_duffy-030625-071,0.0020512656889794,0.703086261731758,0.0155225817875718,,,,,,2024-02-28 16:00:00
RI24-1109,Wade,02/28/2024,19:00,Isco,Stream,,,0.0287583534628705,0.0075091730147396,,0.0052643476937392,1.23514515353622,0.109382825402174,0.0044376612964927,0.304897414772085,0.38517840933631,0.0432023162820373,2.20199065248146,,,,,,,,,,,,,,,,,,,,,,,,EST,,,DartmouthID_duffy-030625-072,0.0021114341376275,0.647005147413933,0.0142732978319982,,,,,,2024-02-28 19:00:00
RI24-1114,Hungerford,02/28/2024,12:00,Isco,Stream,,,0.0172575353207798,0.0158858974666788,,0.001559102279934,4.88159879745796,1.64705250078354,0.0105996029763134,6.65046507975793,14.9975740218511,0.0083506077320132,22.3704167292091,,,,,,,,,,,,,,,,,,,,,,,,EST,,,DartmouthID_duffy-030625-077,0.0076573977342238,4.85043069980724,0.117874584181853,,,,,,2024-02-28 12:00:00
RI24-1115,Hungerford,02/28/2024,15:00,Isco,Stream,,,0.0359428960332631,0.0204980330464599,,0.0026693382587032,4.85322001572009,1.66020343045872,0.0140417352203236,6.20304875722436,13.6859546438528,0.0103091353598521,25.0986148465663,,,,,,,,,,,,,,,,,,,,,,,,EST,,,DartmouthID_duffy-030625-078,0.0098789693491877,4.5008024853306,0.127717373212846,,,,,,2024-02-28 15:00:00
RI24-1116,Hungerford,02/28/2024,18:00,Isco,Stream,,,0.0421287522346252,0.0186022667020311,,0.0017874713959484,5.21556688054137,1.94427576646901,0.0148666304908803,6.81077663025361,15.3640169729575,0.0163283446775542,24.7290026944005,,,,,,,,,,,,,,,,,,,,,,,,EST,,,DartmouthID_duffy-030625-079,0.0092314412763595,4.99594749268753,0.126669087519758,,,,,,2024-02-28 18:00:00
RI24-1117,Hungerford,02/28/2024,21:00,Isco,Stream,,,0.0449025556769287,0.023016318321686,,0.0041199184073686,5.1388817823665,1.95970283149099,0.0284043549775849,6.29917405765277,13.7070201693135,0.0138931374829031,21.5802552798183,,,,,,,,,,,,,,,,,,,,,,,,EST,,,DartmouthID_duffy-030625-080,0.0110685530871485,4.62162510495881,0.109558027401287,,,,,,2024-02-28 21:00:00
RI24-1120,Potash,02/28/2024,15:00,Isco,Stream,,,0.0145517133115025,0.0568387365863502,,0.0043200926864688,5.56448182542755,2.25662869237689,0.0191519699585924,15.3290310342489,169.840699943379,0.0056189588304228,30.9753286689037,,,,,,,,,,,,,,,,,,,,,,,,EST,,,DartmouthID_duffy-030625-083,0.0148442548028454,5.97220518881004,0.168195278781028,,,,,,2024-02-28 15:00:00
RI24-1121,Potash,02/28/2024,18:00,Isco,Stream,,,0.022122064343932,0.116353666517853,,0.007372448609667,6.80738511814148,3.1224846053691,0.0277342557854319,20.0929926660231,229.274020271636,0.0097881644903582,48.3774637725401,,,,,,,,,,,,,,,,,,,,,,,,EST,,,DartmouthID_duffy-030625-084,0.026421019877068,7.76605777728038,0.229975283637771,,,,,,2024-02-28 18:00:00
RI24-1122,Potash,02/28/2024,21:00,Isco,Stream,,,0.618560385219778,0.0815708805679919,,0.079225266793702,5.4239176658856,2.11452899085688,0.0402226053496896,12.6948420167323,203.316869974027,0.329457754582068,31.4635864640482,,,,,,,,,,,,,,,,,,,,,,,,EST,,,DartmouthID_duffy-030625-085,0.0199908002811346,5.7640712852125,0.159057205488422,,,,,,2024-02-28 21:00:00
RI24-1110,Wade,02/29/2024,22:00,Isco,Stream,,,0.0302662596989701,0.0090131590919931,,0.0086643092862099,0.876679701248624,0.0545402100701818,0.0015937533914151,0.220959245570786,0.295836405915185,0.0437724205111655,1.63359853392905,,,,,,,,,,,,,,,,,,,,,,,,EST,,,DartmouthID_duffy-030625-073,0.0011326463121992,0.470895986779274,0.0104059332945134,,,,,,2024-02-29 22:00:00
RI24-1111,Wade,02/29/2024,1:00,Isco,Stream,,,0.0248170536537885,0.0093797527823952,,0.0091173851382461,0.871679588104204,0.124434881058882,0.0020557701781296,0.347108165156335,0.432836657723694,0.0282082829310186,2.45535072647684,,,,,,,,,,,,,,,,,,,,,,,,EST,,,DartmouthID_duffy-030625-074,0.0021409961653024,0.720142719110531,0.0155320819492595,,,,,,2024-02-29 01:00:00
RI24-1118,Hungerford,02/29/2024,0:00,Isco,Stream,,,0.0427034536974689,0.0274511357866411,,0.0039060153817764,5.95954025379983,2.87336257956058,0.0296273800254095,7.59507586236448,16.0412664404748,0.0176149318133994,30.9282684929274,,,,,,,,,,,,,,,,,,,,,,,,EST,,,DartmouthID_duffy-030625-081,0.0149892892870593,5.51274328863377,0.147286025983649,,,,,,2024-02-29 00:00:00
RI24-1123,Potash,02/29/2024,0:00,Isco,Stream,,,0.0227687761060292,0.0714395612817411,,0.0037379674001553,4.5270593803939,2.50207982898259,0.020433897913407,14.4201160215765,184.79120182341,0.0079386962488741,32.1102067750852,,,,,,,,,,,,,,,,,,,,,,,,EST,,,DartmouthID_duffy-030625-086,0.0169281082068518,5.68205934097186,0.154232173309285,,,,,,2024-02-29 00:00:00
RI24-1112,Wade,03/01/2024,11:00,Grab,Stream,Grab Taken in Isco Bottle,,0.0198732113328167,0.0036057651340549,,0.0136733641642811,2.28196039448594,0.161393736493695,0.0046520625549761,0.493260312459085,0.561579538774302,0.0266063718322704,3.25773642520186,,3.624,,,,,,,,-99.868,-14.516,,,,,,,,,,,,,EST,,,DartmouthID_duffy-030625-075,0.0027281267589361,0.948408272516272,0.0197071050489521,Run 2025-06-05,,,,,2024-03-01 11:00:00
RI24-1113,Wade,03/01/2024,11:00,Grab,Stream,Grab Taken in (acidwashed) polypro bottle,,0.024378910361965,0.0035164986161246,,0.0058432172377215,1.42617557192139,0.0550180064995577,0.0016698023920047,0.458226227743977,0.477858118274384,0.0204559450071696,3.12569688582894,,2.153298055,,,,,,,,-100.459,-14.754,,,,,,,,,,,,,EST,,,DartmouthID_duffy-030625-076,0.00248599350973,0.891363964363009,0.0188567854301069,Run 2024-10-17,,,,,2024-03-01 11:00:00
RI24-1119,Hungerford,03/01/2024,12:30,Grab,Stream,Grab Taken in Isco Bottle,,0.0651026614906351,0.0382660607394016,,0.0042105368341689,5.96715160720775,2.81933332925965,0.038484694045175,8.71621464565756,18.6761616212415,0.0155657213388587,31.7416753768502,,20.32614593,,,,,,,,-78.952,-11.595,,,,,,,,,,,,,EST,,,DartmouthID_duffy-030625-082,0.0167238767353893,6.7916726787462,0.158423074169128,Run 2024-10-17,,,,,2024-03-01 12:30:00
RI24-1124,Potash,03/01/2024,12:00,Isco,Stream,,,0.0140574573728241,0.0533193502480743,,0.0040849626835167,5.09010503191985,2.69235553007316,0.0173766713596841,16.5278945974036,222.140912599819,0.0040300850021654,25.1666960773192,,,,,,,,,,,,,,,,,,,,,,,,EST,,,DartmouthID_duffy-030625-087,0.0136603817436867,6.28123683256945,0.134997036858608,,,,,,2024-03-01 12:00:00
RI24-1125,Potash,03/01/2024,14:00,Grab,Stream,Grab Taken in (acidwashed) Polypro bottle,,0.0202887630518621,0.0789213913668522,,0.0040488106653201,6.04401095314549,3.08581879738839,0.0210768867394162,19.6684989918297,264.327254526698,0.0060502027705748,33.4610313708702,,379.5760932,,,,,,,,-73.763,-10.859,,,,,,,,,,,,,EST,,,DartmouthID_duffy-030625-088,0.0203761848082772,7.48612701313517,0.174935069086245,Run 2024-10-31,,,,,2024-03-01 14:00:00
RI24-1126,Potash,03/01/2024,14:00,Grab,Stream,Grab Taken in isco bottle,,0.113185386584563,0.0605585914696242,,0.0041964796952503,4.96558558880582,2.8104015478362,0.0237882123447241,17.9088874622259,238.532576980029,0.0357245426230916,30.4884911943717,,,,,,,,,,,,,,,,,,,,,,,,EST,,,DartmouthID_duffy-030625-089,0.0153605136312133,6.74946064350817,0.160589504807126,,,,,,2024-03-01 14:00:00
RI24-1128,Potash,03/12/2024,10:40,Grab,Stream,Grab Taken in (acidwashed) Polypro bottle,,0.017,0.054,0.007,0.074,2.266,2.764,0.112,14.706,185.82,-0.044,45.557,,366.8739624,,,,,,,,-83.56,-12.074,,,,,,,,,,,,,EDT,,04/15/2024,UVM-Aglab_2024-03-28 run at UVM,,,,Run 2024-10-17,,,,,2024-03-12 10:40:00
RI24-1141,Potash,03/12/2024,15:00,Isco,Stream,,,,,,,,,,,,,,,,,,,,,,,-83.007,-11.986,,,,,,,,,,,,,EDT,,,,,,,,,,,,2024-03-12 15:00:00
RI24-1142,Potash,03/12/2024,18:00,Isco,Stream,,,,,,,,,,,,,,,,,,,,,,,,,,,,,,,,,,,,,EDT,,,,,,,,,,,,2024-03-12 18:00:00
RI24-1143,Potash,03/12/2024,21:00,Isco,Stream,,,,,,,,,,,,,,,,,,,,,,,-84.372,-12.201,,,,,,,,,,,,,EDT,,,,,,,,,,,,2024-03-12 21:00:00
RI24-1127,Hungerford,03/12/2024,12:30,Grab,Stream,Polypro grab,,0.042,0.008,0.006,-0.009,2.452,2.597,0.063,6.846,12.979,-0.026,35.79,,20.28767067,,,,,,,,-84.392,-12.087,,,,,,,,,,,,,EDT,,04/15/2024,UVM-Aglab_2024-03-28 run at UVM,,,,Run 2024-10-31,,,,,2024-03-12 12:30:00
RI24-1091,Hungerford,03/12/2024,15:00,Isco,Stream,,,0.0462429236707209,0.0124579680045812,,0.0018765423608328,6.04625985224194,2.50418559195805,0.0214355980423358,6.93299252793567,15.2896936523867,0.0176400616157811,27.8519278282465,,22.52763454,,,,,,,,-84.329,-12.318,,,,,,,,,,,,,EDT,,,DartmouthID_duffy-030625-061,0.013113424224969,5.3489123626978,0.140979055799044,Run 2024-10-17,,,,,2024-03-12 15:00:00
RI24-1092,Hungerford,03/12/2024,18:00,Isco,Stream,,,0.0349558621268323,0.0093737918815975,,0.0013206972677164,4.94768585416543,3.36578997800916,0.0196009541302753,8.88312079552799,19.9751203530615,0.0136380426210962,21.2526220846992,,,,,,,,,,,,,,,,,,,,,,,,EDT,,,DartmouthID_duffy-030625-062,0.0089475016702932,6.33054913039778,0.124220605946167,,,,,,2024-03-12 18:00:00
RI24-1093,Hungerford,03/12/2024,21:00,Isco,Stream,,,0.0615895051867968,0.0151642097648755,,0.0029157345674104,5.53652747651362,3.62766024065274,0.0998388776208596,6.92948509605985,15.3249308773221,0.0275293201398373,30.3062088767852,,20.84025388,,,,,,,,-90.334,-13.004,,,,,,,,,,,,,EDT,,,DartmouthID_duffy-030625-063,0.0163660463994845,5.08179299931693,0.142684769394366,Run 2024-10-17,,,,,2024-03-12 21:00:00
RI24-1100,Wade,03/12/2024,14:45,Grab,Stream,Grab Taken in (acidwashed) polypro bottle,,0.001,-0.008,0.003,0.081,0.724,0.296,0.004,0.396,0.557,0.016,2.782,,2.13852138,,,,,,,,-98.116,-14.331,,,,,,,,,,,,,EDT,,04/15/2024,UVM-Aglab_2024-03-28 run at UVM,,,,Run 2024-10-17,,,,,2024-03-12 14:45:00
RI24-1130,Wade,03/12/2024,15:00,Isco,Stream,,,0.015,-0.007,0.005,-0.008,0.623,0.319,0.008,0.405,0.222,0.019,2.911,,1.93793812,,,,,,,,-97.913,-14.377,,,,,,,,,,,,,EDT,,04/15/2024,UVM-Aglab_2024-03-28 run at UVM,,,,Run 2024-10-31,,,,,2024-03-12 15:00:00
RI24-1131,Wade,03/12/2024,18:00,Isco,Stream,,,0.007,-0.007,0.005,-0.009,0.634,0.302,0.001,0.385,0.031,0.017,2.803,,,,,,,,,,,,,,,,,,,,,,,,EDT,,04/15/2024,UVM-Aglab_2024-03-28 run at UVM,,,,,,,,,2024-03-12 18:00:00
RI24-1132,Wade,03/12/2024,21:00,Isco,Stream,,,0.009,-0.006,0.005,-0.008,0.896,0.314,0.003,0.411,0.062,0.011,2.943,,2.378034444,,,,,,,,-98.06,-14.411,,,,,,,,,,,,,EDT,,04/15/2024,UVM-Aglab_2024-03-28 run at UVM,,,,Run 2024-10-17,,,,,2024-03-12 21:00:00
RI24-1144,Potash,03/13/2024,0:00,Isco,Stream,,,,,,,,,,,,,,,,,,,,,,,-84.645,-12.311,,,,,,,,,,,,,EDT,,,,,,,,,,,,2024-03-13 00:00:00
RI24-1145,Potash,03/13/2024,12:00,Isco,Stream,,,,,,,,,,,,,,,,,,,,,,,-83.411,-12.166,,,,,,,,,,,,,EDT,,,,,,,,,,,,2024-03-13 12:00:00
RI24-1146,Potash,03/13/2024,15:00,Isco,Stream,,,,,,,,,,,,,,,,,,,,,,,,,,,,,,,,,,,,,EDT,,,,,,,,,,,,2024-03-13 15:00:00
RI24-1147,Potash,03/13/2024,18:00,Isco,Stream,,,,,,,,,,,,,,,,,,,,,,,-82.645,-12.064,,,,,,,,,,,,,EDT,,,,,,,,,,,,2024-03-13 18:00:00
RI24-1148,Potash,03/13/2024,21:00,Isco,Stream,,,,,,,,,,,,,,,,,,,,,,,,,,,,,,,,,,,,,EDT,,,,,,,,,,,,2024-03-13 21:00:00
RI24-1232,Wade,03/13/2024,15:00,Isco,Stream,,,0.0183285593430614,0.0012476693219955,,0.0369817936535035,0.419209410072191,0.345563444058522,0.0030423866237834,0.438885479613769,0.53516467694284,0.0211400744714283,2.5202510346941,,,,,,,,,,-96.446,-14.033,,,,,,,,,,,,,EDT,,05/21/2024,DartmouthID_AS-061025-147,0.0021372271293628,0.80011074873716,0.0148831553621984,,,,,,2024-03-13 15:00:00
RI24-1233,Wade,03/13/2024,18:00,Isco,Stream,,,0.0107262218571076,0.0005491976478858,,0.0355167429509059,2.73596094868891,0.266534046840983,0.0007143001278067,0.419398183834472,0.510907787834068,0.0199321160476742,2.90138147657519,,,,,,,,,,,,,,,,,,,,,,,,EDT,,05/21/2024,DartmouthID_AS-061025-140,0.0023180800207424,0.844660592693872,0.0171040115533667,,,,,,2024-03-13 18:00:00
RI24-1234,Wade,03/13/2024,21:00,Isco,Stream,,,,,,,,,,,,,,,,,,,,,,,-96.89,-14.194,,,,,,,,,,,,,EDT,,05/21/2024,,,,,,,,,,2024-03-13 21:00:00
RI24-1133,Wade,03/13/2024,0:00,Isco,Stream,,,0.006,-0.007,0.005,-0.009,0.79,0.312,0.003,0.409,0.03,0.016,2.886,,,,,,,,,,,,,,,,,,,,,,,,EDT,,04/15/2024,UVM-Aglab_2024-03-28 run at UVM,,,,,,,,,2024-03-13 00:00:00
RI24-1129,Wade,03/13/2024,14:30,Grab,Stream,Grab Taken in (acidwashed) polypro bottle,,0.003,-0.008,0.016,-0.007,0.755,0.331,0.012,0.404,0.468,0.019,2.903,,1.867589014,,,,,,,,-96.624,-14.174,,,,,,,,,,,,,EDT,,04/15/2024,UVM-Aglab_2024-03-28 run at UVM,,,,Run 2024-10-31,,,,,2024-03-13 14:30:00
RI24-1098,Wade,03/13/2024,15:15,Snowmelt lysimeter,Endmember,Dry site lysimeter,,-0.006,0.026,0.005,0.121,0.082,0.56,0.003,0.574,0.814,0.006,1.839,,2.613238111,,,,,,,,-121.24,-17.13,,,,,,,,,,,,,EDT,,04/15/2024,UVM-Aglab_2024-03-28 run at UVM,,,,Run 2024-10-17,,,,,2024-03-13 15:15:00
RI24-1099,Wade,03/13/2024,15:15,Snow,Endmember,Dry site snow,,-0.011,-0.01,0.003,0.004,-0.109,0.227,-0.002,0.006,0.314,-0.005,0.158,,2.054828239,,,,,,,,-156.488,-21.724,,,,,,,,,,,,,EDT,,04/15/2024,UVM-Aglab_2024-03-28 run at UVM,,,,Run 2024-10-17,,,,,2024-03-13 15:15:00
RI24-1149,Potash,03/14/2024,0:00,Isco,Stream,,,,,,,,,,,,,,,,,,,,,,,-81.798,-11.888,,,,,,,,,,,,,EDT,,,,,,,,,,,,2024-03-14 00:00:00
RI24-1150,Potash,03/14/2024,3:00,Isco,Stream,,,,,,,,,,,,,,,,,,,,,,,,,,,,,,,,,,,,,EDT,,,,,,,,,,,,2024-03-14 03:00:00
RI24-1152,Potash,03/14/2024,6:00,Isco,Stream,,,,,,,,,,,,,,,,,,,,,,,,,,,,,,,,,,,,,EDT,,,,,,,,,,,,2024-03-14 06:00:00
RI24-1151,Potash,03/14/2024,9:00,Isco,Stream,,,,,,,,,,,,,,,,,,,,,,,-81.329,-11.901,,,,,,,,,,,,,EDT,,,,,,,,,,,,2024-03-14 09:00:00
RI24-1172,Wade,03/14/2024,15:00,Isco,Stream,,,-0.004,-0.016,0.004,0,1.256,0.525,-0.044,0.391,0.531,0.025,2.973,,,,,,,,,,,,,,,,,,,,,,,,EDT,,05/02/2024,UVM-Aglab_,,,,,,,,,2024-03-14 15:00:00
RI24-1173,Wade,03/14/2024,18:00,Isco,Stream,,,0.008,-0.014,0.004,0.003,1.205,0.546,-0.027,0.39,0.534,0.022,2.994,,,,,,,,,,-97.885,-14.26,,,,,,,,,,,,,EDT,,05/02/2024,UVM-Aglab_,,,,,,,,,2024-03-14 18:00:00
RI24-1174,Wade,03/14/2024,21:00,Isco,Stream,,,0.015,-0.014,0.004,0,1.126,0.53,-0.048,0.368,0.494,0.023,2.885,,,,,,,,,,,,,,,,,,,,,,,,EDT,,05/02/2024,UVM-Aglab_,,,,,,,,,2024-03-14 21:00:00
RI24-1193,Hungerford,03/14/2024,18:00,Isco,Stream,,,0.005,-0.007,0.002,0.002,2.587,3.046,0.023,6.456,13.374,-0.031,36.034,,,,,,,,,,-86.732,-12.927,,,,,,,,,,,,,EDT,,07/18/2024,UVM-Aglab_Replaced with Si run values,,,,,,,,,2024-03-14 18:00:00
RI24-1194,Hungerford,03/14/2024,21:00,Isco,Stream,,,0.018,-0.007,0.002,0.004,3.432,3.108,0.05,6.375,12.934,-0.046,35.998,,,,,,,,,,,,,,,,,,,,,,,,EDT,,07/18/2024,UVM-Aglab_Replaced with Si run values,,,,,,,,,2024-03-14 21:00:00
RI24-1214,Potash,03/14/2024,12:00,Isco,Stream,,,0.025,0.057,0.007,-0.001,2.248,4.057,0.145,15.587,161.717,-0.023,50.959,,,,,,,,,,,,,,,,,,,,,,,,EDT,,05/02/2024,UVM-Aglab_,,,,,,,,,2024-03-14 12:00:00
RI24-1215,Potash,03/14/2024,15:00,Isco,Stream,,,0.021,0.048,0.006,-0.006,2.079,3.034,0.141,16.155,156.764,-0.025,47.939,,,,,,,,,,-80.84,-11.752,,,,,,,,,,,,,EDT,,05/02/2024,UVM-Aglab_Replaced with re-run,,,,,,,,,2024-03-14 15:00:00
RI24-1216,Potash,03/14/2024,18:00,Isco,Stream,,,0.034,0.043,0.006,-0.004,2.124,3.989,0.145,15.553,159.153,-0.039,47.571,,,,,,,,,,,,,,,,,,,,,,,,EDT,,05/02/2024,UVM-Aglab_,,,,,,,,,2024-03-14 18:00:00
RI24-1217,Potash,03/14/2024,21:00,Isco,Stream,,,0.013,0.045,0.006,-0.004,2.057,4.138,0.136,15.766,162.302,-0.039,49.417,,,,,,,,,,-80.318,-11.753,,,,,,,,,,,,,EDT,,05/02/2024,UVM-Aglab_,,,,,,,,,2024-03-14 21:00:00
RI24-1235,Wade,03/14/2024,0:00,Isco,Stream,,,0.0230182280748054,0.0080100778723469,,0.039176785602324,1.65228329825847,0.450358709046728,0.0032739547916914,1.06214505365332,1.25853526600503,0.0457484456198045,7.5042012206817,,,,,,,,,,-97.077,-14.146,,,,,,,,,,,,,EDT,,05/21/2024,DartmouthID_AS-061025-149,0.0068797116498583,2.15319276083259,0.0444424134852248,,,,,,2024-03-14 00:00:00
RI24-1236,Wade,03/14/2024,3:00,Isco,Stream,,,0.0130189910332281,0.0005310456708514,,0.0390515103869588,2.63852250069066,0.300509030549198,0.0024417789001674,0.451554003051745,0.550845933675425,0.0220660090018076,3.11385816534487,,,,,,,,,,,,,,,,,,,,,,,,EDT,,05/21/2024,DartmouthID_AS-061025-143,0.0027299099799754,0.91226239618411,0.0184819741448956,,,,,,2024-03-14 03:00:00
RI24-1237,Wade,03/14/2024,6:00,Isco,Stream,,,0.0313784882210971,0.0023449947544191,,0.0344785339328534,0.87729702796871,0.439367615132427,0.0051639834014022,0.713313926568766,0.837411057781897,0.0321910571374749,4.90735827696277,,,,,,,,,,-97.07,-14.117,,,,,,,,,,,,,EDT,,05/21/2024,DartmouthID_AS-061025-145,0.0040493792669593,1.45841841894102,0.0292093954025477,,,,,,2024-03-14 06:00:00
RI24-1238,Wade,03/14/2024,9:00,Isco,Stream,,,0.0091155449417051,0.0026557487808157,,0.0377070778540044,3.05023209667396,0.365709987912986,0.0040368915503199,0.450642923044972,0.545096378446448,0.0260413227738161,3.13629990332143,,,,,,,,,,,,,,,,,,,,,,,,EDT,,05/21/2024,DartmouthID_AS-061025-142,0.0030062400796086,0.902663753880825,0.018867581122011,,,,,,2024-03-14 09:00:00
RI24-1239,Wade,03/14/2024,12:00,Isco,Stream,,,0.0133837706837051,0.0006846495033252,,0.0340500856857941,0.872820706144121,0.32267584335622,0.0047783568209071,0.532675256876127,0.648131557747955,0.0231536011050357,3.74485733823322,,,,,,,,,,-97.22,-14.179,,,,,,,,,,,,,EDT,,05/21/2024,DartmouthID_AS-061025-150,0.0030837656360763,1.10772626734578,0.0222616897027153,,,,,,2024-03-14 12:00:00
RI24-1240,Wade,03/14/2024,13:15,Grab,Stream,Gauge @ 0.45m SS,,0.0113842051072977,0.0034858570048521,,0.0371302869034995,3.13895040201655,0.293706622100679,0.0011642639059331,0.448915986554089,0.522835787711601,0.0221532604532898,3.14409027272085,,,,,,,,,,,,,,,,,,,,,,,,EDT,,05/21/2024,DartmouthID_AS-061025-141,0.0032488236512465,0.920779521112523,0.0186641656569425,,,,,,2024-03-14 13:15:00
RI24-1175,Wade,03/15/2024,0:00,Isco,Stream,,,0.015,-0.014,0.004,-0.002,1.121,0.536,-0.038,0.388,0.529,0.019,2.962,,,,,,,,,,-99.768,-14.473,,,,,,,,,,,,,EDT,,05/02/2024,UVM-Aglab_,,,,,,,,,2024-03-15 00:00:00
RI24-1176,Wade,03/15/2024,3:00,Isco,Stream,,,0.002,-0.015,0.005,0,1.153,0.554,-0.038,0.357,0.498,0.02,2.872,,,,,,,,,,,,,,,,,,,,,,,,EDT,,05/02/2024,UVM-Aglab_,,,,,,,,,2024-03-15 03:00:00
RI24-1177,Wade,03/15/2024,6:00,Isco,Stream,,,0.016,-0.015,0.004,-0.007,0.95,0.553,-0.04,0.322,0.479,0.03,2.589,,,,,,,,,,-102.662,-14.853,,,,,,,,,,,,,EDT,,05/02/2024,UVM-Aglab_,,,,,,,,,2024-03-15 06:00:00
RI24-1178,Wade,03/15/2024,9:00,Isco,Stream,,,0.01,-0.015,0.004,-0.002,0.862,0.537,-0.045,0.286,0.458,0.037,2.461,,,,,,,,,,,,,,,,,,,,,,,,EDT,,05/02/2024,UVM-Aglab_,,,,,,,,,2024-03-15 09:00:00
RI24-1179,Wade,03/15/2024,12:00,Isco,Stream,,,0.006,-0.014,0.004,0,0.852,0.612,-0.036,0.277,0.456,0.031,2.437,,,,,,,,,,-103.194,-14.745,,,,,,,,,,,,,EDT,,05/02/2024,UVM-Aglab_,,,,,,,,,2024-03-15 12:00:00
RI24-1180,Wade,03/15/2024,15:00,Isco,Stream,,,0.001,-0.015,0.004,-0.007,0.857,0.554,-0.038,0.279,0.446,0.029,2.407,,,,,,,,,,,,,,,,,,,,,,,,EDT,,05/02/2024,UVM-Aglab_,,,,,,,,,2024-03-15 15:00:00
RI24-1181,Wade,03/15/2024,18:00,Isco,Stream,,,0.002,-0.015,0.004,0.003,0.934,0.521,-0.031,0.285,0.433,0.034,2.496,,,,,,,,,,-102.568,-14.731,,,,,,,,,,,,,EDT,,05/02/2024,UVM-Aglab_,,,,,,,,,2024-03-15 18:00:00
RI24-1182,Wade,03/15/2024,21:00,Isco,Stream,,,0.001,-0.015,0.004,-0.002,0.97,0.523,-0.035,0.292,0.453,0.035,2.513,,,,,,,,,,,,,,,,,,,,,,,,EDT,,05/02/2024,UVM-Aglab_,,,,,,,,,2024-03-15 21:00:00
RI24-1195,Hungerford,03/15/2024,0:00,Isco,Stream,,,0.014,-0.008,0.002,0.002,3.533,3.222,0.052,6.496,13.039,-0.046,36.969,,,,,,,,,,-86.833,-12.598,,,,,,,,,,,,,EDT,,07/18/2024,UVM-Aglab_Replaced with Si run values,,,,,,,,,2024-03-15 00:00:00
RI24-1196,Hungerford,03/15/2024,3:00,Isco,Stream,,,0.005,-0.009,0.002,-0.002,2.7,3.064,0.03,6.384,13.228,-0.05,36.293,,,,,,,,,,,,,,,,,,,,,,,,EDT,,07/18/2024,UVM-Aglab_Replaced with Si run values,,,,,,,,,2024-03-15 03:00:00
RI24-1197,Hungerford,03/15/2024,6:00,Isco,Stream,,,0.009,-0.009,0.002,-0.002,2.28,2.967,0.027,5.874,13.046,-0.043,33.332,,,,,,,,,,-87.645,-12.726,,,,,,,,,,,,,EDT,,07/18/2024,UVM-Aglab_Replaced with Si run values,,,,,,,,,2024-03-15 06:00:00
RI24-1198,Hungerford,03/15/2024,9:00,Isco,Stream,,,0.019,-0.008,0.003,0.002,2.805,3.505,0.049,5.994,12.494,-0.038,33.421,,,,,,,,,,,,,,,,,,,,,,,,EDT,,07/18/2024,UVM-Aglab_Replaced with Si run values,,,,,,,,,2024-03-15 09:00:00
RI24-1199,Hungerford,03/15/2024,12:00,Isco,Stream,,,0.016,-0.009,0.003,0.003,2.392,3.459,0.031,5.734,12.997,-0.04,31.714,,,,,,,,,,-90.334,-12.956,,,,,,,,,,,,,EDT,,07/18/2024,UVM-Aglab_Replaced with Si run values,,,,,,,,,2024-03-15 12:00:00
RI24-1200,Hungerford,03/15/2024,15:00,Isco,Stream,,,0.02,-0.008,0.003,0.007,2.93,3.15,0.032,5.392,12.013,-0.034,29.902,,,,,,,,,,,,,,,,,,,,,,,,EDT,,07/18/2024,UVM-Aglab_Replaced with Si run values,,,,,,,,,2024-03-15 15:00:00
RI24-1204,Hungerford,03/15/2024,18:00,Isco,Stream,,,0.007,-0.009,0.002,0.003,2.603,3.044,0.033,5.432,11.542,-0.04,29.794,,,,,,,,,,-90.26,-12.947,,,,,,,,,,,,,EDT,,07/18/2024,UVM-Aglab_Replaced with Si run values,,,,,,,,,2024-03-15 18:00:00
RI24-1205,Hungerford,03/15/2024,21:00,Isco,Stream,,,0.011,-0.008,0.002,0.001,2.723,2.934,0.024,5.478,11.297,-0.034,30.104,,,,,,,,,,-89.296,-12.795,,,,,,,,,,,,,EDT,,07/18/2024,UVM-Aglab_Replaced with Si run values,,,,,,,,,2024-03-15 21:00:00
RI24-1218,Potash,03/15/2024,0:00,Isco,Stream,,,0.017,0.032,0.007,-0.003,1.946,3.981,0.14,15.314,167.374,-0.02,39.94,,,,,,,,,,,,,,,,,,,,,,,,EDT,,05/02/2024,UVM-Aglab_,,,,,,,,,2024-03-15 00:00:00
RI24-1219,Potash,03/15/2024,3:00,Isco,Stream,,,0.055,0.044,0.007,-0.005,2.098,3.947,0.125,13.194,152.759,-0.031,43.878,,,,,,,,,,-81.984,-11.809,,,,,,,,,,,,,EDT,,05/02/2024,UVM-Aglab_,,,,,,,,,2024-03-15 03:00:00
RI24-1220,Potash,03/15/2024,6:00,Isco,Stream,,,0.042,0.027,0.007,-0.005,1.765,3.645,0.117,10.278,127.288,0.003,34.775,,,,,,,,,,,,,,,,,,,,,,,,EDT,,05/02/2024,UVM-Aglab_,,,,,,,,,2024-03-15 06:00:00
RI24-1222,Potash,03/15/2024,9:00,Isco,Stream,,,0.11,0.033,0.007,-0.006,1.948,3.022,0.106,10.074,114.578,0.078,34.606,,,,,,,,,,-84.451,-12.028,,,,,,,,,,,,,EDT,,05/02/2024,UVM-Aglab_,,,,,,,,,2024-03-15 09:00:00
RI24-1223,Potash,03/15/2024,12:00,Isco,Stream,,,0.095,0.026,0.008,-0.005,2.133,3.022,0.123,10.34,100.701,0.064,35.313,,,,,,,,,,,,,,,,,,,,,,,,EDT,,05/02/2024,UVM-Aglab_,,,,,,,,,2024-03-15 12:00:00
RI24-1224,Potash,03/15/2024,15:00,Isco,Stream,,,0.074,0.031,0.008,0.005,2.064,3.111,0.11,11.24,109.869,0.02,36.697,,,,,,,,,,-83.743,-11.93,,,,,,,,,,,,,EDT,,05/02/2024,UVM-Aglab_,,,,,,,,,2024-03-15 15:00:00
RI24-1225,Potash,03/15/2024,18:00,Isco,Stream,,,0.08,0.031,0.007,0.006,2.166,3.274,0.124,12.234,126.272,0.013,39.909,,,,,,,,,,,,,,,,,,,,,,,,EDT,,05/02/2024,UVM-Aglab_,,,,,,,,,2024-03-15 18:00:00
RI24-1226,Potash,03/15/2024,21:00,Isco,Stream,,,0.069,0.027,0.006,0.004,2.182,3.478,0.118,12.75,132.927,-0.009,39.429,,,,,,,,,,-83.674,-11.936,,,,,,,,,,,,,EDT,,05/02/2024,UVM-Aglab_,,,,,,,,,2024-03-15 21:00:00
RI24-1183,Wade,03/16/2024,0:00,Isco,Stream,,,0.003,-0.015,0.004,0.005,0.979,0.59,-0.042,0.294,0.484,0.033,2.45,,,,,,,,,,-103.249,-14.829,,,,,,,,,,,,,EDT,,05/02/2024,UVM-Aglab_,,,,,,,,,2024-03-16 00:00:00
RI24-1184,Wade,03/16/2024,3:00,Isco,Stream,,,0.001,-0.015,0.004,-0.006,1.017,0.579,-0.048,0.312,0.475,0.025,2.527,,,,,,,,,,,,,,,,,,,,,,,,EDT,,05/02/2024,UVM-Aglab_,,,,,,,,,2024-03-16 03:00:00
RI24-1185,Wade,03/16/2024,6:00,Isco,Stream,,,0.002,-0.015,0.004,-0.003,1.064,0.563,-0.044,0.323,0.477,0.032,2.641,,,,,,,,,,-101.685,-14.786,,,,,,,,,,,,,EDT,,05/02/2024,UVM-Aglab_,,,,,,,,,2024-03-16 06:00:00
RI24-1186,Wade,03/16/2024,9:00,Isco,Stream,,,-0.001,-0.015,0.004,-0.004,1.062,0.548,-0.04,0.323,0.466,0.029,2.614,,,,,,,,,,,,,,,,,,,,,,,,EDT,,05/02/2024,UVM-Aglab_,,,,,,,,,2024-03-16 09:00:00
RI24-1187,Wade,03/16/2024,12:00,Isco,Stream,,,0.001,-0.015,0.004,-0.009,1.033,0.549,-0.034,0.322,0.463,0.022,2.594,,,,,,,,,,-101.472,-14.631,,,,,,,,,,,,,EDT,,05/02/2024,UVM-Aglab_,,,,,,,,,2024-03-16 12:00:00
RI24-1188,Wade,03/16/2024,17:30,Grab,Stream,Grab Taken in (acidwashed) polypro bottle,,0,-0.015,0.004,-0.009,1.011,0.573,-0.037,0.321,0.483,0.018,2.599,,,,,,,,,,-101.457,-14.745,,,,,,,,,,,,,EDT,,05/02/2024,UVM-Aglab_,,,,,,,,,2024-03-16 17:30:00
RI24-1164,Wade,03/16/2024,18:00,Isco,Stream,,,0.02,0.016,0.007,0.029,0.604,0.905,0.038,0.335,0.899,0.036,2.492,,2.396518466,,,,,,,,-105.804,-15.084,,,,,,,,,,,,,EDT,,07/18/2024,UVM-Aglab_Replaced with Si run values,,,,Run 2024-10-31,,,,,2024-03-16 18:00:00
RI24-1206,Hungerford,03/16/2024,0:00,Isco,Stream,,,0.012,-0.008,0.002,0.003,2.731,2.801,0.031,5.454,11.214,-0.037,30.65,,,,,,,,,,-88.539,-12.728,,,,,,,,,,,,,EDT,,07/18/2024,UVM-Aglab_Replaced with Si run values,,,,,,,,,2024-03-16 00:00:00
RI24-1207,Hungerford,03/16/2024,3:00,Isco,Stream,,,0.068,0.001,0.002,0.006,2.446,2.704,0.033,5.554,11.168,-0.011,30.002,,,,,,,,,,,,,,,,,,,,,,,,EDT,,07/18/2024,UVM-Aglab_Replaced with Si run values,,,,,,,,,2024-03-16 03:00:00
RI24-1208,Hungerford,03/16/2024,6:00,Isco,Stream,,,0.011,-0.009,0.002,0,2.712,2.631,0.016,5.586,11.273,-0.044,31.25,,,,,,,,,,-87.585,-12.674,,,,,,,,,,,,,EDT,,07/18/2024,UVM-Aglab_Replaced with Si run values,,,,,,,,,2024-03-16 06:00:00
RI24-1209,Hungerford,03/16/2024,9:00,Isco,Stream,,,0.037,-0.003,0.002,-0.003,2.47,2.695,0.019,5.733,11.635,-0.032,31.917,,,,,,,,,,,,,,,,,,,,,,,,EDT,,07/18/2024,UVM-Aglab_Replaced with Si run values,,,,,,,,,2024-03-16 09:00:00
RI24-1189,Hungerford,03/16/2024,12:00,Isco,Stream,,,0.007,-0.009,0.003,0.007,2.847,2.918,0.028,5.847,11.739,-0.031,32.011,,,,,,,,,,-87.659,-12.883,,,,,,,,,,,,,EDT,,07/18/2024,UVM-Aglab_Replaced with Si run values,,,,,,,,,2024-03-16 12:00:00
RI24-1190,Hungerford,03/16/2024,15:00,Isco,Stream,,,0.025,-0.006,0.002,0.009,2.249,3.089,0.038,6.155,12.305,-0.019,33.687,,,,,,,,,,,,,,,,,,,,,,,,EDT,,07/18/2024,UVM-Aglab_Replaced with Si run values,,,,,,,,,2024-03-16 15:00:00
RI24-1210,Hungerford,03/16/2024,15:00,Grab,Stream,Grab Taken in (acidwashed) polypro bottle,,0.022,0.008,0.002,0.001,2.736,3.058,0.045,6.22,12.197,-0.044,32.959,,18.693,,,,,,,,-86.81,-12.635,,,,,,,,,,,,,EDT,,07/18/2024,UVM-Aglab_Replaced with Si run values,,,,Run 2025-06-05,,,,,2024-03-16 15:00:00
RI24-1134,Hungerford,03/16/2024,18:00,Isco,Stream,,,0.047,0.004,0.005,0.004,2.253,2.756,0.061,6.277,12.019,-0.022,33.931,,20.2280572,,,,,,,,-86.647,-12.649,,,,,,,,,,,,,EDT,,04/15/2024,UVM-Aglab_2024-03-28 run at UVM,,,,Run 2024-10-31,,,,,2024-03-16 18:00:00
RI24-1227,Potash,03/16/2024,0:00,Isco,Stream,,,0.028,0.035,0.007,0.003,2.256,3.596,0.129,13.552,130.34,-0.035,52.76,,,,,,,,,,-83.398,-11.981,,,,,,,,,,,,,EDT,,05/02/2024,UVM-Aglab_,,,,,,,,,2024-03-16 00:00:00
RI24-1228,Potash,03/16/2024,3:00,Isco,Stream,,,-0.007,-0.003,0.008,-0.01,-0.174,-0.313,0.018,0.019,0.395,0.007,0.112,,,,,,,,,,,,,,,,,,,,,,,,EDT,,05/02/2024,UVM-Aglab_,,,,,,,,,2024-03-16 03:00:00
RI24-1229,Potash,03/16/2024,6:00,Isco,Stream,,,0.034,0.034,0.006,0.01,2.269,3.5,0.124,13.728,140.061,-0.028,40.739,,,,,,,,,,-83.173,-12.051,,,,,,,,,,,,,EDT,,05/02/2024,UVM-Aglab_,,,,,,,,,2024-03-16 06:00:00
RI24-1230,Potash,03/16/2024,9:00,Isco,Stream,,,0.028,0.038,0.007,0.012,2.281,3.532,0.13,14.127,136.353,-0.038,42.321,,,,,,,,,,,,,,,,,,,,,,,,EDT,,05/02/2024,UVM-Aglab_,,,,,,,,,2024-03-16 09:00:00
RI24-1203,Potash,03/16/2024,11:00,Grab,Stream,Grab Taken in (acidwashed) polypro bottle,,0.065,0.037,0.007,-0.002,2.353,3.985,0.134,14.316,138.897,-0.021,44.293,,274.291,,,,,,,,-82.57,-11.978,,,,,,,,,,,,,EDT,,05/02/2024,UVM-Aglab_,,,,Run 2025-06-05,,,,,2024-03-16 11:00:00
RI24-1155,Potash,03/16/2024,12:00,Isco,Stream,,,0.01,0.034,0.007,0.01,3.486,3.386,0.131,12.883,125.959,-0.046,43.587,,,,,,,,,,,,,,,,,,,,,,,,EDT,,07/18/2024,UVM-Aglab_Replaced with Si run values,,,,,,,,,2024-03-16 12:00:00
RI24-1156,Potash,03/16/2024,18:00,Isco,Stream,,,0.016,0.033,0.007,0.009,4.308,3.573,0.142,12.922,121.113,-0.05,44.483,,,,,,,,,,,,,,,,,,,,,,,,EDT,,07/18/2024,UVM-Aglab_Replaced with Si run values,,,,,,,,,2024-03-16 18:00:00
RI24-1165,Wade,03/17/2024,0:00,Isco,Stream,,,0.01,-0.002,0.006,0.007,0.996,0.819,0.034,0.329,0.733,0.028,2.452,,,,,,,,,,,,,,,,,,,,,,,,EDT,,07/18/2024,UVM-Aglab_Replaced with Si run values,,,,,,,,,2024-03-17 00:00:00
RI24-1166,Wade,03/17/2024,6:00,Isco,Stream,,,0.012,-0.002,0.006,0.012,1.265,0.685,0.045,0.334,0.563,0.034,2.523,,,,,,,,,,,,,,,,,,,,,,,,EDT,,07/18/2024,UVM-Aglab_Replaced with Si run values,,,,,,,,,2024-03-17 06:00:00
RI24-1167,Wade,03/17/2024,12:00,Isco,Stream,,,0.023,-0.007,0.005,-0.005,0.973,0.527,-0.044,0.269,0.512,0.033,2.317,,,,,,,,,,,,,,,,,,,,,,,,EDT,,05/02/2024,UVM-Aglab_,,,,,,,,,2024-03-17 12:00:00
RI24-1168,Wade,03/17/2024,18:00,Isco,Stream,,,0.028,0.038,0.004,-0.001,0.968,0.505,-0.04,0.251,0.472,0.044,2.228,,1.998959204,,,,,,,,-105.456,-14.991,,,,,,,,,,,,,EDT,,05/02/2024,UVM-Aglab_,,,,Run 2024-10-31,,,,,2024-03-17 18:00:00
RI24-1135,Hungerford,03/17/2024,0:00,Isco,Stream,,,0.106,0.02,0.006,-0.004,2.205,2.56,0.056,6.086,12.351,-0.006,32.853,,20.11970933,,,,,,,,-86.507,-12.497,,,,,,,,,,,,,EDT,,04/15/2024,UVM-Aglab_2024-03-28 run at UVM,,,,Run 2024-10-31,,,,,2024-03-17 00:00:00
RI24-1136,Hungerford,03/17/2024,6:00,Isco,Stream,,,0.063,0.004,0.006,-0.004,2.201,2.443,0.047,6.063,12.026,-0.022,33.633,,19.07303884,,,,,,,,-86.167,-12.384,,,,,,,,,,,,,EDT,,04/15/2024,UVM-Aglab_2024-03-28 run at UVM,,,,Run 2024-10-31,,,,,2024-03-17 06:00:00
RI24-1137,Hungerford,03/17/2024,12:00,Isco,Stream,,,0.033,-0.003,0.007,-0.001,3.855,2.795,0.084,5.902,11.556,-0.023,32.815,,14.29239497,,,,,,,,-85.7,-12.313,,,,,,,,,,,,,EDT,,07/18/2024,UVM-Aglab_Replaced with Si run values,,,,Run 2024-10-31,,,,,2024-03-17 12:00:00
RI24-1138,Hungerford,03/17/2024,18:00,Isco,Stream,,,0.067,0.005,0.007,0.001,4.181,2.983,0.097,6.091,11.78,0.003,33.717,,13.35740864,,,,,,,,-85.689,-12.259,,,,,,,,,,,,,EDT,,07/18/2024,UVM-Aglab_Replaced with Si run values,,,,Run 2024-10-31,,,,,2024-03-17 18:00:00
RI24-1157,Potash,03/17/2024,0:00,Isco,Stream,,,0.016,0.039,0.007,0.026,2.099,3.783,0.14,13.586,122.862,-0.053,46.288,,,,,,,,,,,,,,,,,,,,,,,,EDT,,07/18/2024,UVM-Aglab_Replaced with Si run values,,,,,,,,,2024-03-17 00:00:00
RI24-1158,Potash,03/17/2024,6:00,Isco,Stream,,,0.013,0.043,0.007,0.006,2.13,3.743,0.141,13.259,121.304,-0.053,46.163,,,,,,,,,,,,,,,,,,,,,,,,EDT,,07/18/2024,UVM-Aglab_Replaced with Si run values,,,,,,,,,2024-03-17 06:00:00
RI24-1159,Potash,03/17/2024,12:00,Isco,Stream,,,0.029,0.059,0.006,0.001,3.224,3.854,0.151,13.763,130.339,-0.052,47.289,,191.652051,,,,,,,,-80.834,-11.899,,,,,,,,,,,,,EDT,,07/18/2024,UVM-Aglab_Replaced with Si run values,,,,Run 2024-10-31,,,,,2024-03-17 12:00:00
RI24-1160,Potash,03/17/2024,18:00,Isco,Stream,,,0.029,0.072,0.007,0.002,2.593,3.727,0.145,13.808,129.496,-0.048,47.215,,,,,,,,,,,,,,,,,,,,,,,,EDT,,07/18/2024,UVM-Aglab_Replaced with Si run values,,,,,,,,,2024-03-17 18:00:00
RI24-1169,Wade,03/18/2024,0:00,Isco,Stream,,,0.034,-0.011,0.005,-0.005,1.012,0.494,-0.042,0.273,0.47,0.052,2.395,,5.441367157,,,,,,,,-104.794,-14.956,,,,,,,,,,,,,EDT,,05/02/2024,UVM-Aglab_,,,,Run 2024-10-31,,,,,2024-03-18 00:00:00
RI24-1170,Wade,03/18/2024,6:00,Isco,Stream,,,0.007,-0.013,0.004,-0.002,1.105,0.505,-0.033,0.299,0.455,0.024,2.537,,,,,,,,,,-103.648,-14.876,,,,,,,,,,,,,EDT,,05/02/2024,UVM-Aglab_,,,,,,,,,2024-03-18 06:00:00
RI24-1171,Wade,03/18/2024,12:00,Isco,Stream,,,0.013,-0.011,0.004,-0.006,1.139,0.502,-0.033,0.314,0.487,0.027,2.54,,,,,,,,,,-103.065,-14.79,,,,,,,,,,,,,EDT,,05/02/2024,UVM-Aglab_,,,,,,,,,2024-03-18 12:00:00
RI24-1154,Wade,03/18/2024,15:45,Grab,Stream,Grab Taken in (acidwashed) polypro bottle,,0.02,0.002,0.006,0.001,1.608,0.672,0.038,0.335,0.497,0.032,2.552,,1.785714139,,,,,,,,-102.58,-14.833,,,,,,,,,,,,,EDT,,07/18/2024,UVM-Aglab_Replaced with Si run values,,,,Run 2024-10-31,,,,,2024-03-18 15:45:00
RI24-1096,Wade,03/18/2024,15:30,Snowmelt lysimeter,Endmember,,,-0.008,-0.01,0.004,-0.003,0.11,0.444,-0.003,0.315,0.464,0.005,1.072,,1.664083231,,,,,,,,-123.895,-17.346,,,,,,,,,,,,,EDT,,04/15/2024,UVM-Aglab_2024-03-28 run at UVM,,,,Run 2024-10-31,,,,,2024-03-18 15:30:00
RI24-1139,Hungerford,03/18/2024,0:00,Isco,Stream,,,0.07,0.003,0.007,-0.003,2.698,2.863,0.085,6.032,11.77,-0.002,33.633,,16.31879304,,,,,,,,-85.436,-12.221,,,,,,,,,,,,,EDT,,07/18/2024,UVM-Aglab_Replaced with Si run values,,,,Run 2024-10-31,,,,,2024-03-18 00:00:00
RI24-1140,Hungerford,03/18/2024,6:00,Isco,Stream,,,0.042,0.003,0.007,0,3.182,2.742,0.077,5.938,11.757,-0.021,33.592,,14.61133658,,,,,,,,-84.802,-12.208,,,,,,,,,,,,,EDT,,07/18/2024,UVM-Aglab_Replaced with Si run values,,,,Run 2024-10-31,,,,,2024-03-18 06:00:00
RI24-1163,Hungerford,03/18/2024,12:00,Isco,Stream,,,0.036,0.017,0.007,-0.002,3.599,3.009,0.097,6.057,12.508,-0.024,33.844,,16.38673721,,,,,,,,-84.697,-12.278,,,,,,,,,,,,,EDT,,07/18/2024,UVM-Aglab_Replaced with Si run values,,,,Run 2024-10-31,,,,,2024-03-18 12:00:00
RI24-1153,Hungerford,03/18/2024,14:00,Grab,Stream,Grab Taken in (acidwashed) polypro bottle,,0.044,0.02,0.007,-0.002,3.974,2.611,0.086,6.252,11.999,-0.031,34.871,,12.84099347,,,,,,,,-84.884,-12.456,,,,,,,,,,,,,EDT,,07/18/2024,UVM-Aglab_Replaced with Si run values,,,,Run 2024-10-31,,,,,2024-03-18 14:00:00
RI24-1095,Hungerford,03/18/2024,14:15,Snowmelt lysimeter,Endmember,,,0.006,-0.004,0.008,0.006,0.553,0.506,0.056,0.7,5.252,0.013,1.945,,3.640859084,,,,,,,,-146.128,-18.863,,,,,,,,,,,,,EDT,,04/15/2024,UVM-Aglab_2024-03-28 run at UVM,,,,Run 2024-10-17,,,,,2024-03-18 14:15:00
RI24-1161,Potash,03/18/2024,0:00,Isco,Stream,,,0.025,0.051,0.007,0.028,1.721,3.84,0.134,14.066,128.891,-0.05,48.186,,274.155771,,,,,,,,-80.008,-11.697,,,,,,,,,,,,,EDT,,07/18/2024,UVM-Aglab_Replaced with Si run values,,,,Run 2024-10-31,,,,,2024-03-18 00:00:00
RI24-1162,Potash,03/18/2024,6:00,Isco,Stream,,,0.037,0.057,0.006,-0.001,1.956,3.789,0.141,14.244,126.871,-0.051,48.899,,,,,,,,,,,,,,,,,,,,,,,,EDT,,07/18/2024,UVM-Aglab_Replaced with Si run values,,,,,,,,,2024-03-18 06:00:00
RI24-1097,Potash,03/18/2024,11:45,Grab,Stream,Grab Taken in (acidwashed) polypro bottle,,0.016,0.06,0.005,-0.002,1.873,2.688,0.114,15.415,138.777,-0.054,51.891,,275.1438691,,,,,,,,-79.912,-11.681,,,,,,,,,,,,,EDT,,04/15/2024,UVM-Aglab_2024-03-28 run at UVM,,,,Run 2024-10-31,,,,,2024-03-18 11:45:00
RI24-1094,Potash,03/18/2024,13:00,Snowmelt lysimeter,Endmember,,,-0.005,-0.001,0.007,-0.002,0.374,1.017,0.048,0.644,1.789,-0.003,2.368,,4.19693782,,,,,,,,-96.514,-13.525,,,,,,,,,,,,,EDT,,04/15/2024,UVM-Aglab_2024-03-28 run at UVM,,,,Run 2024-10-17,,,,,2024-03-18 13:00:00
RI24-1268,Wade,03/26/2024,10:30,Grab,Stream,Grab Taken in (acidwashed) polypro bottle,,0.0133627727297924,0.0044679201774277,,0.146088271437899,3.20877415963813,0.167719905691539,0.0050843279998455,0.506696744397381,0.57795322836283,0.0209398796401364,3.66957951761789,,,,,,,,,,,,,,,,,,,,,,,,EDT,,07/12/2024,DartmouthID_AS-060325-204,0.0032069911652469,1.03511451307318,0.0204947104887986,,,,,,2024-03-26 10:30:00
RI24-1269,Wade,03/26/2024,12:00,Isco,Stream,,,0.003,-0.002,0.007,0.044,0.58,0.797,0.042,0.421,0.738,0.012,2.921,,,,,,,,,,,,,,,,,,,,,,,,EDT,,07/18/2024,UVM-Aglab_Replaced with Si run values,,,,,,,,,2024-03-26 12:00:00
RI24-1270,Wade,03/26/2024,15:00,Isco,Stream,,,0.006,-0.002,0.007,0.006,1.594,0.773,0.039,0.412,0.696,0.013,2.87,,,,,,,,,,,,,,,,,,,,,,,,EDT,,07/18/2024,UVM-Aglab_Replaced with Si run values,,,,,,,,,2024-03-26 15:00:00
RI24-1271,Wade,03/26/2024,18:00,Isco,Stream,,,0.01,0,0.006,0.01,0.099,0.761,0.036,0.379,0.671,0.018,2.711,,,,,,,,,,,,,,,,,,,,,,,,EDT,,07/18/2024,UVM-Aglab_Replaced with Si run values,,,,,,,,,2024-03-26 18:00:00
RI24-1272,Wade,03/26/2024,21:00,Isco,Stream,,,0.01,-0.001,0.006,-0.006,0.059,0.737,0.042,0.346,0.617,0.023,2.513,,,,,,,,,,,,,,,,,,,,,,,,EDT,,07/18/2024,UVM-Aglab_Replaced with Si run values,,,,,,,,,2024-03-26 21:00:00
RI24-1267,Hungerford,03/26/2024,12:00,Baseflow,Endmember,"Sunny, some snow still on ground. 40s",,0.0456121842968216,0.0097109794719291,,0.0308215827195021,5.2538413868656,2.64189597846027,0.0213970033105503,7.26256562613223,14.3005759594319,0.0151832160409502,36.5368991902387,,,,,,,,,,,,,,,,,,,,,,,,EDT,,07/12/2024,DartmouthID_AS-060325-203,0.0137520070283557,5.60118951510513,0.168031097528127,,,,,,2024-03-26 12:00:00
RI24-1278,Hungerford,03/26/2024,15:00,Isco,Stream,,,0.022,0.009,0.007,0.004,2.707,3.191,0.038,7.456,18.749,-0.025,30.91,,,,,,,,,,,,,,,,,,,,,,,,EDT,,07/18/2024,UVM-Aglab_Replaced with Si run values,,,,,,,,,2024-03-26 15:00:00
RI24-1279,Hungerford,03/26/2024,18:00,Isco,Stream,,,0.029,0.01,0.007,-0.002,2.342,2.939,0.037,6.602,16.447,-0.029,29.04,,,,,,,,,,,,,,,,,,,,,,,,EDT,,07/18/2024,UVM-Aglab_Replaced with Si run values,,,,,,,,,2024-03-26 18:00:00
RI24-1280,Hungerford,03/26/2024,21:00,Isco,Stream,,,0.023,0.01,0.008,0.004,2.348,3.25,0.053,6.635,15.728,-0.028,32.746,,,,,,,,,,,,,,,,,,,,,,,,EDT,,07/18/2024,UVM-Aglab_Replaced with Si run values,,,,,,,,,2024-03-26 21:00:00
RI24-1273,Wade,03/27/2024,0:00,Isco,Stream,,,0.013,0,0.006,-0.007,0.468,0.7,0.052,0.333,0.559,0.027,2.414,,,,,,,,,,,,,,,,,,,,,,,,EDT,,07/18/2024,UVM-Aglab_Replaced with Si run values,,,,,,,,,2024-03-27 00:00:00
RI24-1274,Wade,03/27/2024,3:00,Isco,Stream,,,0.013,0.002,0.007,-0.004,0.113,0.7,0.042,0.329,0.561,0.028,2.375,,,,,,,,,,,,,,,,,,,,,,,,EDT,,07/18/2024,UVM-Aglab_Replaced with Si run values,,,,,,,,,2024-03-27 03:00:00
RI24-1275,Wade,03/27/2024,6:00,Isco,Stream,,,0.01,-0.002,0.006,-0.003,0.396,0.685,0.032,0.325,0.545,0.023,2.314,,,,,,,,,,,,,,,,,,,,,,,,EDT,,07/18/2024,UVM-Aglab_Replaced with Si run values,,,,,,,,,2024-03-27 06:00:00
RI24-1276,Wade,03/27/2024,9:00,Isco,Stream,,,0.004,-0.009,0.007,0.003,0.973,0.972,-0.01,0.32,0.656,0.027,2.387,,,,,,,,,,,,,,,,,,,,,,,,EDT,,07/18/2024,UVM-Aglab_Replaced with Si run values,,,,,,,,,2024-03-27 09:00:00
RI24-1277,Wade,03/27/2024,13:00,Grab,Stream,Grab Taken in (acidwashed) polypro bottle,,0.002,-0.008,0.007,0.006,0.92,0.974,-0.006,0.294,0.635,0.025,2.277,,,,,,,,,,,,,,,,,,,,,,,,EDT,,07/18/2024,UVM-Aglab_Replaced with Si run values,,,,,,,,,2024-03-27 13:00:00
RI24-1281,Hungerford,03/27/2024,0:00,Isco,Stream,,,0.07,0.007,0.007,-0.001,3.907,2.876,0.098,5.779,13.856,0.006,31.494,,,,,,,,,,,,,,,,,,,,,,,,EDT,,07/18/2024,UVM-Aglab_Replaced with Si run values,,,,,,,,,2024-03-27 00:00:00
RI24-1282,Hungerford,03/27/2024,3:00,Isco,Stream,,,0.07,0.009,0.007,0.026,3.41,3.046,0.094,5.652,13.186,0.001,30.789,,,,,,,,,,,,,,,,,,,,,,,,EDT,,07/18/2024,UVM-Aglab_Replaced with Si run values,,,,,,,,,2024-03-27 03:00:00
RI24-1283,Hungerford,03/27/2024,6:00,Isco,Stream,,,0.064,0.007,0.007,0,2.33,2.955,0.084,5.56,12.823,0.005,25.942,,,,,,,,,,,,,,,,,,,,,,,,EDT,,07/18/2024,UVM-Aglab_Replaced with Si run values,,,,,,,,,2024-03-27 06:00:00
RI24-1284,Hungerford,03/27/2024,9:00,Isco,Stream,,,0.057,0.008,0.007,-0.004,2.63,2.922,0.097,5.563,12.527,-0.01,30.408,,,,,,,,,,,,,,,,,,,,,,,,EDT,,07/18/2024,UVM-Aglab_Replaced with Si run values,,,,,,,,,2024-03-27 09:00:00
RI24-1285,Hungerford,03/27/2024,15:30,Grab,Stream,"Cloudy, 48 F, Gauge @ 0.8m MED LC",,0.073,0.012,0.008,0,2.002,3.124,0.111,5.693,11.549,0.01,29.069,,,,,,,,,,,,,,,,,,,,,,,,EDT,,07/18/2024,UVM-Aglab_Replaced with Si run values,,,,,,,,,2024-03-27 15:30:00
RI24-1286,Wade,03/27/2024,13:30,Snowmelt lysimeter,Endmember,,,-0.007,-0.005,0.006,0,0.129,0.788,0.033,0.257,0.239,0.007,0.783,,3.241,,,,,,,,-158.817,-21.928,,,,,,,,,,,,,EDT,,07/18/2024,UVM-Aglab_Replaced with Si run values,,,,Run 2025-06-05,,,,,2024-03-27 13:30:00
RI24-1302,Hungerford,03/27/2024,17:00,Isco,Stream,,,,,,,,,,,,,,,,,,,,,,,,,,,,,,,,,,,,,EDT,,,,,,,,,,,,2024-03-27 17:00:00
RI24-1303,Hungerford,03/27/2024,20:00,Isco,Stream,,,,,,,,,,,,,,,,,,,,,,,,,,,,,,,,,,,,,EDT,,,,,,,,,,,,2024-03-27 20:00:00
RI24-1304,Hungerford,03/27/2024,23:00,Isco,Stream,,,,,,,,,,,,,,,,,,,,,,,,,,,,,,,,,,,,,EDT,,,,,,,,,,,,2024-03-27 23:00:00
RI24-1287,Wade,03/27/2024,15:00,Isco,Stream,,,0.0178385319177312,0.0058257265536225,,0.0115109026627123,1.64534277063742,0.152550727904573,0.0033946121708116,0.358052731412444,0.735348806031519,0.0264067163746735,2.81868605435525,,,,,,,,,,,,,,,,,,,,,,,,EDT,,,DartmouthID_duffy-030625-090,0.0022829539627441,0.749622937152158,0.0160936862315795,,,,,,2024-03-27 15:00:00
RI24-1288,Wade,03/27/2024,18:00,Isco,Stream,,,0.0757525558032444,0.0071855211473269,,0.0018928061922924,2.22323150258241,0.120585043002024,0.0057438240044162,0.362161198986535,0.513622112839328,0.0797390070341976,2.53772099736247,,,,,,,,,,,,,,,,,,,,,,,,EDT,,,DartmouthID_duffy-030625-091,0.0023306805008697,0.742551449308232,0.0160096231795466,,,,,,2024-03-27 18:00:00
RI24-1289,Wade,03/27/2024,21:00,Isco,Stream,,,0.0184274100197339,0.0033706165190325,,0.0068235394979093,1.65987335804114,0.0959255921399342,0.0015949665113419,0.32504183333077,0.387713604069257,0.0281149078512403,2.33938885027497,,,,,,,,,,,,,,,,,,,,,,,,EDT,,,DartmouthID_duffy-030625-092,0.0022613388457376,0.6921875537941,0.0146106372044505,,,,,,2024-03-27 21:00:00
RI24-1305,Hungerford,03/28/2024,2:00,Isco,Stream,,,,,,,,,,,,,,,,,,,,,,,,,,,,,,,,,,,,,EDT,,,,,,,,,,,,2024-03-28 02:00:00
RI24-1306,Hungerford,03/28/2024,5:00,Isco,Stream,,,,,,,,,,,,,,,,,,,,,,,,,,,,,,,,,,,,,EDT,,,,,,,,,,,,2024-03-28 05:00:00
RI24-1307,Hungerford,03/28/2024,8:00,Isco,Stream,,,,,,,,,,,,,,,,,,,,,,,,,,,,,,,,,,,,,EDT,,,,,,,,,,,,2024-03-28 08:00:00
RI24-1308,Hungerford,03/28/2024,11:00,Isco,Stream,,,,,,,,,,,,,,,,,,,,,,,,,,,,,,,,,,,,,EDT,,,,,,,,,,,,2024-03-28 11:00:00
RI24-1309,Hungerford,03/28/2024,14:00,Isco,Stream,,,,,,,,,,,,,,,,,,,,,,,,,,,,,,,,,,,,,EDT,,,,,,,,,,,,2024-03-28 14:00:00
RI24-1310,Hungerford,03/28/2024,17:00,Isco,Stream,,,,,,,,,,,,,,,,,,,,,,,,,,,,,,,,,,,,,EDT,,,,,,,,,,,,2024-03-28 17:00:00
RI24-1311,Hungerford,03/28/2024,20:00,Isco,Stream,,,,,,,,,,,,,,,,,,,,,,,,,,,,,,,,,,,,,EDT,,,,,,,,,,,,2024-03-28 20:00:00
RI24-1312,Hungerford,03/28/2024,23:00,Isco,Stream,,,,,,,,,,,,,,,,,,,,,,,,,,,,,,,,,,,,,EDT,,,,,,,,,,,,2024-03-28 23:00:00
RI24-1290,Wade,03/28/2024,0:00,Isco,Stream,,,0.0221695908763182,0.0035561595648881,,0.0042008915551226,1.75405257503701,0.115403642008067,0.0029317355956196,0.32430531278693,0.371020207336253,0.0392705623408288,2.38386504737277,,,,,,,,,,,,,,,,,,,,,,,,EDT,,,DartmouthID_duffy-030625-093,0.0025654365510317,0.689076102559037,0.0145225302080199,,,,,,2024-03-28 00:00:00
RI24-1291,Wade,03/28/2024,3:00,Isco,Stream,,,0.023776416051682,0.0036752666515706,,0.0041733579485384,1.86627709332883,0.0630073701970721,0.0014579300239903,0.324832301173772,0.338054905125345,0.042479391496809,2.32151284432251,,,,,,,,,,,,,,,,,,,,,,,,EDT,,,DartmouthID_duffy-030625-094,0.0022152323184923,0.684760484593721,0.0141997177474337,,,,,,2024-03-28 03:00:00
RI24-1292,Wade,03/28/2024,6:00,Isco,Stream,,,0.0198051963162977,0.0047883687679383,,0.0094083949582126,1.92167342511142,0.0514914110439822,0.0013809941051857,0.324003283524096,0.378593841556304,0.0478670414772722,2.32176138111872,,,,,,,,,,,,,,,,,,,,,,,,EDT,,,DartmouthID_duffy-030625-095,0.0020666280261779,0.682293229566645,0.0141989688389682,,,,,,2024-03-28 06:00:00
RI24-1293,Wade,03/28/2024,9:00,Isco,Stream,,,0.019990354784134,0.005558813539976,,0.0066600143748374,2.08242751520248,0.194701882828625,0.0025656217065193,0.36710658132706,0.568225894481183,0.041104577083082,2.64548465997012,,,,,,,,,,,,,,,,,,,,,,,,EDT,,,DartmouthID_duffy-030625-096,0.0029346368390953,0.760608772079933,0.016278875594695,,,,,,2024-03-28 09:00:00
RI24-1294,Wade,03/28/2024,12:00,Isco,Stream,,,0.0173490691969282,0.0060746119397097,,0.0036853252842328,2.10268984634097,0.0709491292203864,0.0018442608860299,0.338777658296392,0.364884123672091,0.0455692207852785,2.47561138270125,,,,,,,,,,,,,,,,,,,,,,,,EDT,,,DartmouthID_duffy-030625-097,0.0024999922428245,0.697300379851674,0.0148534355376566,,,,,,2024-03-28 12:00:00
RI24-1295,Wade,03/28/2024,15:00,Isco,Stream,,,0.0149098165955963,0.0051649403825479,,0.0034112560355489,1.94127632942397,0.0554102162253496,0.0040463592042462,0.339858692925222,0.407266932200276,0.0344481693625567,2.45920410237601,,,,,,,,,,,,,,,,,,,,,,,,EDT,,,DartmouthID_duffy-030625-098,0.0023978901886835,0.71272295271606,0.0150867234477232,,,,,,2024-03-28 15:00:00
RI24-1296,Wade,03/28/2024,18:00,Isco,Stream,,,0.0129456873015568,0.0036953284202404,,0.0021441362369832,1.79986209549946,0.091330142373865,0.0021041848000516,0.336196200148284,0.419830204320998,0.0205074881408054,2.45835603295627,,,,,,,,,,,,,,,,,,,,,,,,EDT,,,DartmouthID_duffy-030625-099,0.0032235011042571,0.726017515804887,0.0149897077769399,,,,,,2024-03-28 18:00:00
RI24-1297,Wade,03/28/2024,21:00,Isco,Stream,,,0.0165036846323257,0.0037601925653294,,0.0178051908600981,2.06421828312023,0.101567355653699,0.0027363298072787,0.337751270570404,0.413748830984491,0.0357173378754069,2.51916341325729,,,,,,,,,,,,,,,,,,,,,,,,EDT,,,DartmouthID_duffy-030625-100,0.0028170952503195,0.734677979868285,0.0152883452089009,,,,,,2024-03-28 21:00:00
RI24-1313,Hungerford,03/29/2024,2:00,Isco,Stream,,,,,,,,,,,,,,,,,,,,,,,,,,,,,,,,,,,,,EDT,,,,,,,,,,,,2024-03-29 02:00:00
RI24-1314,Hungerford,03/29/2024,5:00,Isco,Stream,,,,,,,,,,,,,,,,,,,,,,,,,,,,,,,,,,,,,EDT,,,,,,,,,,,,2024-03-29 05:00:00
RI24-1315,Hungerford,03/29/2024,8:00,Isco,Stream,,,,,,,,,,,,,,,,,,,,,,,,,,,,,,,,,,,,,EDT,,,,,,,,,,,,2024-03-29 08:00:00
RI24-1316,Hungerford,03/29/2024,11:00,Isco,Stream,,,,,,,,,,,,,,,,,,,,,,,,,,,,,,,,,,,,,EDT,,,,,,,,,,,,2024-03-29 11:00:00
RI24-1317,Hungerford,03/29/2024,14:00,Isco,Stream,"Newrnet grab at 3/29/24 15:44 no RI24 ID Sunny, 40 F flow very high with high tubidity SB SS",,,,,,,,,,,,,,,,,,,,,,,,,,,,,,,,,,,,EDT,,,,,,,,,,,,2024-03-29 14:00:00
RI24-1318,Hungerford,03/29/2024,18:00,Isco,Stream,,,0.0506901881941506,0.0087175750466589,,0.0180191324594558,5.10828778339685,2.42563743601267,0.0228938777852976,7.17032091650478,14.4457565614437,0.0129496944159009,41.0086090794393,,,,,,,,,,,,,,,,,,,,,,,,EDT,,07/12/2024,DartmouthID_AS-060325-202,0.0161160231396208,5.6276846074283,0.183883856194189,,,,,,2024-03-29 18:00:00
RI24-1331,Wade,03/29/2024,15:00,Isco,Stream,,,0.017,0.008,0.014,0.108,0.056,0.851,-0.009,0.957,1.195,0.059,7.321,,,,,,,,,,,,,,,,,,,,,,,,EDT,,07/18/2024,UVM-Aglab_Replaced with Si run values,,,,,,,,,2024-03-29 15:00:00
RI24-1332,Wade,03/29/2024,21:00,Isco,Stream,,,0.028,0.003,0.009,0.022,0.011,0.871,-0.008,1.154,1.415,0.088,8.429,,,,,,,,,,,,,,,,,,,,,,,,EDT,,07/18/2024,UVM-Aglab_Replaced with Si run values,,,,,,,,,2024-03-29 21:00:00
RI24-1298,Wade,03/29/2024,0:00,Isco,Stream,,,0.0994814708507937,0.0062071710542729,,0.0042150472728949,1.59882320630892,0.111372224856568,0.0063816061269176,0.380924015525372,0.453080187737902,0.0561551576462459,2.47867095541265,,,,,,,,,,,,,,,,,,,,,,,,EDT,,,DartmouthID_duffy-030625-101,0.002938841166612,0.741897753342158,0.0152268614541173,,,,,,2024-03-29 00:00:00
RI24-1299,Wade,03/29/2024,3:00,Isco,Stream,,,0.0176048793447069,0.0050786455375165,,0.0043666379816597,1.77923442230979,0.100980963536893,0.0027366332190077,0.3706915703968,0.423999421407498,0.0357482732864451,2.66968518850032,,,,,,,,,,,,,,,,,,,,,,,,EDT,,,DartmouthID_duffy-030625-102,0.0026991253152918,0.760358441938585,0.0162490186636153,,,,,,2024-03-29 03:00:00
RI24-1300,Wade,03/29/2024,6:00,Isco,Stream,,,0.017567470714684,0.0039215209479002,,0.0177109105364476,1.67098929459106,0.0812357247135054,0.0030125493989679,0.362021361829341,0.425559698027574,0.0331824374582655,2.6410909200418,,,,,,,,,,,,,,,,,,,,,,,,EDT,,,DartmouthID_duffy-030625-103,0.0029648338500767,0.762397979858002,0.0158433744517992,,,,,,2024-03-29 06:00:00
RI24-1301,Wade,03/29/2024,9:00,Isco,Stream,Newrnet grab taken 3/29/24 11:30 with no RI24 ID SB,,0.0150603153119436,0.0044521678007207,,0.0036397936232515,2.10256877752097,0.0928699748523478,0.0018443068612571,0.386459846805507,0.446861152272945,0.0309140348317815,2.7726079891988,,,,,,,,,,,,,,,,,,,,,,,,EDT,,,DartmouthID_duffy-030625-104,0.0030378575114212,0.786710979107979,0.0168522863442346,,,,,,2024-03-29 09:00:00
RI24-1319,Hungerford,03/30/2024,0:00,Isco,Stream,,,0.0438494222657788,0.0075272013615697,,0.0092167307301026,4.85231416728467,2.50606293902676,0.0214349944998736,7.2401325620243,14.6011319096736,0.0141486509660131,39.7543332585046,,,,,,,,,,,,,,,,,,,,,,,,EDT,,07/12/2024,DartmouthID_AS-060325-201,0.0151678613247753,5.61698564044029,0.180635597563495,,,,,,2024-03-30 00:00:00
RI24-1320,Hungerford,03/30/2024,6:00,Isco,Stream,,,0.0375239787458139,0.015094367077777,,0.0077020860950663,4.81909340802162,2.63412648093854,0.0215188697164905,7.37013881202797,14.7916122588386,0.013791877730113,40.4701600081591,,,,,,,,,,,,,,,,,,,,,,,,EDT,,07/12/2024,DartmouthID_AS-060325-200,0.0154308347455375,5.74164144099964,0.18371436793471,,,,,,2024-03-30 06:00:00
RI24-1321,Hungerford,03/30/2024,12:00,Isco,Stream,,,0.0430957672456185,0.0148646427208183,,0.0049073345423323,4.91512128237574,2.73201396947033,0.0192666141852243,7.80324850741315,15.6890016508638,0.019462998653136,38.9010370275104,,,,,,,,,,,,,,,,,,,,,,,,EDT,,07/12/2024,DartmouthID_AS-060325-199,0.0140517812094504,5.94683031942487,0.181690065341524,,,,,,2024-03-30 12:00:00
RI24-1322,Hungerford,03/30/2024,18:00,Isco,Stream,,,0.0533865044943898,0.0128019824652488,,0.0154434061026298,4.77479136570416,2.52185777931115,0.0220168491810076,7.63233549448152,15.4311505616389,0.0144997252602692,39.1213574040741,,,,,,,,,,,,,,,,,,,,,,,,EDT,,07/12/2024,DartmouthID_AS-060325-198,0.0129634379987927,5.87845135265669,0.180018920692831,,,,,,2024-03-30 18:00:00
RI24-1333,Wade,03/30/2024,3:00,Isco,Stream,,,0.004,-0.003,0.007,0.004,0.471,0.798,-0.01,0.728,0.955,0.024,5.352,,,,,,,,,,,,,,,,,,,,,,,,EDT,,07/18/2024,UVM-Aglab_Replaced with Si run values,,,,,,,,,2024-03-30 03:00:00
RI24-1334,Wade,03/30/2024,9:00,Isco,Stream,,,0.011,0.002,0.008,0.005,0.089,0.901,-0.006,1.144,1.376,0.039,8.217,,,,,,,,,,,,,,,,,,,,,,,,EDT,,07/18/2024,UVM-Aglab_Replaced with Si run values,,,,,,,,,2024-03-30 09:00:00
RI24-1335,Wade,03/30/2024,15:00,Isco,Stream,,,0.005,-0.003,0.009,0.006,0.318,0.842,-0.011,0.766,0.979,0.036,5.467,,,,,,,,,,,,,,,,,,,,,,,,EDT,,07/18/2024,UVM-Aglab_Replaced with Si run values,,,,,,,,,2024-03-30 15:00:00
RI24-1336,Wade,03/30/2024,21:00,Isco,Stream,,,0.003,-0.006,0.007,-0.001,0.264,0.772,-0.015,0.452,0.661,0.032,3.342,,,,,,,,,,,,,,,,,,,,,,,,EDT,,07/18/2024,UVM-Aglab_Replaced with Si run values,,,,,,,,,2024-03-30 21:00:00
RI24-1323,Hungerford,03/31/2024,0:00,Isco,Stream,,,0.0310410710996739,0.0060475555333858,,0.0074541138407746,4.59846827868384,2.44853998590283,0.0153387659519193,7.60619875803234,15.5961871938566,0.0117409081817787,37.6064951273732,,,,,,,,,,,,,,,,,,,,,,,,EDT,,07/12/2024,DartmouthID_AS-060325-197,0.012086454305355,5.86184409911949,0.178836821325948,,,,,,2024-03-31 00:00:00
RI24-1324,Hungerford,03/31/2024,6:00,Isco,Stream,,,0.0410715801206316,0.0156338385650919,,0.0025334291807087,4.42382968520879,2.48302785237994,0.0173477593489914,7.74227708967019,15.7081492822738,0.0141400091615428,37.0266307955478,,,,,,,,,,,,,,,,,,,,,,,,EDT,,07/12/2024,DartmouthID_AS-060325-196,0.0143208793398266,5.91806418569662,0.172338574464069,,,,,,2024-03-31 06:00:00
RI24-1325,Hungerford,03/31/2024,12:00,Isco,Stream,,,0.0368637341943378,0.016033022913889,,0.0001580539599062,4.44543152328172,2.57894981635967,0.0191432011744548,7.68877424395117,15.9436645165679,0.014417358485429,39.6394020817889,,,,,,,,,,,,,,,,,,,,,,,,EDT,,07/12/2024,DartmouthID_AS-060325-195,0.0132130749685421,5.94400814865676,0.185967139001688,,,,,,2024-03-31 12:00:00
RI24-1326,Hungerford,03/31/2024,18:00,Isco,Stream,,,0.0280410182342138,0.0126977395408744,,0.0030085998229911,4.29258337037643,2.39816598995241,0.0185899214412805,7.59095788217977,15.8816456136849,0.0115329327138569,41.4065719160562,,,,,,,,,,,,,,,,,,,,,,,,EDT,,07/12/2024,DartmouthID_AS-060325-194,0.0150596054571707,5.88153385592975,0.190376711974937,,,,,,2024-03-31 18:00:00
RI24-1337,Wade,03/31/2024,3:00,Isco,Stream,,,0.01,-0.002,0.007,0.004,0.292,0.869,-0.015,0.769,0.998,0.047,5.482,,,,,,,,,,,,,,,,,,,,,,,,EDT,,07/18/2024,UVM-Aglab_Replaced with Si run values,,,,,,,,,2024-03-31 03:00:00
RI24-1338,Wade,03/31/2024,9:00,Isco,Stream,"only 50 mL in ISCO bottle, presumably froze",,,,,,,,,,,,,,,,,,,,,,,,,,,,,,,,,,,,EDT,,07/18/2024,,,,,,,,,,2024-03-31 09:00:00
RI24-1339,Wade,03/31/2024,15:00,Isco,Stream,,,0.011,0.003,0.008,0.004,0.523,1.068,-0.005,1.468,1.748,0.031,10.27,,,,,,,,,,,,,,,,,,,,,,,,EDT,,07/18/2024,UVM-Aglab_Replaced with Si run values,,,,,,,,,2024-03-31 15:00:00
RI24-1340,Wade,03/31/2024,21:00,Isco,Stream,,,0.006,-0.002,0.007,-0.002,0.185,0.982,-0.009,0.754,1.074,0.037,5.382,,,,,,,,,,,,,,,,,,,,,,,,EDT,,07/18/2024,UVM-Aglab_Replaced with Si run values,,,,,,,,,2024-03-31 21:00:00
RI24-1327,Hungerford,04/01/2024,0:00,Isco,Stream,,,0.0253109145900155,0.0058520082775367,,0.0083137644399463,4.152230695488,3.75174535692494,0.0180437669630161,7.61603216566788,15.9310236579492,0.0130329654056841,33.4459466519848,,,,,,,,,,,,,,,,,,,,,,,,EDT,,07/12/2024,DartmouthID_AS-060325-193,0.0105096988762174,5.8287021884547,0.165597504646128,,,,,,2024-04-01 00:00:00
RI24-1328,Hungerford,04/01/2024,6:00,Isco,Stream,,,0.0019240112404368,0.0009321830796308,,0.0187909034021935,0.028991240125427,0.552106106026788,0.0027336454586057,0.0059622216479501,0.0435289335472775,0.0059790590145099,0.0827657257520797,,,,,,,,,,,,,,,,,,,,,,,,EDT,,07/12/2024,DartmouthID_AS-060325-192,5.53159781455598E-05,0.0293585213628288,0.0002931894200293,,,,,,2024-04-01 06:00:00
RI24-1329,Hungerford,04/01/2024,12:00,Snowmelt lysimeter,Endmember,,,-0.007,-0.006,0.01,0.012,1.129,1.069,0.047,1.678,6.062,-0.001,6.236,,4.209,,,,,,,,-142.804,-19.249,,,,,,,,,,,,,EDT,,07/18/2024,UVM-Aglab_Replaced with Si run values,,,,Run 2025-06-05,,,,,2024-04-01 12:00:00
RI24-1330,Hungerford,04/01/2024,12:15,Grab,Stream,Grab Taken in (acidwashed) polypro bottle,,0.034,0.035,0.006,0.063,1.744,3.767,0.075,11.564,22.884,-0.056,62.049,,,,,,,,,,-82.82,-12.086,,,,,,,,,,,,,EDT,,07/18/2024,UVM-Aglab_Replaced with Si run values,,,,,,,,,2024-04-01 12:15:00
RI24-1341,Wade,04/01/2024,3:00,Isco,Stream,,,0.004,-0.005,0.007,0.004,0.721,1.042,0,0.658,0.994,0.032,4.706,,,,,,,,,,,,,,,,,,,,,,,,EDT,,07/18/2024,UVM-Aglab_Replaced with Si run values,,,,,,,,,2024-04-01 03:00:00
RI24-1342,Wade,04/01/2024,9:00,Isco,Stream,,,0.002,-0.001,0.002,0.006,0.156,1.05,-0.021,0.903,1.498,0.022,6.46,,,,,,,,,,,,,,,,,,,,,,,,EDT,,07/18/2024,UVM-Aglab_Replaced with Si run values,,,,,,,,,2024-04-01 09:00:00
RI24-1343,Wade,04/01/2024,14:00,Grab,Stream,Grab Taken in (acidwashed) polypro bottle,,0.001,-0.008,0.007,0.006,0.773,0.662,-0.022,0.377,0.576,0.024,2.766,,,,,,,,,,,,,,,,,,,,,,,,EDT,,07/18/2024,UVM-Aglab_,,,,,,,,,2024-04-01 14:00:00
RI24-1344,Hungerford,04/04/2024,10:00,Snow,Endmember,,,0.043447278773456,0.0144121591045247,,0.0123448971520179,3.50534205814088,2.4171964376453,0.0186237868065503,6.54511825812541,13.5730980918428,0.0165948456778263,29.69832112582,,,,,,,,,,-93.225,-13.223,,,,,,,,,,,,,EDT,,07/12/2024,DartmouthID_AS-060325-191,0.0113985944583165,4.7462767603333,0.140988342669605,,,,,,2024-04-04 10:00:00
RI24-1345,Wade,04/10/2024,12:30,Grab,Stream,"Spotty rain, snow mostly gone, 55 F, Gauge @ 0.60m. Set rain collected at Wade Dry site",,,,,,,,,,,,,,,,,,,,,,-103.885,-14.83,,,,,,,,,,,,,EDT,,07/12/2024,,,,,,,,,,2024-04-10 12:30:00
RI24-1354,Wade,04/10/2024,13:00,Isco,Stream,,,0.002,-0.012,0.005,0,0.735,0.513,-0.029,0.256,0.488,0.036,2.184,,,,,,,,,,-73.276,-11.003,,,,,,,,,,,,,EDT,,05/02/2024,UVM-Aglab_,,,,,,,,,2024-04-10 13:00:00
RI24-1355,Wade,04/10/2024,16:00,Isco,Stream,,,0.039,0.016,0.011,-0.003,0.689,0.488,-0.035,0.328,0.474,0.04,3.106,,,,,,,,,,,,,,,,,,,,,,,,EDT,,05/02/2024,UVM-Aglab_,,,,,,,,,2024-04-10 16:00:00
RI24-1356,Wade,04/10/2024,19:00,Isco,Stream,,,0.016,0.005,0.007,-0.003,0.496,0.688,0.015,0.301,1.021,0.064,2.159,,,,,,,,,,,,,,,,,,,,,,,,EDT,,05/02/2024,UVM-Aglab_,,,,,,,,,2024-04-10 19:00:00
RI24-1357,Wade,04/10/2024,22:00,Isco,Stream,,,0.004,-0.013,0.005,-0.007,0.548,0.467,-0.033,0.238,0.422,0.052,2.036,,,,,,,,,,-101.67,-14.543,,,,,,,,,,,,,EDT,,05/02/2024,UVM-Aglab_,,,,,,,,,2024-04-10 22:00:00
RI24-1357,Wade,04/10/2024,22:00,Isco,Stream,,,0.004,-0.013,0.005,-0.007,0.548,0.467,-0.033,0.238,0.422,0.052,2.036,,,,,,,,,,-104.837,-14.956,,,,,,,,,,,,,EDT,,05/02/2024,UVM-Aglab_,,,,,,,,,2024-04-10 22:00:00
RI24-1346,Hungerford,04/10/2024,14:30,Grab,Stream,Grab Taken in (acidwashed) polypro bottle,,0.0439086373807346,0.0009959815640427,,0.046821840894003,3.66810485355423,2.33609267056828,0.0190017097884998,6.56495104765851,14.6120323872609,0.019166349658393,34.563818309558,,,,,,,,,,-85.919,-12.41,,,,,,,,,,,,,EDT,,07/12/2024,DartmouthID_AS-060325-190,0.0148809347209105,4.60555737705986,0.158544859611,,,,,,2024-04-10 14:30:00
RI24-1363,Hungerford,04/10/2024,15:00,Isco,Stream,Ant in ISCO bottle,,0.053,-0.014,0.005,-0.009,1.422,2.102,0.019,6.134,11.86,-0.006,26.082,,,,,,,,,,-85.065,-12.37,,,,,,,,,,,,,EDT,,05/02/2024,UVM-Aglab_,,,,,,,,,2024-04-10 15:00:00
RI24-1364,Hungerford,04/10/2024,18:00,Isco,Stream,,,0.03,-0.015,0.005,-0.008,1.473,2.215,0.013,6.442,12.383,-0.023,30.988,,,,,,,,,,,,,,,,,,,,,,,,EDT,,05/02/2024,UVM-Aglab_,,,,,,,,,2024-04-10 18:00:00
RI24-1365,Hungerford,04/10/2024,21:00,Isco,Stream,,,0.031,-0.014,0.006,-0.008,1.507,2.295,0.018,6.415,12.733,-0.027,30.245,,,,,,,,,,-84.43,-12.331,,,,,,,,,,,,,EDT,,05/02/2024,UVM-Aglab_,,,,,,,,,2024-04-10 21:00:00
RI24-1371,Hungerford,04/11/2024,12:00,Isco,Stream,,,0.0462969553653322,0.0012657779811147,,-0.0002901985620797,3.77703615913099,2.12302438692778,0.0186240480152597,6.76047968872612,15.0189094986618,0.0135461536347407,34.1778994816894,,,,,,,,,,,,,,,,,,,,,,,,EDT,,07/12/2024,DartmouthID_AS-060325-189,0.0124206398551097,4.7444465730493,0.16054800619501,,,,,,2024-04-11 12:00:00
RI24-1372,Hungerford,04/11/2024,15:00,Isco,Stream,,,0.0491559844528971,0.0021631784820646,,0.0861813473049405,3.777268715379,3.14130445799229,0.0204029448603594,6.35770144511915,14.0259241394609,0.0189677324173638,36.5279882038011,,,,,,,,,,-82.704,-12.006,,,,,,,,,,,,,EDT,,07/12/2024,DartmouthID_AS-060325-188,0.0136739148788018,4.59239027911737,0.163832477624427,,,,,,2024-04-11 15:00:00
RI24-1373,Hungerford,04/11/2024,18:00,Isco,Stream,,,0.0455308396589741,0.0011124144001827,,0.0062002186863846,3.95839355902421,1.8925438833586,0.0157207228698755,5.23443483333473,10.8184777470428,0.0291144098545761,25.9731550675898,,,,,,,,,,,,,,,,,,,,,,,,EDT,,07/12/2024,DartmouthID_AS-060325-187,0.0101039014375229,3.70190452234933,0.128086097091113,,,,,,2024-04-11 18:00:00
RI24-1374,Hungerford,04/11/2024,21:00,Isco,Stream,,,0.0433343082827458,0.0008526504868736,,0.0012412246363525,3.91819299192478,3.81332912466216,0.0173205816643603,6.93444687175237,15.1735829419101,0.0481854097627189,37.2494364728934,,,,,,,,,,-81.724,-11.684,,,,,,,,,,,,,EDT,,07/12/2024,DartmouthID_AS-060325-186,0.0137640636362983,4.98628347597109,0.173657527557117,,,,,,2024-04-11 21:00:00
RI24-1391,Wade,01/11/2024,14:00,Baseflow,Endmember,Baseflow candidate,,0.0716753261984213,0.005710388901655,,0.0285237920091213,4.97724536484027,3.63005629729263,0.0365255565750062,5.96337648355687,12.6028583837091,0.0426538102070597,28.8306144289319,,,,,,,,,,-103.78,-14.592,,,,,,,,,,,,,EDT,,07/12/2024,DartmouthID_AS-061025-136,0.0128069990670046,3.948961896738,0.13035399555211,,,,,,2024-01-11 14:00:00
RI24-1392,Wade,04/11/2024,17:00,Isco,Stream,,,0.0132106215664608,0.0034165951890458,,0.0358569527750051,1.53201726957322,0.283662348402624,0.0026425976757853,0.280805699004079,0.368831164422948,0.0674640607586426,1.9515642597038,,,,,,,,,,,,,,,,,,,,,,,,EDT,,07/12/2024,DartmouthID_AS-061025-139,0.0025996360951318,0.605903499789152,0.0111293718685667,,,,,,2024-04-11 17:00:00
RI24-1393,Wade,04/11/2024,20:00,Isco,Stream,,,0.0217343448569342,0.0018669961193589,,0.0377913127804203,0.383107684471899,0.270602955304998,0.0015509458434549,0.280984933754734,0.374841594695575,0.062366534331457,1.98243925851756,,,,,,,,,,-104.378,-14.931,,,,,,,,,,,,,EDT,,07/12/2024,DartmouthID_AS-061025-158,0.0024155761374745,0.59060331749841,0.010847750460223,,,,,,2024-04-11 20:00:00
RI24-1394,Wade,04/11/2024,23:00,Isco,Stream,,,0.0692341581050453,0.0055349753858449,,-0.0007019764050546,5.48321185202562,3.46962792149588,0.0283071372725236,6.46338085041334,13.7029915678632,0.0620534193041808,36.7057833630679,,,,,,,,,,,,,,,,,,,,,,,,EDT,,07/12/2024,DartmouthID_AS-060325-169,0.0158725470621121,4.34340687408588,0.160173993043414,,,,,,2024-04-11 23:00:00
RI24-1394,Wade,04/11/2024,23:00,Isco,Stream,,,0.0196337280793854,0.0047946385500037,,0.0367258875590657,1.49599319159371,0.360054836615376,0.0052072861034694,0.269522621249631,0.294373394835373,0.0747973032113041,1.89247566730633,,,,,,,,,,,,,,,,,,,,,,,,EDT,,07/12/2024,DartmouthID_AS-061025-131,0.00319222374352,0.583768146162514,0.0107464612429605,,,,,,2024-04-11 23:00:00
RI24-1348,Wade,04/11/2024,13:00,Snowmelt lysimeter,Endmember,,,-0.016,-0.015,0.005,0.019,0.279,0.656,-0.034,0.216,0.204,0.004,0.56,,3.699,,,,,,,,-134.317,-18.463,,,,,,,,,,,,,EDT,,05/02/2024,UVM-Aglab_,,,,Run 2025-06-05,,,,,2024-04-11 13:00:00
RI24-1349,Wade,04/11/2024,13:15,Soil water lysimeter dry,Endmember,Dry site lysimeter,,0.091,-0.014,0.005,0.017,0.627,0.445,-0.036,0.079,0.244,0.348,0.333,,,,,,,,,,-121.868,-17.072,,,,,,,,,,,,,EDT,,05/02/2024,UVM-Aglab_,,,,,,,,,2024-04-11 13:15:00
RI24-1350,Wade,04/11/2024,13:15,Rain,Endmember,Collector set 04/10/2024 12:30,,-0.013,-0.009,0.01,0.058,0.018,0.63,-0.006,0.046,0.487,0.008,0.755,,,,,,,,,,-9.622,-2.618,,,,,,,,,,,,,EDT,,05/02/2024,UVM-Aglab_,,,,,,,,,2024-04-11 13:15:00
RI24-1358,Wade,04/11/2024,1:00,Isco,Stream,,,0.004,-0.012,0.005,-0.006,0.59,0.473,-0.034,0.249,0.417,0.058,2.036,,,,,,,,,,,,,,,,,,,,,,,,EDT,,05/02/2024,UVM-Aglab_,,,,,,,,,2024-04-11 01:00:00
RI24-1359,Wade,04/11/2024,4:00,Isco,Stream,,,0.002,-0.012,0.004,-0.005,0.541,0.455,-0.029,0.248,0.409,0.045,2.055,,,,,,,,,,-105.096,-15.127,,,,,,,,,,,,,EDT,,05/02/2024,UVM-Aglab_,,,,,,,,,2024-04-11 04:00:00
RI24-1360,Wade,04/11/2024,7:00,Isco,Stream,,,0.002,-0.013,0.004,-0.005,0.561,0.478,-0.043,0.252,0.411,0.044,2.065,,,,,,,,,,,,,,,,,,,,,,,,EDT,,05/02/2024,UVM-Aglab_,,,,,,,,,2024-04-11 07:00:00
RI24-1361,Wade,04/11/2024,10:00,Isco,Stream,,,0,-0.013,0.004,-0.005,0.564,0.477,-0.037,0.249,0.414,0.042,2.011,,,,,,,,,,,,,,,,,,,,,,,,EDT,,05/02/2024,UVM-Aglab_,,,,,,,,,2024-04-11 10:00:00
RI24-1362,Wade,04/11/2024,13:00,Isco,Stream,,,-0.002,-0.009,0.004,-0.007,0.592,0.521,-0.033,0.25,0.456,0.045,2,,,,,,,,,,,,,,,,,,,,,,,,EDT,,05/02/2024,UVM-Aglab_,,,,,,,,,2024-04-11 13:00:00
RI24-1347,Wade,04/11/2024,13:30,Grab,Stream,"Rainy, 50 F, Gauge @ 0.63m ED",,-0.001,-0.012,0.004,-0.006,0.629,0.463,-0.033,0.235,0.418,0.051,1.974,,,,,,,,,,,,,,,,,,,,,,,,EDT,,05/02/2024,UVM-Aglab_,,,,,,,,,2024-04-11 13:30:00
RI24-1366,Hungerford,04/11/2024,0:00,Isco,Stream,,,0.024,-0.015,0.006,-0.009,1.523,2.291,0.015,6.57,12.427,-0.022,30.377,,,,,,,,,,,,,,,,,,,,,,,,EDT,,05/02/2024,UVM-Aglab_,,,,,,,,,2024-04-11 00:00:00
RI24-1367,Hungerford,04/11/2024,3:00,Isco,Stream,,,0.059,-0.014,0.005,-0.009,1.478,2.353,0.013,6.567,13.018,-0.015,31.589,,,,,,,,,,-83.194,-12.22,,,,,,,,,,,,,EDT,,05/02/2024,UVM-Aglab_,,,,,,,,,2024-04-11 03:00:00
RI24-1368,Hungerford,04/11/2024,6:00,Isco,Stream,,,0.03,-0.015,0.007,-0.008,1.5,2.348,0.018,6.685,12.964,-0.022,32.18,,,,,,,,,,,,,,,,,,,,,,,,EDT,,05/02/2024,UVM-Aglab_,,,,,,,,,2024-04-11 06:00:00
RI24-1369,Hungerford,04/11/2024,9:00,Isco,Stream,,,0.04,-0.015,0.006,-0.009,1.495,2.348,0.015,6.548,13.391,-0.016,29.915,,,,,,,,,,-83.2,-12.045,,,,,,,,,,,,,EDT,,07/12/2024,UVM-Aglab_,,,,,,,,,2024-04-11 09:00:00
RI24-1351,Hungerford,04/11/2024,11:00,Grab,Stream,Grab Taken in (acidwashed) polypro bottle,,0.028,0.002,0.005,-0.007,1.504,2.224,0.014,6.336,13.182,-0.033,34.79,,,,,,,,,,,,,,,,,,,,,,,,EDT,,05/02/2024,UVM-Aglab_,,,,,,,,,2024-04-11 11:00:00
RI24-1352,Hungerford,04/11/2024,11:15,Snowmelt lysimeter,Endmember,,,-0.012,-0.013,0.005,0.004,0.427,0.945,-0.023,0.597,0.972,0.005,2.698,,3.154,,,,,,,,-92.57,-13.192,,,,,,,,,,,,,EDT,,05/02/2024,UVM-Aglab_,,,,Run 2025-07-21,,,,,2024-04-11 11:15:00
RI24-1353,Hungerford,04/11/2024,11:30,Soil water lysimeter dry,Endmember,Dry site lysimeter,,-0.008,-0.018,0.007,0.008,5.204,0.777,0.051,3.982,6.927,-0.025,28.675,,14.876,,,,,,,,-83.179,-12.068,,,,,,,,,,,,,EDT,,05/02/2024,UVM-Aglab_,,,,Run 2025-07-21,,,,,2024-04-11 11:30:00
RI24-1375,Hungerford,04/12/2024,0:00,Isco,Stream,,,0.0497751503986688,0.0007603321359578,,-0.0012456024812302,3.81405987863985,2.29689773635787,0.0171707564559545,7.08118079204336,15.4568433063943,0.0271727093805577,32.1288775336203,,,,,,,,,,,,,,,,,,,,,,,,EDT,,07/12/2024,DartmouthID_AS-060325-185,0.0120096389528186,4.9287967364259,0.152364871970993,,,,,,2024-04-12 00:00:00
RI24-1376,Hungerford,04/12/2024,3:00,Isco,Stream,,,0.0394985712010113,0.000625824190627,,-0.0001698262512007,3.84254532458446,2.72268992777756,0.0159481773821373,7.01384132239709,15.5096036830414,0.0194154399355323,30.8202809124848,,,,,,,,,,-81.555,-11.759,,,,,,,,,,,,,EDT,,07/12/2024,DartmouthID_AS-060325-184,0.0112954812943893,4.80560444267428,0.149813784896082,,,,,,2024-04-12 03:00:00
RI24-1377,Hungerford,04/12/2024,6:00,Isco,Stream,,,0.0337542651614669,0.0003396425334754,,0.0143963249835023,3.74919448277363,2.55890702870536,0.0202821317133782,7.16224001461212,15.8588611519561,0.0164614198059536,39.1155937780635,,,,,,,,,,,,,,,,,,,,,,,,EDT,,07/12/2024,DartmouthID_AS-060325-183,0.0152305765895103,4.92240531254378,0.178865463540762,,,,,,2024-04-12 06:00:00
RI24-1378,Hungerford,04/12/2024,9:00,Isco,Stream,,,0.0372788815544067,0.0011052502186731,,-0.0014051881017234,3.78811803385042,2.76512139255395,0.0187819583822876,6.97531567093713,15.6453353365683,0.0258278920940218,32.0023516824201,,,,,,,,,,,,,,,,,,,,,,,,EDT,,07/12/2024,DartmouthID_AS-060325-182,0.0121531159272131,4.81057542587196,0.155330244158543,,,,,,2024-04-12 09:00:00
RI24-1379,Hungerford,04/12/2024,12:00,Isco,Stream,,,0.0261393848462998,0.0003394505352682,,-0.0014058131179318,3.68350134494699,3.93636255049696,0.0181644744935443,7.10094423344052,15.8533448427157,0.017004391296434,30.9855987646131,,,,,,,,,,,,,,,,,,,,,,,,EDT,,07/12/2024,DartmouthID_AS-060325-181,0.0111876801629791,4.90985786819763,0.15410914057057,,,,,,2024-04-12 12:00:00
RI24-1380,Hungerford,04/12/2024,15:00,Isco,Stream,,,0.0320037863182875,0.0006710885567574,,0.006708660395283,3.53980045525327,2.4487930707161,0.0180535954924846,6.97946287071136,15.5104218599943,0.0196768077252108,32.5309770140791,,,,,,,,,,-81.575,-11.589,,,,,,,,,,,,,EDT,,07/12/2024,DartmouthID_AS-060325-180,0.0121949104035016,4.88979531045432,0.158113821230295,,,,,,2024-04-12 15:00:00
RI24-1381,Hungerford,04/12/2024,18:00,Isco,Stream,,,0.533221563105578,0.0109233141787883,,3.38232202898174E-05,4.0190673407003,5.05387164239133,0.0738560601786161,5.26412513451044,10.6745952398277,0.513000728850296,28.2508724394618,,,,,,,,,,,,,,,,,,,,,,,,EDT,,07/12/2024,DartmouthID_AS-060325-179,0.0137933742056643,3.4815696180566,0.11201537840865,,,,,,2024-04-12 18:00:00
RI24-1382,Hungerford,04/12/2024,21:00,Isco,Stream,,,0.233728814651055,0.0039224233917963,,-0.0004951562245092,3.91279325483795,5.03239340663525,0.0487868509560708,3.97687363922092,8.05271514598622,0.197829893537782,22.3434027336305,,,,,,,,,,-75.842,-10.626,,,,,,,,,,,,,EDT,,07/12/2024,DartmouthID_AS-060325-178,0.0129305141333954,2.53424570664722,0.0905719510736255,,,,,,2024-04-12 21:00:00
RI24-1395,Wade,04/12/2024,2:00,Isco,Stream,,,0.0285410924582365,0.0044827019328672,,0.0366935149166929,0.379470656059127,0.208854337043996,0.0007573100248918,0.281069493400415,0.361033438675761,0.0788307581533189,2.06625880520039,,,,,,,,,,-104.657,-15.022,,,,,,,,,,,,,EDT,,07/12/2024,DartmouthID_AS-061025-154,0.0029495039756876,0.589349213277745,0.0107967175302317,,,,,,2024-04-12 02:00:00
RI24-1396,Wade,04/12/2024,5:00,Isco,Stream,,,0.0253488897382159,0.0049426821666299,,0.0340048531034001,1.29459511214834,0.342963248029147,0.0070767218862219,0.261433271489386,0.293428247594178,0.0774580440090744,1.79551960441032,,,,,,,,,,,,,,,,,,,,,,,,EDT,,07/12/2024,DartmouthID_AS-061025-130,0.0034223300932029,0.572140891557525,0.0101016335707127,,,,,,2024-04-12 05:00:00
RI24-1397,Wade,04/12/2024,8:00,Isco,Stream,,,0.0411139199520142,0.0050286889465767,,0.0369515725064353,0.674332858845945,0.353610168834343,0.0038077383681801,0.536061785191408,0.714637697178002,0.10644694382042,3.61992878302081,,,,,,,,,,-103.828,-14.939,,,,,,,,,,,,,EDT,,07/12/2024,DartmouthID_AS-061025-161,0.0048306211823007,1.12081851485754,0.0205787285905617,,,,,,2024-04-12 08:00:00
RI24-1398,Wade,04/12/2024,11:00,Isco,Stream,,,0.0242667149258554,0.0025991147988489,,0.0347245445850936,1.07786773720497,0.409492958974145,0.0029041404899594,0.247813635227905,0.305970489902399,0.0807763173023066,1.68870399087099,,,,,,,,,,,,,,,,,,,,,,,,EDT,,07/12/2024,DartmouthID_AS-061025-137,0.0028504646852898,0.538916577057985,0.0096302228782965,,,,,,2024-04-12 11:00:00
RI24-1399,Wade,04/12/2024,14:00,Isco,Stream,,,0.0273303411164611,0.007420060742817,,0.0394094211327752,0.475653472119659,0.333468852639778,0.0023364406723835,0.355096298692382,0.456743621865489,0.0977533983696291,2.35993949545767,,,,,,,,,,-104.197,-15.083,,,,,,,,,,,,,EDT,,07/12/2024,DartmouthID_AS-061025-151,0.0035974628023715,0.75950950257835,0.0135762844411645,,,,,,2024-04-12 14:00:00
RI24-1400,Wade,04/12/2024,17:00,Isco,Stream,,,0.0247990768304076,0.01091447683443,,0.0626796237757599,1.10013992097117,0.405497320249711,0.0032032748799748,0.258553969572527,0.344603216016153,0.0699956949537437,1.84377910111625,,,,,,,,,,,,,,,,,,,,,,,,EDT,,07/12/2024,DartmouthID_AS-061025-138,0.0027104206445159,0.539980048594876,0.0103215862946442,,,,,,2024-04-12 17:00:00
RI24-1401,Wade,04/12/2024,20:00,Isco,Stream,,,0.0295628634190779,0.003609391633192,,0.0368123011670564,0.340740041998684,0.288649840020449,0.0006582584924859,0.26294997821404,0.356735167631894,0.0766930961209541,1.83879185222912,,,,,,,,,,-103.105,-14.886,,,,,,,,,,,,,EDT,,07/12/2024,DartmouthID_AS-061025-160,0.0024593247299352,0.573430255356442,0.0108232126823087,,,,,,2024-04-12 20:00:00
RI24-1402,Wade,04/12/2024,23:00,Isco,Stream,,,0.0274185354864689,0.0042241111758845,,0.0364412912070244,1.01244647773746,0.344924399350985,0.0025321180458649,0.226550043489976,0.292551337566303,0.0943568573572721,1.62105997006086,,,,,,,,,,,,,,,,,,,,,,,,EDT,,07/12/2024,DartmouthID_AS-061025-134,0.0028273391639919,0.514225058346426,0.0098183517965355,,,,,,2024-04-12 23:00:00
RI24-1383,Hungerford,04/13/2024,0:00,Isco,Stream,,,0.245749785603944,0.0040404696898,,-0.0006713777035348,4.59420668661831,4.32137534473949,0.0519873393463495,3.90721521273491,9.04519095031258,0.206260130671657,22.1346229424837,,,,,,,,,,,,,,,,,,,,,,,,EDT,,07/12/2024,DartmouthID_AS-060325-177,0.012941407058961,2.27936772821142,0.0914410018024895,,,,,,2024-04-13 00:00:00
RI24-1384,Hungerford,04/13/2024,3:00,Isco,Stream,,,0.2426084710198,0.0045405842184533,,0.0035279859474863,5.07173792467458,4.00649582171003,0.0429956043721453,4.34517430693095,9.36701347979458,0.196864668569811,23.5572500483389,,,,,,,,,,-78.462,-10.963,,,,,,,,,,,,,EDT,,07/12/2024,DartmouthID_AS-060325-176,0.0129726084669303,2.70639104452746,0.100672756730525,,,,,,2024-04-13 03:00:00
RI24-1385,Hungerford,04/13/2024,6:00,Isco,Stream,,,0.152988892159578,0.0038431837508321,,0.0009224440016773,5.08733612743854,4.76837879099464,0.0458784668533444,4.87927053828109,9.95817960019964,0.116993177542219,25.7677921118583,,,,,,,,,,,,,,,,,,,,,,,,EDT,,07/12/2024,DartmouthID_AS-060325-175,0.0127710485875003,3.08438020993456,0.110793182784012,,,,,,2024-04-13 06:00:00
RI24-1386,Hungerford,04/13/2024,9:00,Isco,Stream,,,0.216814919518294,0.0065484588669435,,0.000220662494294,5.44728549571847,3.82243138851098,0.0429677376652759,5.26659313909919,10.7482593120512,0.1603589883198,29.8546972709033,,,,,,,,,,-81.949,-11.783,,,,,,,,,,,,,EDT,,07/12/2024,DartmouthID_AS-060325-174,0.0146356816719927,3.38291151451463,0.12751240348986,,,,,,2024-04-13 09:00:00
RI24-1387,Hungerford,04/13/2024,12:00,Isco,Stream,,,0.133207305820333,0.0057246743442023,,0.0003004971019026,5.40276424932652,3.02415595439095,0.0329854796911525,5.7780953174255,12.1654545741848,0.082174951794958,30.8422745546167,,,,,,,,,,,,,,,,,,,,,,,,EDT,,07/12/2024,DartmouthID_AS-060325-173,0.014048058232978,3.9143050472255,0.136190072128715,,,,,,2024-04-13 12:00:00
RI24-1388,Hungerford,04/13/2024,21:00,Isco,Stream,,,0.156843449635695,0.0058434325848193,,-0.0013564624003604,5.53471871020393,3.70200741063638,0.0408433317889378,6.0306612395532,12.532514071428,0.110201275621953,30.8574190489945,,,,,,,,,,-83.744,-11.839,,,,,,,,,,,,,EDT,,07/12/2024,DartmouthID_AS-060325-172,0.0136358270564071,4.03123795710179,0.136783055954837,,,,,,2024-04-13 21:00:00
RI24-1403,Wade,04/13/2024,2:00,Isco,Stream,,,0.0241271819316102,0.0043024211554797,,0.0346103877252556,1.10028747697161,0.236425944135994,0.0013030925135562,0.227509530870494,0.294003960635821,0.0876935739882161,1.58220943441674,,,,,,,,,,,,,,,,,,,,,,,,EDT,,07/12/2024,DartmouthID_AS-061025-135,0.0021810044254685,0.500184425306775,0.0093645193775225,,,,,,2024-04-13 02:00:00
RI24-1404,Wade,04/13/2024,5:00,Isco,Stream,,,0.0242086309615142,0.0063733176588541,,0.0389206886674883,0.368170442671328,0.395864560482703,0.0026297555340658,0.318921623280248,0.439892581808714,0.0768179325411111,2.25502372306717,,3.206,,,,,,,,-104.082,-14.972,,,,,,,,,,,,,EDT,,07/12/2024,DartmouthID_AS-061025-148,0.0032323362047891,0.68552650145623,0.0128528854660993,Run 2025-06-05,,,,,2024-04-13 05:00:00
RI24-1405,Wade,04/13/2024,8:00,Isco,Stream,,,0.0213204478416856,0.0061070154208702,,0.0353322519718659,1.37078828224586,0.314507961394322,0.000333298409861,0.260921544845798,0.360280687821441,0.0808656277559676,1.80394457709094,,,,,,,,,,,,,,,,,,,,,,,,EDT,,07/12/2024,DartmouthID_AS-061025-144,0.0026572902012994,0.571117602329808,0.0105463278398224,,,,,,2024-04-13 08:00:00
RI24-1406,Wade,04/13/2024,14:00,Isco,Stream,,,,,,,,,,,,,,,3.583,,,,,,,,-104.522,-14.978,,,,,,,,,,,,,EDT,,07/12/2024,,,,,Run 2025-06-05,,,,,2024-04-13 14:00:00
RI24-1407,Wade,04/13/2024,17:00,Isco,Stream,,,0.0177384500949655,0.0083786053879099,,0.0363993895791501,1.64090503407622,0.357929596555975,0.0057482590965893,0.280912789094364,0.34056955078177,0.0686144202471756,1.95159606431893,,,,,,,,,,,,,,,,,,,,,,,,EDT,,07/12/2024,DartmouthID_AS-061025-133,0.0031649697576179,0.608612881262846,0.0113990711548945,,,,,,2024-04-13 17:00:00
RI24-1408,Wade,04/13/2024,20:00,Isco,Stream,,,0.026471218434257,0.0095443408961473,,0.0136666295584406,2.07463250888432,0.0844661990090194,0.0027358848136041,0.328185115726614,0.502643532658844,0.0663520161748478,2.28457530132762,,3.433,,,,,,,,-104.685,-15.081,,,,,,,,,,,,,EDT,,07/12/2024,DartmouthID_AS-060325-167,0.0028298827513303,0.656685531281117,0.0125992541472159,Run 2025-06-05,,,,,2024-04-13 20:00:00
RI24-1389,Hungerford,04/14/2024,0:00,Isco,Stream,,,0.0813687569298839,0.0024715055463672,,-0.0010953716577593,5.20193193261854,3.90002033084437,0.0383968795343317,6.27042808955273,12.7973032556619,0.0441414944458949,28.3617048003366,,,,,,,,,,,,,,,,,,,,,,,,EDT,,07/12/2024,DartmouthID_AS-060325-171,0.013241218822866,4.06319352649074,0.128396211950037,,,,,,2024-04-14 00:00:00
RI24-1390,Hungerford,04/14/2024,3:00,Isco,Stream,,,0.151530894247226,0.007916633751543,,-0.0012138503355491,5.34493852811938,3.80825874602696,0.0522895866877793,6.42024695724279,13.0547267748666,0.0964406198825184,34.9500398986589,,,,,,,,,,,,,,,,,,,,,,,,EDT,,07/12/2024,DartmouthID_AS-060325-170,0.0161053043483701,4.1825733160012,0.148767183498729,,,,,,2024-04-14 03:00:00
RI24-1413,Hungerford,04/14/2024,6:00,Isco,Stream,There was some confusion with ID# RI24_1392 and 1391,,,,,,,,,,,,,,,,,,,,,,-86.951,-12.404,,,,,,,,,,,,,EDT,,,,,,,,,,,,2024-04-14 06:00:00
RI24-1414,Hungerford,04/14/2024,14:30,Grab,Stream,Grab Taken in (acidwashed) polypro bottle,,,,,,,,,,,,,,,,,,,,,,-86.118,-12.429,,,,,,,,,,,,,EDT,,,,,,,,,,,,2024-04-14 14:30:00
RI24-1409,Wade,04/14/2024,2:00,Isco,Stream,,,0.0276457776783673,0.0092816107588291,,0.0055769484315503,1.96361856927774,0.117495854496422,0.0037760535583309,0.317001528071756,0.393757533412695,0.057130924869095,2.25062372407416,,,,,,,,,,,,,,,,,,,,,,,,EDT,,07/12/2024,DartmouthID_AS-060325-168,0.0025402651450304,0.673379516079956,0.0124974355043878,,,,,,2024-04-14 02:00:00
RI24-1410,Wade,04/14/2024,5:00,Isco,Stream,,,0.024499911652664,0.0098905655356953,,0.0033861823934224,1.9077543485968,6.32509707609426,0.0009387865341433,0.321366929197552,0.379959688552314,0.0495333567885878,2.30574052622543,,,,,,,,,,-104.411,-15.212,,,,,,,,,,,,,EDT,,07/12/2024,DartmouthID_AS-060325-206,0.0021710510814409,0.697806642498056,0.0129110928059504,,,,,,2024-04-14 05:00:00
RI24-1411,Wade,01/14/2024,8:00,Baseflow,Endmember,Candidate for baseflow,,0.0451627246817397,0.0367619497752374,,0.0030386312835831,5.3571778345676,2.58393060343014,0.0355282920737053,7.70166989951656,20.2961769254978,0.0135534395860428,41.1289967308976,,,,,,,,,,-104.173,-15.105,,,,,,,,,,,,,EDT,,07/12/2024,DartmouthID_AS-060325-205,0.0151443755531104,5.46730329024485,0.185374172020883,,,,,,2024-01-14 08:00:00
RI24-1370,Wade,04/14/2024,17:00,Grab,Stream,Grab Taken in (acidwashed) polypro bottle,,0.0271271153022889,0.0099815880642598,,0.251666839843462,0.261329380213483,0.420579509905759,0.0093502488470515,0.323704896201533,0.374638109189998,0.063411418263628,2.87028984448427,,,,,,,,,,-103.861,-14.898,,,,,,,,,,,,,EDT,,07/12/2024,DartmouthID_AS-061025-132,0.008633664802138,0.707242286378734,0.0137999868667168,,,,,,2024-04-14 17:00:00
RI25-1001,Potash,12/10/2024,9:00,Isco,Stream,,,0.0466860309182148,0.12084345512982,,0.0111037605625891,6.82959749454639,4.3598248629028,0.042445148796202,17.8337231970056,639.791978910096,0.0084813120576724,61.7538883215326,,1097.026,,,,,,,,-75.664,-11.09,,,,,,,,,,,,,EST,,,AS-061025-001,0.0404967946262349,8.01128187634236,0.275829473644338,Run 2025-10-06,63,Y,MLG Missing GF/F sample currently.,,2024-12-10 09:00:00
RI25-1002,Potash,12/10/2024,12:00,Isco,Stream,,,,,,,,,,,,,,,,,,,,,,,,,,,,,,,,,,,,,EST,,,,,,,,,Y,MLG Missing GF/F sample currently.,,2024-12-10 12:00:00
RI25-1003,Potash,12/10/2024,15:00,Isco,Stream,,,,,,,,,,,,,,,,,,,,,,,,,,,,,,,,,,,,,EST,,,,,,,,,Y,MLG Missing GF/F sample currently.,,2024-12-10 15:00:00
RI25-1004,Potash,12/10/2024,18:00,Isco,Stream,,,0.0290078188825495,0.0586635832732845,,0.0067848302736902,6.81881712139189,4.14187046628259,0.0274000422755016,17.5149720903207,554.263622684027,0.0046690290941562,37.1959586147011,,1031.256,,,,,,,,-76.422,-11.118,,,,,,,,,,,,,EST,,,AS-061025-002,0.0248055749424893,7.39807167696512,0.223650493828293,Run 2025-10-06,64,Y,MLG Missing GF/F sample currently.,,2024-12-10 18:00:00
RI25-1005,Potash,12/10/2024,21:00,Isco,Stream,,,,,,,,,,,,,,,,,,,,,,,,,,,,,,,,,,,,,EST,,,,,,,,,Y,MLG Missing GF/F sample currently.,,2024-12-10 21:00:00
RI25-1006,Potash,12/11/2024,0:00,Isco,Stream,,,,,,,,,,,,,,,,,,,,,,,,,,,,,,,,,,,,,EST,,,,,,,,,Y,MLG Missing GF/F sample currently.,,2024-12-11 00:00:00
RI25-1007,Potash,12/11/2024,3:00,Isco,Stream,,,0.0404022809135643,0.143683463656691,,0.0229625177688722,6.56722531549508,4.81571260906495,0.0426398744273803,17.1107247306016,773.13700576047,0.0069490014528743,60.4707462672575,,1314.974,,,,,,,,,,,,,,,,,,,,,,EST,,,AS-061025-003,0.044194454540589,8.58915738557787,0.272088822503595,Run 2025-10-06,65,Y,MLG Missing GF/F sample currently.,,2024-12-11 03:00:00
RI25-1008,Potash,12/11/2024,6:00,Isco,Stream,,,,,,,,,,,,,,,,,,,,,,,,,,,,,,,,,,,,,EST,,,,,,,,,Y,MLG Missing GF/F sample currently.,,2024-12-11 06:00:00
RI25-1009,Potash,12/11/2024,9:00,Isco,Stream,,,,,,,,,,,,,,,,,,,,,,,,,,,,,,,,,,,,,EST,,,,,,,,,Y,MLG Missing GF/F sample currently.,,2024-12-11 09:00:00
RI25-1010,Potash,12/11/2024,12:00,Isco,Stream,,,0.0407953196211524,0.0683358191827362,,0.0315614800904542,5.15749284178063,3.19296076067641,0.0308072335701893,12.3558642176126,301.614506435845,0.0152877976234755,35.3361216611321,,511.23,,,,,,,,-73.962,-11,,,,,,,,,,,,,EST,,,AS-061025-004,0.0252220386673169,5.25216264479206,0.16616470785125,Run 2025-10-06,66,Y,MLG Missing GF/F sample currently.,,2024-12-11 12:00:00
RI25-1011,Potash,12/11/2024,15:00,Isco,Stream,,,0.0554197389623728,0.0925508695282801,,0.0258504953173663,4.37241766845611,3.60201800907877,0.0428192144109874,9.10139995426068,151.354671195982,0.0121306629955101,30.6650685625433,,252.744,,,,,,,,-74.252,-11.02,,,,,,,,,,,,,EST,,,AS-061025-005,0.0300292970824706,3.56624212182308,0.122542121884955,Run 2025-10-06,67,Y,"MED reading from Del freezer bag 02, assuming 1021 is grab. Missing GF/F sample currently.",,2024-12-11 15:00:00
RI25-1012,Potash,12/11/2024,18:00,Isco,Stream,,,,,,,,,,,,,,,,,,,,,,,,,,,,,,,,,,,,,EST,,,,,,,,,Y,"MED reading from Del freezer bag 02, assuming 1021 is grab. Missing GF/F sample currently.",,2024-12-11 18:00:00
RI25-1013,Potash,12/11/2024,21:00,Isco,Stream,,,,,,,,,,,,,,,,,,,,,,,,,,,,,,,,,,,,,EST,,,,,,,,,Y,"MED reading from Del freezer bag 02, assuming 1021 is grab. Missing GF/F sample currently.",,2024-12-11 21:00:00
RI25-1014,Potash,12/12/2024,0:00,Isco,Stream,,,,,,,,,,,,,,,,,,,,,,,,,,,,,,,,,,,,,EST,,,,,,,,,Y,"MED reading from Del freezer bag 02, assuming 1021 is grab. Missing GF/F sample currently.",,2024-12-12 00:00:00
RI25-1015,Potash,12/12/2024,3:00,Isco,Stream,,,,,,,,,,,,,,,,,,,,,,,,,,,,,,,,,,,,,EST,,,,,,,,,Y,"MED reading from Del freezer bag 02, assuming 1021 is grab. Missing GF/F sample currently.",,2024-12-12 03:00:00
RI25-1016,Potash,12/12/2024,6:00,Isco,Stream,,,,,,,,,,,,,,,,,,,,,,,,,,,,,,,,,,,,,EST,,,,,,,,,Y,"MED reading from Del freezer bag 02, assuming 1021 is grab. Missing GF/F sample currently.",,2024-12-12 06:00:00
RI25-1017,Potash,12/12/2024,9:00,Isco,Stream,,,,,,,,,,,,,,,,,,,,,,,,,,,,,,,,,,,,,EST,,,,,,,,,Y,"MED reading from Del freezer bag 02, assuming 1021 is grab. Missing GF/F sample currently.",,2024-12-12 09:00:00
RI25-1018,Potash,12/12/2024,12:00,Isco,Stream,,,,,,,,,,,,,,,,,,,,,,,,,,,,,,,,,,,,,EST,,,,,,,,,Y,"MED reading from Del freezer bag 02, assuming 1021 is grab. Missing GF/F sample currently.",,2024-12-12 12:00:00
RI25-1019,Potash,12/12/2024,15:00,Isco,Stream,,,0.126698588146467,0.0637926101790694,,0.0180472797477962,5.54029450716955,3.90213864150346,0.0441424816199761,9.24888931935303,68.6988251872306,0.0350728992932442,30.046698685556,,113.129,,,,,,,,-87.083,-12.566,,,,,,,,,,,,,EST,,,AS-061025-006,0.01608167826827,4.76316690126988,0.115551873409763,Run 2025-10-06,68,Y,"MED reading from Del freezer bag 02, assuming 1021 is grab. Missing GF/F sample currently.",,2024-12-12 15:00:00
RI25-1020,Potash,12/12/2024,18:00,Isco,Stream,,,,,,,,,,,,,,,,,,,,,,,,,,,,,,,,,,,,,EST,,,,,,,,,Y,"MED reading from Del freezer bag 02, assuming 1021 is grab. Missing GF/F sample currently.",,2024-12-12 18:00:00
RI25-1021,Potash,12/13/2024,12:00,Grab,Stream,,,0.11467630504117,0.0662226972759199,,0.0067765876932121,6.28017779291538,3.76221597380372,0.0387314589810484,12.7817923214079,103.30980311195,0.0244856002210615,39.1459240371241,,168.58,,,,,,,,-82.559,-11.902,,,,,,,,,,,,,EST,,,AS-061025-007,0.0187455011661208,6.44630776137857,0.15425555285121,Run 2025-10-06,1,Y,"MED reading from Del freezer bag 02, assuming 1021 is grab. Missing GF/F sample currently.",,2024-12-13 12:00:00
RI25-1022,Potash,12/28/2024,19:00,Isco,Stream,,,,,,,,,,,,,,,,,,,,,,,,,,,,,,,,,,,,,EST,,,,,,,,,Y,MED,,2024-12-28 19:00:00
RI25-1023,Potash,12/29/2024,1:00,Isco,Stream,,,,,,,,,,,,,,,,,,,,,,,,,,,,,,,,,,,,,EST,,,,,,,,,Y,MED,,2024-12-29 01:00:00
RI25-1024,Potash,12/29/2024,7:00,Isco,Stream,,,0.0289517148317326,0.176125770650172,,0.214101500810197,7.57392715441272,5.10841599592472,0.0294757791606969,17.5280138216697,283.934919983705,0.0049935859190816,53.3375364360996,,512.394,,,,,,,,-73.68,-10.827,,,,,,,,,,,,,EST,,,AS-061025-008,0.0299336586372625,8.02642054593033,0.235019575872478,Run 2025-10-06,69,Y,MED,,2024-12-29 07:00:00
RI25-1025,Potash,12/29/2024,13:00,Isco,Stream,,,,,,,,,,,,,,,,,,,,,,,,,,,,,,,,,,,,,EST,,,,,,,,,Y,MED,,2024-12-29 13:00:00
RI25-1026,Potash,12/29/2024,19:00,Isco,Stream,,,,,,,,,,,,,,,,,,,,,,,,,,,,,,,,,,,,,EST,,,,,,,,,Y,MED,,2024-12-29 19:00:00
RI25-1027,Potash,12/30/2024,1:00,Isco,Stream,,,,,,,,,,,,,,,,,,,,,,,,,,,,,,,,,,,,,EST,,,,,,,,,Y,MED,,2024-12-30 01:00:00
RI25-1028,Potash,12/30/2024,7:00,Isco,Stream,,,,,,,,,,,,,,,,,,,,,,,,,,,,,,,,,,,,,EST,,,,,,,,,Y,MED,,2024-12-30 07:00:00
RI25-1029,Potash,12/30/2024,13:00,Isco,Stream,,,,,,,,,,,,,,,,,,,,,,,,,,,,,,,,,,,,,EST,,,,,,,,,Y,MED,,2024-12-30 13:00:00
RI25-1030,Potash,12/30/2024,19:00,Isco,Stream,,,0.0334674142153907,0.0636816506573585,,0.0140231680713789,6.51510660457787,3.40271508035276,0.0231323177947707,14.4357760253796,169.346842140011,0.0095581682896491,35.4309992613574,,309.082,,,,,,,,-77.762,-11.486,,,,,,,,,,,,,EST,,,AS-061025-009,0.0187602927775057,6.29798861045839,0.156150108583438,Run 2025-10-06,70,Y,MED,,2024-12-30 19:00:00
RI25-1031,Wade,12/10/2024,11:30,Grab,Stream,,,0.0227861923018845,0.0061837578983262,,0.0159902771599385,4.07822848733765,0.22135954952634,0.0072369397098752,0.61462181260168,0.768364021910876,0.0194882353018257,4.17096652404853,,,,,,,,,,-77.185,-11.686,,,,,,,,,,,,,EST,,,AS-061025-010,0.0026334643953628,1.14302160752592,0.0251869309415361,,2,Y,SB,,2024-12-10 11:30:00
RI25-1032,Wade,12/11/2024,14:45,Grab,Stream,,,,,,,,,,,,,,,,,,,,,,,,,,,,,,,,,,,,,EST,,,,,,,,,Y,SB,,2024-12-11 14:45:00
RI25-1033,Hungerford,12/10/2024,18:00,Baseflow,Endmember,,,0.0521556625622279,0.0667871118135,,0.0283190005295499,7.13254710558054,3.40306170328707,0.0336988133128507,10.4075552890786,22.9455859683735,0.0104884810746512,53.1888916630217,,46.315,,,,,,,,,,,,,,,,,,,,,,EST,,,AS-061025-011,0.0198865760694454,8.73665802128005,0.259503540703184,Run 2025-10-06,71,Y,"MED reading from Del freezer bag 01, not sure sample type",,2024-12-10 18:00:00
RI25-1034,Hungerford,12/10/2024,21:00,Isco,Stream,,,,,,,,,,,,,,,,,,,,,,,,,,,,,,,,,,,,,EST,,,,,,,,,Y,"MED reading from Del freezer bag 01, not sure sample type",,2024-12-10 21:00:00
RI25-1035,Hungerford,12/11/2024,0:00,Isco,Stream,,,,,,,,,,,,,,,,,,,,,,,,,,,,,,,,,,,,,EST,,,,,,,,,Y,"MED reading from Del freezer bag 01, not sure sample type",,2024-12-11 00:00:00
RI25-1036,Hungerford,12/11/2024,3:00,Isco,Stream,,,,,,,,,,,,,,,,,,,,,,,,,,,,,,,,,,,,,EST,,,,,,,,,Y,"MED reading from Del freezer bag 01, not sure sample type",,2024-12-11 03:00:00
RI25-1037,Hungerford,12/11/2024,6:00,Isco,Stream,,,0.0805422090063019,0.0491383987860295,,0.0216376516977907,6.5449123443751,7.98075040372023,0.255235402388361,9.70619359934273,21.0190054025551,0.0169368206205094,46.8726152959824,,46.172,,,,,,,,-83.194,-12.127,,,,,,,,,,,,,EST,,,AS-061025-012,0.0216818979657739,8.3638820790843,0.218193040077121,Run 2025-10-06,72,Y,"MED reading from Del freezer bag 01, not sure sample type",,2024-12-11 06:00:00
RI25-1038,Hungerford,12/11/2024,9:00,Isco,Stream,,,,,,,,,,,,,,,,,,,,,,,,,,,,,,,,,,,,,EST,,,,,,,,,Y,"MED reading from Del freezer bag 01, not sure sample type",,2024-12-11 09:00:00
RI25-1039,Hungerford,12/11/2024,12:00,Isco,Stream,,,,,,,,,,,,,,,,,,,,,,,,,,,,,,,,,,,,,EST,,,,,,,,,Y,"MED reading from Del freezer bag 01, not sure sample type",,2024-12-11 12:00:00
RI25-1043,Wade,12/13/2024,15:00,Isco,Stream,,,0.0321427392495102,0.0084197579474341,,0.0475016794663341,3.01551004475672,0.191750914761463,0.0062599582117541,0.458382795229493,0.517649241415519,0.0442511619769384,3.02654865633611,,,,,,,,,,-80.31,-12.085,,,,,,,,,,,,,EST,,,AS-061025-013,0.0030458213400952,0.841589286458895,0.0174072086856622,,73,Y,"MED reading from Del freezer bag 01, not sure sample type",,2024-12-13 15:00:00
RI25-1044,Wade,12/13/2024,17:00,Isco,Stream,,,,,,,,,,,,,,,,,,,,,,,,,,,,,,,,,,,,,EST,,,,,,,,,Y,"MED reading from Del freezer bag 01, not sure sample type",,2024-12-13 17:00:00
RI25-1061,Wade,12/11/2024,15:00,Isco,Stream,,,,,,,,,,,,,,,,,,,,,,,,,,,,,,,,,,,,,EST,,,,,,,,,Y,"MED reading from Del freezer bag 03, assuming all samples present (see PES UF). Missing GF/F sample currently.",,2024-12-11 15:00:00
RI25-1062,Wade,12/11/2024,18:00,Isco,Stream,,,,,,,,,,,,,,,,,,,,,,,,,,,,,,,,,,,,,EST,,,,,,,,,Y,"MED reading from Del freezer bag 03, assuming all samples present (see PES UF). Missing GF/F sample currently.",,2024-12-11 18:00:00
RI25-1063,Wade,12/11/2024,21:00,Isco,Stream,,,0.0775551692697198,0.0177487088897157,,0.0114177274448686,1.90715395818112,0.44217001289688,0.0224364956249886,0.284232805388596,0.363654803454468,0.109381510506663,1.87430536537474,,,,,,,,,,-89.444,-13.221,,,,,,,,,,,,,EST,,,AS-061025-014,0.0033878172105259,0.561918017095589,0.0125691060462705,,74,Y,"MED reading from Del freezer bag 03, assuming all samples present (see PES UF). Missing GF/F sample currently.",,2024-12-11 21:00:00
RI25-1064,Wade,12/12/2024,0:00,Isco,Stream,,,,,,,,,,,,,,,,,,,,,,,,,,,,,,,,,,,,,EST,,,,,,,,,Y,"MED reading from Del freezer bag 03, assuming all samples present (see PES UF). Missing GF/F sample currently.",,2024-12-12 00:00:00
RI25-1065,Wade,12/12/2024,3:00,Isco,Stream,,,,,,,,,,,,,,,,,,,,,,,,,,,,,,,,,,,,,EST,,,,,,,,,Y,"MED reading from Del freezer bag 03, assuming all samples present (see PES UF). Missing GF/F sample currently.",,2024-12-12 03:00:00
RI25-1066,Wade,12/12/2024,6:00,Isco,Stream,,,0.0617485639864288,0.0142803091910668,,0.0154434816724768,2.25815460457873,0.450439077687645,0.007620292600266,0.340205086521091,0.383836617137969,0.100409853804241,2.10238524397886,,,,,,,,,,-84.484,-12.571,,,,,,,,,,,,,EST,,,AS-061025-015,0.0036493024845162,0.635572031435565,0.0128862133586331,,75,Y,"MED reading from Del freezer bag 03, assuming all samples present (see PES UF). Missing GF/F sample currently.",,2024-12-12 06:00:00
RI25-1067,Wade,12/12/2024,9:00,Isco,Stream,,,,,,,,,,,,,,,,,,,,,,,,,,,,,,,,,,,,,EST,,,,,,,,,Y,"MED reading from Del freezer bag 03, assuming all samples present (see PES UF). Missing GF/F sample currently.",,2024-12-12 09:00:00
RI25-1068,Hungerford,12/11/2024,15:00,Isco,Stream,,,0.0928160172076454,0.0515133149386092,,0.0168277001818537,5.90413753728699,10.0650742220242,0.291017137228396,8.00027819819626,17.9376435915578,0.0322110738893765,38.2583672568171,,43.055,,,,,,,,-81.22,-11.855,,,,,,,,,,,,,EST,,,AS-061025-016,0.0225222664671469,7.14464945487833,0.172950327820829,Run 2025-10-06,76,Y,"MED reading from Del freezer bag 04, assuming all samples present (see PES UF). Missing GF/F sample currently.",,2024-12-11 15:00:00
RI25-1069,Hungerford,12/11/2024,18:00,Isco,Stream,,,,,,,,,,,,,,,,,,,,,,,,,,,,,,,,,,,,,EST,,,,,,,,,Y,"MED reading from Del freezer bag 04, assuming all samples present (see PES UF). Missing GF/F sample currently.",,2024-12-11 18:00:00
RI25-1070,Hungerford,12/11/2024,21:00,Isco,Stream,,,,,,,,,,,,,,,,,,,,,,,,,,,,,,,,,,,,,EST,,,,,,,,,Y,"MED reading from Del freezer bag 04, assuming all samples present (see PES UF). Missing GF/F sample currently.",,2024-12-11 21:00:00
RI25-1071,Hungerford,12/12/2024,0:00,Isco,Stream,,,,,,,,,,,,,,,,,,,,,,,,,,,,,,,,,,,,,EST,,,,,,,,,Y,"MED reading from Del freezer bag 04, assuming all samples present (see PES UF). Missing GF/F sample currently.",,2024-12-12 00:00:00
RI25-1072,Hungerford,12/12/2024,3:00,Isco,Stream,,,0.188147785793283,0.110398544380557,,0.0053220076438713,5.12454595585966,10.010223452599,0.230387907768659,5.80241256657063,12.7667766294941,0.0730089364495449,29.4812389366373,,19.252,,,,,,,,-87.144,-12.429,,,,,,,,,,,,,EST,,,AS-061025-017,0.0206011883159924,5.31041899194917,0.125720786397539,Run 2025-10-06,77,Y,"MED reading from Del freezer bag 04, assuming all samples present (see PES UF). Missing GF/F sample currently.",,2024-12-12 03:00:00
RI25-1073,Hungerford,12/12/2024,6:00,Isco,Stream,,,,,,,,,,,,,,,,,,,,,,,,,,,,,,,,,,,,,EST,,,,,,,,,Y,"MED reading from Del freezer bag 04, assuming all samples present (see PES UF). Missing GF/F sample currently.",,2024-12-12 06:00:00
RI25-1074,Hungerford,12/12/2024,9:00,Isco,Stream,,,,,,,,,,,,,,,,,,,,,,,,,,,,,,,,,,,,,EST,,,,,,,,,Y,"MED reading from Del freezer bag 04, assuming all samples present (see PES UF). Missing GF/F sample currently.",,2024-12-12 09:00:00
RI25-1075,Hungerford,12/12/2024,12:00,Isco,Stream,,,,,,,,,,,,,,,,,,,,,,,,,,,,,,,,,,,,,EST,,,,,,,,,Y,"MED reading from Del freezer bag 04, assuming all samples present (see PES UF). Missing GF/F sample currently.",,2024-12-12 12:00:00
RI25-1076,Hungerford,12/12/2024,15:00,Isco,Stream,,,0.116506904641901,0.0604837238384027,,0.005214494371556,5.87308798108956,6.2480793012526,0.131780480913914,6.15967986082212,12.6672605828189,0.0337098243895724,33.9249351391519,,19.036,,,,,,,,-81.317,-11.742,,,,,,,,,,,,,EST,,,AS-061025-018,0.0195929322675456,6.34608554246141,0.146969380669101,Run 2025-10-06,78,Y,"MED reading from Del freezer bag 04, assuming all samples present (see PES UF). Missing GF/F sample currently.",,2024-12-12 15:00:00
RI25-1077,Hungerford,12/13/2024,11:00,Grab,Stream,,,0.122090935405888,0.0568106971891807,,0.0046096653331821,7.07754307302086,4.4884432982344,0.0693711699036979,8.02398520534142,15.8869656842365,0.0264119146821939,45.2704809425351,,26.842,,,,,,,,-74.671,-10.847,,,,,,,,,,,,,EST,,,AS-061025-019,0.0211290307270727,8.38115671818207,0.203147708888939,Run 2025-10-06,3,Y,"MED reading from Del freezer bag 04, assuming all samples present (see PES UF). Missing GF/F sample currently.",,2024-12-13 11:00:00
RI25-1078,Potash,12/31/2024,1:00,Isco,Stream,,,0.0888583265599649,0.0739567954794208,,0.0045859367496742,6.66104375076615,3.08575358762281,0.0300445023103091,14.7950570587495,165.906583931073,0.0279243626064264,46.0519772891585,,309.98,,,,,,,,-76.556,-11.257,,,,,,,,,,,,,EST,,,AS-061025-020,0.0238975737231687,6.30585903803789,0.190784673542567,Run 2025-10-06,78,Y,MED,,2024-12-31 01:00:00
RI25-1079,Potash,12/31/2024,7:00,Isco,Stream,,,,,,,,,,,,,,,,,,,,,,,,,,,,,,,,,,,,,EST,,,,,,,,,Y,MED,,2024-12-31 07:00:00
RI25-1080,Potash,12/31/2024,13:00,Isco,Stream,,,,,,,,,,,,,,,,,,,,,,,,,,,,,,,,,,,,,EST,,,,,,,,,Y,MED,,2024-12-31 13:00:00
RI25-1081,Potash,12/31/2024,19:00,Isco,Stream,,,,,,,,,,,,,,,,,,,,,,,,,,,,,,,,,,,,,EST,,,,,,,,,Y,MED,,2024-12-31 19:00:00
RI25-1082,Potash,01/01/2025,1:00,Isco,Stream,,,0.0534601212082995,0.0858666155874733,,0.177302577579472,6.20869929967425,4.07830590081285,0.032453595208441,16.4557425624611,175.71785290631,0.0169323402503934,48.0671084914151,,326.886,,,,,,,,-75.49,-11.083,,,,,,,,,,,,,EST,,,AS-061025-021,0.0246353706604701,7.05086486206825,0.202021203759903,Run 2025-10-06,79,Y,MED,,2025-01-01 01:00:00
RI25-1083,Potash,01/01/2025,7:00,Isco,Stream,,,,,,,,,,,,,,,,,,,,,,,,,,,,,,,,,,,,,EST,,,,,,,,,Y,MED,,2025-01-01 07:00:00
RI25-1084,Potash,01/01/2025,13:00,Isco,Stream,,,,,,,,,,,,,,,,,,,,,,,,,,,,,,,,,,,,,EST,,,,,,,,,Y,MED,,2025-01-01 13:00:00
RI25-1085,Potash,01/01/2025,19:00,Isco,Stream,,,,,,,,,,,,,,,,,,,,,,,,,,,,,,,,,,,,,EST,,,,,,,,,Y,MED,,2025-01-01 19:00:00
RI25-1086,Potash,01/02/2025,1:00,Isco,Stream,,,,,,,,,,,,,,,,,,,,,,,,,,,,,,,,,,,,,EST,,,,,,,,,Y,MED,,2025-01-02 01:00:00
RI25-1087,Potash,01/02/2025,7:00,Isco,Stream,,,,,,,,,,,,,,,,,,,,,,,,,,,,,,,,,,,,,EST,,,,,,,,,Y,MED,,2025-01-02 07:00:00
RI25-1088,Potash,01/02/2025,13:00,Isco,Stream,,,0.0271018607379653,0.0642906252879564,,0.0006552713906448,5.75370248155824,3.04894464034306,0.0296390918344714,15.7480876667399,166.168894170483,0.0065644313087224,40.1108240744967,,308.348,,,,,,,,-78.875,-11.499,,,,,,,,,,,,,EST,,,AS-061025-022,0.0214938764276427,6.68853165824213,0.17471725501592,Run 2025-10-06,80,Y,MED,,2025-01-02 13:00:00
RI25-1089,Wade,01/02/2025,10:30,Grab,Stream,,,0.0218658596475238,0.0031762761450188,,0.0640454102745146,3.11049694825553,0.336380175047156,0.0038478558945834,0.464174615836895,0.562425773477991,0.0318723844658618,3.27186310986956,,,,,,,,,,-89.041,-13.209,,,,,,,,,,,,,EST,,,AS-061025-023,0.0041588214621015,0.869466329806975,0.0183246015701001,,4,Y,MED,,2025-01-02 10:30:00
RI25-1090,Wade,12/28/2024,18:00,Isco,Stream,,,,,,,,,,,,,,,,,,,,,,,,,,,,,,,,,,,,,EST,,,,,,,,,Y,MED,,2024-12-28 18:00:00
RI25-1091,Wade,12/29/2024,0:00,Isco,Stream,,,,,,,,,,,,,,,,,,,,,,,,,,,,,,,,,,,,,EST,,,,,,,,,Y,MED,,2024-12-29 00:00:00
RI25-1092,Wade,12/29/2024,6:00,Isco,Stream,,,0.0195938071114606,0.0017796819813475,,0.0142607239572642,3.8246460746537,0.266980703344329,0.0038814753823897,0.550942376787107,0.684118630012769,0.0191598776880189,3.65879334662664,,,,,,,,,,-82.111,-12.313,,,,,,,,,,,,,EST,,,AS-061025-024,0.0036948805854471,1.03284371635259,0.0213885413673585,,81,Y,MED,,2024-12-29 06:00:00
RI25-1093,Wade,12/29/2024,12:00,Isco,Stream,,,,,,,,,,,,,,,,,,,,,,,,,,,,,,,,,,,,,EST,,,,,,,,,Y,MED,,2024-12-29 12:00:00
RI25-1094,Wade,12/29/2024,18:00,Isco,Stream,,,,,,,,,,,,,,,,,,,,,,,,,,,,,,,,,,,,,EST,,,,,,,,,Y,MED,,2024-12-29 18:00:00
RI25-1095,Wade,12/30/2024,0:00,Isco,Stream,,,,,,,,,,,,,,,,,,,,,,,,,,,,,,,,,,,,,EST,,,,,,,,,Y,MED,,2024-12-30 00:00:00
RI25-1096,Wade,12/30/2024,6:00,Isco,Stream,,,0.0395077810950433,0.004612085487964,,0.0077161319122798,2.01964500523811,0.213233329214938,0.0034672150272553,0.292337451905946,0.375057285625518,0.0877333110446754,1.99367100744553,,,,,,,,,,-93.421,-13.886,,,,,,,,,,,,,EST,,,AS-061025-025,0.0034014098628665,0.60895522913971,0.0124220726525519,,82,Y,MED,,2024-12-30 06:00:00
RI25-1097,Wade,12/30/2024,12:00,Isco,Stream,,,,,,,,,,,,,,,,,,,,,,,,,,,,,,,,,,,,,EST,,,,,,,,,Y,MED,,2024-12-30 12:00:00
RI25-1098,Wade,12/30/2024,18:00,Isco,Stream,,,,,,,,,,,,,,,,,,,,,,,,,,,,,,,,,,,,,EST,,,,,,,,,Y,MED,,2024-12-30 18:00:00
RI25-1099,Wade,12/31/2024,0:00,Isco,Stream,,,,,,,,,,,,,,,,,,,,,,,,,,,,,,,,,,,,,EST,,,,,,,,,Y,MED,,2024-12-31 00:00:00
RI25-1100,Wade,12/31/2024,6:00,Isco,Stream,,,0.0233122227315044,0.0027495832731269,,0.0026949001261242,2.67902177335261,0.164585768698625,0.0023037572830331,0.362609778404873,0.422399480148748,0.0511288144801862,2.41074513070011,,,,,,,,,,-89.242,-13.371,,,,,,,,,,,,,EST,,,AS-061025-026,0.002668862355862,0.727153835243808,0.0142746943429805,,83,Y,MED,,2024-12-31 06:00:00
RI25-1101,Wade,12/31/2024,12:00,Isco,Stream,,,,,,,,,,,,,,,,,,,,,,,,,,,,,,,,,,,,,EST,,,,,,,,,Y,MED,,2024-12-31 12:00:00
RI25-1102,Wade,12/31/2024,18:00,Isco,Stream,,,,,,,,,,,,,,,,,,,,,,,,,,,,,,,,,,,,,EST,,,,,,,,,Y,MED,,2024-12-31 18:00:00
RI25-1103,Wade,01/01/2025,0:00,Isco,Stream,,,,,,,,,,,,,,,,,,,,,,,,,,,,,,,,,,,,,EST,,,,,,,,,Y,MED,,2025-01-01 00:00:00
RI25-1104,Wade,01/01/2025,6:00,Isco,Stream,,,0.0255387639441542,0.004363409971166,,0.000801341990886,2.72283499131564,0.184130716190971,0.0070199507779748,0.447002014292828,0.505419669776665,0.0359541982363896,3.04718211433691,,,,,,,,,,-87.764,-13.107,,,,,,,,,,,,,EST,,,AS-061025-027,0.0032543250815449,0.835743972882511,0.0180237696416292,,84,Y,MED,,2025-01-01 06:00:00
RI25-1105,Wade,01/01/2025,12:00,Isco,Stream,,,,,,,,,,,,,,,,,,,,,,,,,,,,,,,,,,,,,EST,,,,,,,,,Y,MED,,2025-01-01 12:00:00
RI25-1106,Wade,01/01/2025,18:00,Isco,Stream,,,,,,,,,,,,,,,,,,,,,,,,,,,,,,,,,,,,,EST,,,,,,,,,Y,MED,,2025-01-01 18:00:00
RI25-1107,Wade,01/02/2025,0:00,Isco,Stream,,,,,,,,,,,,,,,,,,,,,,,,,,,,,,,,,,,,,EST,,,,,,,,,Y,MED,,2025-01-02 00:00:00
RI25-1108,Wade,01/02/2025,6:00,Isco,Stream,,,0.0238099863589923,0.0072574621439461,,0.001581958144476,3.12059195677353,0.169308915863699,0.0018634905678394,0.520631575437548,0.555774409038569,0.0267419278078994,3.91189303396633,,,,,,,,,,-92.101,-13.633,,,,,,,,,,,,,EST,,,AS-061025-028,0.0029818656520668,0.944642397254108,0.0223420203248082,,85,Y,MED,,2025-01-02 06:00:00
RI25-1109,Potash,12/28/2024,9:00,Baseflow,Endmember,,,0.0118693726109697,0.178426551059082,,0.0184149910469105,8.08038343275131,3.22948502841281,0.0351463076121462,17.5123092232937,221.722281566804,0.0066565897948343,55.4347035381111,,389.777,,,,,,,,-71.444,-10.547,,,,,,,,,,,,,EST,,,AS-061025-029,0.0299616326728005,7.76991371722743,0.244557802849846,Run 2025-10-06,5,Y,Pre-ISCO grab taken manually from stream can be baseflow MED,,2024-12-28 09:00:00
RI25-1110,Hungerford,12/28/2024,13:00,Baseflow,Endmember,,,0.0179110127698245,0.035389203283852,0.000484385,0.0045539327620859,8.49867497622398,3.23519431286504,0.0316227191874852,11.8028895283741,55.5407828111041,0.0065641525502455,57.8103283209994,,36.24354745,,,,,,,,-70.493,-10.48,,,,,,,,,,,,,EST,,,AS-061025-030,0.0245098603886824,9.13284240712454,0.268574211597268,,6,Y,Pre-ISCO grab taken with ISCO line,,2024-12-28 13:00:00
RI25-1111,Wade,12/28/2024,14:30,Baseflow,Endmember,,,0.0076376620462609,0.0016663384819432,,0.0571509565142312,4.09138987053165,0.218635949190643,0.0025128400915795,0.60244190923028,0.717976300296246,0.0126674720900835,4.03730185244424,,,,,,,,,,-78.977,-12.013,,,,,,,,,,,,,EST,,,AS-061025-031,0.0039839168002378,1.15697566815387,0.0237166572146709,,7,Y,Pre-ISCO grab taken with ISCO line,,2024-12-28 14:30:00
RI25-1112,Wade,01/02/2025,12:00,Snowmelt lysimeter,Endmember,,,0.0085346094474101,0.0018054059988524,,0.0164660508676089,1.61513276249999,0.555337896010912,0.0589185094617445,0.672854084978792,2.79161428014061,0.0084426448757301,2.08239530002949,,,,,,,,,,-127.762,-17.778,,,,,,,,,,,,,EST,,,AS-061025-032,0.0016379279445865,0.319000171215353,0.010086773231093,,8,Y,"MED - was still liquid under 20 cm snow insulation. Sampled right bottle, emptied left.",,2025-01-02 12:00:00
RI25-1113,Hungerford,01/02/2025,12:00,Snowmelt lysimeter,Endmember,,,0.0227123197248299,0.0115599926884761,,0.0388084230920984,5.79073167133884,1.51046674993606,0.35263866327542,3.00894347882435,12.6357123601275,0.0512764698798423,5.76867796640229,,10.22,,,,,,,,-132.014,-18.18,,,,,,,,,,,,,EST,,,AS-061025-033,0.0050567207324497,1.19393749814484,0.0310008930696641,Run 2025-10-06,9,Y,,,2025-01-02 12:00:00
RI25-1114,Potash,12/28/2024,9:00,Snow,Endmember,,,0.0033484007405122,0.0056284330562423,,0.0160707268317587,0.467011065768259,0.215217200596977,0.0078441109593032,0.424255990289439,5.24864115602864,0.0024356474910754,2.45004057491752,,7.264,,,,,,,,-152.448,-22.053,,,,,,,,,,,,,EST,,,AS-061025-034,0.0056089310406936,0.450737028629754,0.0062809372500349,Run 2025-10-06,10,Y,Snow sample taken pre-melt because there is no SML set up at Potash currently MED,,2024-12-28 09:00:00
RI25-1115,Wade,02/10/2025,11:00,Soil water lysimeter dry,Endmember,,,0.0961438679861533,0.0016515970368478,,0.017911759130375,2.69107565167914,0.124891453142565,0.009742624874038,0.117381357762017,0.127532164929982,0.34351025154112,0.311310064011197,,,,,,,,,,-81.293,-12.148,,,,,,,,,,,,,EST,,,AS-061025-035,0.0042461749510821,0.196826480405888,0.0024868839629022,,11,Y,Forgot to filter GF/F before tossing MED,,2025-02-10 11:00:00
RI25-1116,Hungerford,02/10/2025,12:30,Soil water lysimeter dry,Endmember,,,0.0257509398792981,0.0012978641894512,,0.0134657431547053,14.5822070208133,0.528292767436512,0.0951889752521298,4.97139774042044,7.57597930699061,0.0354620646286075,37.3338544826754,,12.588,,,,,,,,-63.812,-9.538,,,,,,,,,,,,,EST,,,AS-061025-036,0.0237414790824847,15.696387208996,0.150206218490675,Run 2025-10-06,12,Y,Got about 1 L of clear water,,2025-02-10 12:30:00
RI25-1117,Hungerford,02/10/2025,13:00,Soil water lysimeter wet,Endmember,,,0.163375547446333,0.0023977879868503,,0.0137187466824647,8.52293418302902,1.48295451693214,0.110365626784113,1.4498504476483,2.07107551894728,0.18370745876058,7.62754182284029,,,,,,,,,,-89.041,-12.763,,,,,,,,,,,,,EST,,,AS-061025-037,0.0107134878633691,2.56488469012499,0.0401657668107341,,13,Y,Got about 300 mL clear water,,2025-02-10 13:00:00
RI25-1118,Wade,12/12/2024,12:00,Isco,Stream,,,,,,,,,,,,,,,,,,,,,,,,,,,,,,,,,,,,,EST,,,,,,,,,Y,MED found iso need log,,2024-12-12 12:00:00
RI25-1119,Wade,12/12/2024,15:00,Isco,Stream,,,,,,,,,,,,,,,,,,,,,,,,,,,,,,,,,,,,,EST,,,,,,,,,Y,MED found iso need log,,2024-12-12 15:00:00
RI25-1120,Wade,12/12/2024,18:00,Isco,Stream,,,,,,,,,,,,,,,,,,,,,,,,,,,,,,,,,,,,,EST,,,,,,,,,Y,MED found iso need log,,2024-12-12 18:00:00
RI25-1121,Wade,10/08/2024,14:00,Soil water lysimeter dry,Endmember,,,,,,,,,,,,,,,,,,,,,,,-55.86,-8.628,,,,,,,,,,,,,EDT,,,,,,,,14,N,Check that no PES...can't find as of 2025-06-09 MED,,2024-10-08 14:00:00
RI25-1122,Hungerford,12/18/2024,13:15,Soil water lysimeter wet,Endmember,,,0.189389551039068,0.0191114029293714,,0.0616053772076994,7.89434743421026,2.10493155229986,0.22843290142136,2.2993039327885,18.6876928930546,0.104292274312715,10.802080260442,,27.347,,,,,,,,-85.136,-12.218,,,,,,,,,,,,,EST,,,AS-061025-038,0.0136803810290885,3.376826628973,0.0501513950053542,Run 2025-10-06,15,Y,More than 1 L. Was last sampled 12/10/2024 no water then. Did not require priming so presume it really was empty. Emptied. MED. Missing GF/F sample currently.,,2024-12-18 13:15:00
RI25-1123,Wade,12/17/2024,12:30,Soil water lysimeter dry,Endmember,,,0.0942685608067847,0.0029730914136302,,0.902381504079543,2.37217692140535,0.400441140326505,0.0105717148314338,0.114725286867467,0.201120747249083,0.302230173900663,0.482012395003098,,,,,,,,,,-76.484,-11.243,,,,,,,,,,,,,EST,,,AS-061025-039,0.005087494871497,0.230593321458091,0.0026058777304597,,16,Y,"About 500 mL, pump needed priming. Emptied. Last sampled 12/10/2024 but there may have been water because this is a tricky one MED",,2024-12-17 12:30:00
RI25-1124,Hungerford,12/18/2024,13:00,Soil water lysimeter dry,Endmember,,,0.0185475320278764,0.0022797603268471,,0.0298922816318826,14.8139957762255,0.680912078855531,0.0584645100820437,4.96384853356119,7.18588163926732,0.0236952447995943,37.4072599917519,,13.863,,,,,,,,-63.046,-9.42,,,,,,,,,,,,,EST,,,AS-061025-040,0.0237286878617453,15.7769320818403,0.151496211928396,Run 2025-10-06,17,Y,More than 1 L. Was last sampled 12/10/2024 no water then. Did require priming so maybe there was some water in there before. Emptied. MED. Missing GF/F sample currently.,,2024-12-18 13:00:00
RI25-1125,Potash,12/18/2024,10:15,Soil water lysimeter dry,Endmember,,,0.0987472072965153,0.0148500470985387,,0.0598189309859664,4.80781440303856,9.55718890005296,1.40358265684637,2.61499526690342,0.452485822021034,0.107948966158962,13.0712436822085,,4.895,,,,,,,,-96.976,-14.06,,,,,,,,,,,,,EST,,,AS-061025-041,0.0081829252014912,1.06303871011562,0.0300979487763582,Run 2025-10-06,18,Y,Lysimeter was full. Emptied. Last sampled 12/10/2024 no water then. Did not require priming. MED. Missing GF/F sample currently.,,2024-12-18 10:15:00
RI25-1126,Wade,12/06/2024,11:15,Baseflow,Endmember,,,0.0156627154284537,0.0028972413170145,,0.0185145677339779,4.14724129717971,0.315981964013072,0.0050014722053655,0.633652646520205,0.631484268724815,0.0187019697445046,4.25853407849128,,,,,,,,,,-77.4,-11.782,,,,,,,,,,,,,EST,,,AS-061025-042,0.0039623627660394,1.1490498112041,0.0257187995074795,,19,Y,SB NEWRnet grab but could be baseflow MED need to find iso vial and give RI label. Missing GF/F sample currently.,,2024-12-06 11:15:00
RI25-1127,Potash,12/10/2024,15:00,Snow,Endmember,,,0.0048310482923197,0.0019953586611425,,0.0168399428814549,0.237596332069776,0.492079488951174,0.0195512771904986,0.0775429067471117,0.859497027411647,0.0034296657767558,0.598009336370448,,,,,,,,,,-155.884,-21.394,,,,,,,,,,,,,EST,,,AS-061025-043,0.0023012455100121,0.118865588602393,0.0012254534111042,,20,Y,,,2024-12-10 15:00:00
RI25-1128,Wade,12/10/2024,11:30,Snow,Endmember,,,0.0090056854259104,0.0058330336194845,,0.0101692750614954,0.111223546018091,0.151347131228407,0.0048439651206969,0.0274486027749156,0.127284254568504,0.0038193952825426,0.163077771836281,,,,,,,,,,-152.074,-21.458,,,,,,,,,,,,,EST,,,AS-061025-044,0.0019525425940387,0.130427970888621,0.0006383426616974,,21,Y,Snow core taken because no snowmelt lysimeters set up yet,,2024-12-10 11:30:00
RI25-1129,Hungerford,12/10/2024,11:30,Snow,Endmember,,,0.0044372934254931,0.0017780503523412,,0.006694135121977,0.122360772249421,0.538725712614256,0.0373200082462041,0.0939338318174954,0.231900390743295,0.0038190989794593,0.391985968776842,,,,,,,,,,-149.428,-20.472,,,,,,,,,,,,,EST,,,AS-061025-045,0.0015355162613786,0.109219412322255,0.0010883024881894,,22,Y,,,2024-12-10 11:30:00
RI25-1130,Wade,12/12/2024,11:30,Snow,Endmember,,,0.0050833171060747,0.0190844100867291,,0.0089514109974359,0.155664367719319,0.210561964393195,-0.0003904801166837,0.0434694687978112,0.352082325612979,0.0035596610760827,0.199072456993824,,,,,,,,,,-140.18,-19.376,,,,,,,,,,,,,EST,,,AS-061025-046,0.0011412160633436,0.0752870954599775,0.0008075152518558,,23,Y,"3'' snow on ground when core taken after rain. Probably stable isos are no good, they sat for a long time (unless SB took a sample, but MED just found bag in walk in in February.",,2024-12-12 11:30:00
RI25-1131,Potash,02/24/2025,9:30,Baseflow,Endmember,,,0.0302096076440408,0.210027426162091,,0.244208511148268,7.97578375777844,4.90910174028173,0.028294025235832,17.8051014117079,372.548856770657,0.0035546496374464,49.6695598109063,,706.989,,,,,,,,-72.096,-10.637,,,,,,,,,,,,,EST,,,AS-061025-047,0.0318861255702216,8.16089010264603,0.253532325272266,Run 2025-10-06,24,Y,"Pre-ISCO grab . About a foot of snow on ground, 32 F and cloudy",,2025-02-24 09:30:00
RI25-1132,Potash,02/27/2025,17:00,Soil water lysimeter dry,Endmember,,,0.0213735545121297,0.0037683450350384,,0.230574939764419,0.695155027837233,9.44596948773602,0.516221778479183,1.20607330720948,3.89027238814901,0.020419926475139,4.98714756177296,,6.847,,,,,,,,-107.579,-14.984,,,,,,,,,,,,,EST,,,AS-061025-048,0.0044332393434243,0.579027796674627,0.0140370688651896,Run 2025-10-06,25,Y,Lysimeter was full. Post snowmelt. Emptied.,,2025-02-27 17:00:00
RI25-1133,Potash,02/27/2025,17:00,Snowmelt lysimeter,Endmember,,,0.0019760942116579,0.0050026388525218,,0.0527958007589164,0.812398171475216,0.543924483790156,0.0904386350627342,0.705251076812835,10.3653520428217,0.0025749852686756,2.14314368066845,,7.758,,,,,,,,-110.149,-15.173,,,,,,,,,,,,,EST,,,AS-061025-049,0.0004060160156863,0.323447062157401,0.0081862627609175,Run 2025-10-06,26,Y,Was set on 2/25/2025 before melt,,2025-02-27 17:00:00
RI25-1134,Potash,02/24/2025,18:00,Isco,Stream,,,0.0197929485308411,0.309162113892505,,0.0701611668395652,8.39462325904326,3.97807574007635,0.0324333376224699,17.9797875610379,406.40967794184,0.0282400263167321,65.3114561139992,,,,,,,,,,-72.864,-10.753,,,,,,,,,,,,,EST,,,AS-061025-050,0.0425733450517471,8.79344576643723,0.299075802672772,,86,Y,"MED collected 2025-02-28 1030 Still icy, sunny at 20 F. Gauge at -20 (can't really see, lower plank in water).",,2025-02-24 18:00:00
RI25-1135,Potash,02/25/2025,0:00,Isco,Stream,,,,,,,,,,,,,,,,,,,,,,,,,,,,,,,,,,,,,EST,,,,,,,,,Y,"MED collected 2025-02-28 1030 Still icy, sunny at 20 F. Gauge at -20 (can't really see, lower plank in water).",,2025-02-25 00:00:00
RI25-1136,Potash,02/25/2025,6:00,Isco,Stream,,,,,,,,,,,,,,,,,,,,,,,,,,,,,,,,,,,,,EST,,,,,,,,,Y,"MED collected 2025-02-28 1030 Still icy, sunny at 20 F. Gauge at -20 (can't really see, lower plank in water).",,2025-02-25 06:00:00
RI25-1137,Potash,02/25/2025,12:00,Isco,Stream,,,,,,,,,,,,,,,,,,,,,,,,,,,,,,,,,,,,,EST,,,,,,,,,Y,"MED collected 2025-02-28 1030 Still icy, sunny at 20 F. Gauge at -20 (can't really see, lower plank in water).",,2025-02-25 12:00:00
RI25-1138,Potash,02/25/2025,18:00,Isco,Stream,,,0.0237267728308863,0.309017695348719,,0.0762882951246789,7.17789922440731,5.01449785393361,0.0302697397084505,17.514311956541,1039.46541844184,0.0284138345997545,66.2545398054506,,,,,,,,,,-79.567,-11.506,,,,,,,,,,,,,EST,,,AS-061025-051,0.0610137892336081,11.8472851394291,0.328013310610636,,87,Y,"MED collected 2025-02-28 1030 Still icy, sunny at 20 F. Gauge at -20 (can't really see, lower plank in water).",,2025-02-25 18:00:00
RI25-1139,Potash,02/26/2025,0:00,Isco,Stream,,,,,,,,,,,,,,,,,,,,,,,,,,,,,,,,,,,,,EST,,,,,,,,,Y,"MED collected 2025-02-28 1030 Still icy, sunny at 20 F. Gauge at -20 (can't really see, lower plank in water).",,2025-02-26 00:00:00
RI25-1140,Potash,02/26/2025,6:00,Isco,Stream,,,,,,,,,,,,,,,,,,,,,,,,,,,,,,,,,,,,,EST,,,,,,,,,Y,"MED collected 2025-02-28 1030 Still icy, sunny at 20 F. Gauge at -20 (can't really see, lower plank in water).",,2025-02-26 06:00:00
RI25-1141,Potash,02/26/2025,12:00,Isco,Stream,,,,,,,,,,,,,,,,,,,,,,,,,,,,,,,,,,,,,EST,,,,,,,,,Y,"MED collected 2025-02-28 1030 Still icy, sunny at 20 F. Gauge at -20 (can't really see, lower plank in water).",,2025-02-26 12:00:00
RI25-1142,Potash,02/26/2025,18:00,Isco,Stream,,,,,,,,,,,,,,,,,,,,,,,,,,,,,,,,,,,,,EST,,,,,,,,,Y,"MED collected 2025-02-28 1030 Still icy, sunny at 20 F. Gauge at -20 (can't really see, lower plank in water).",,2025-02-26 18:00:00
RI25-1143,Potash,02/28/2025,10:30,Grab,Stream,,,0.125184887150599,0.32478942000585,,0.0313157929669958,6.28269145348297,4.45379210078714,0.041011066760614,17.201125704565,548.562659465729,0.0082660702663217,57.2384815805902,,1059.365,,,,,,,,-91.634,-13.063,,,,,,,,,,,,,EST,,,AS-061025-052,0.0447450189603302,8.09349415128609,0.261084291273469,Run 2025-10-06,27,Y,"MED collected 2025-02-28 1030 Still icy, sunny at 20 F. Gauge at -20 (can't really see, lower plank in water).",,2025-02-28 10:30:00
RI25-1144,Wade,03/04/2025,16:00,Isco,Stream,,,0.0223348611801677,0.0162244210567755,,0.0139455333924194,4.15764902521664,0.489301244349291,0.0057481032499558,0.662739560521557,1.10976894768278,0.0148000330177501,4.4706442019486,,,,,,,,,,-88.849,-13.047,,,,,,,,,,,,,EDT,,,AS-061025-053,0.0034743442264724,1.25233930782224,0.027026621154787,,88,Y,,,2025-03-04 16:00:00
RI25-1145,Wade,03/04/2025,21:00,Isco,Stream,,,,,,,,,,,,,,,,,,,,,,,,,,,,,,,,,,,,,EDT,,,,,,,,,Y,,,2025-03-04 21:00:00
RI25-1146,Wade,03/05/2025,2:00,Isco,Stream,,,,,,,,,,,,,,,,,,,,,,,,,,,,,,,,,,,,,EDT,,,,,,,,,Y,,,2025-03-05 02:00:00
RI25-1147,Wade,03/05/2025,7:00,Isco,Stream,,,,,,,,,,,,,,,,,,,,,,,,,,,,,,,,,,,,,EDT,,,,,,,,,Y,,,2025-03-05 07:00:00
RI25-1148,Wade,03/05/2025,10:45,Grab,Stream,,,0.0084786401371309,0.002159079879569,,0.011599380254694,4.18327177111569,0.20392156240033,0.0053866940028961,0.665498736873467,0.921552427436366,0.0139428222738531,4.51198236488428,,,,,,,,,,-88.108,-13.005,,,,,,,,,,,,,EDT,,,AS-061025-054,0.0031993119274406,1.24518014781601,0.027391097129379,,28,Y,,,2025-03-05 10:45:00
RI25-1149,Hungerford,03/05/2025,12:30,Baseflow,Endmember,,,0.0875254301175799,0.0588404660565247,,0.234192078603535,7.13615163136324,4.17159436818663,0.0374293255227123,9.2236175997607,26.4269536398205,0.0126979744714284,40.8953117300151,,46.277,,,,,,,,-79.002,-11.277,,,,,,,,,,,,,EDT,,,AS-061025-055,0.0170906398524396,8.43142560007537,0.199270774511479,Run 2025-10-06,29,Y,,,2025-03-05 12:30:00
RI25-1150,Wade,03/07/2025,13:30,Grab,Stream,,,,,,,,,,,,,,,,,,,,,,,,,,,,,,,,,,,,,EDT,,,,,,,,,Y,,,2025-03-07 13:30:00
RI25-1151,Wade,03/06/2025,18:00,Isco,Stream,,,0.0291297552433859,0.0141755239319321,,0.075775210720443,1.44588175964572,0.530962993966881,0.0041911851761363,0.3913885596534,0.655409673279926,0.0693744565365894,2.54275526707757,,,,,,,,,,-102.856,-14.779,,,,,,,,,,,,,EDT,,,AS-061025-056,0.0027218440129908,0.734665691133105,0.0161157479191312,,89,Y,,,2025-03-06 18:00:00
RI25-1152,Wade,03/06/2025,13:00,Isco,Stream,,,,,,,,,,,,,,,,,,,,,,,,,,,,,,,,,,,,,EDT,,,,,,,,,Y,,,2025-03-06 13:00:00
RI25-1153,Wade,03/05/2025,12:00,Isco,Stream,,,,,,,,,,,,,,,,,,,,,,,,,,,,,,,,,,,,,EDT,,,,,,,,,Y,,,2025-03-05 12:00:00
RI25-1154,Wade,03/05/2025,17:00,Isco,Stream,,,0.024815899698318,0.0047458173166169,,0.0704550531053906,2.33767229552952,0.657670189139642,0.0052548364821736,0.748737945300011,1.00335589869089,0.0211181294227477,5.15486718299593,,,,,,,,,,-89.027,-13.027,,,,,,,,,,,,,EDT,,,AS-061025-057,0.0042362711640927,1.37154819201473,0.0321221367559892,,90,Y,,,2025-03-05 17:00:00
RI25-1155,Wade,03/05/2025,22:00,Isco,Stream,,,,,,,,,,,,,,,,,,,,,,,,,,,,,,,,,,,,,EDT,,,,,,,,,Y,,,2025-03-05 22:00:00
RI25-1156,Wade,03/06/2025,3:00,Isco,Stream,,,,,,,,,,,,,,,,,,,,,,,,,,,,,,,,,,,,,EDT,,,,,,,,,Y,,,2025-03-06 03:00:00
RI25-1157,Wade,03/06/2025,8:00,Isco,Stream,,,,,,,,,,,,,,,,,,,,,,,,,,,,,,,,,,,,,EDT,,,,,,,,,Y,,,2025-03-06 08:00:00
RI25-1158,Wade,03/06/2025,10:30,Grab,Stream,,,0.0243878075649715,0.0066970459112735,,0.0663355319904094,1.37230130469415,0.511330207362226,0.0049844034445343,0.297314919926725,0.489570066041621,0.0625369176022393,2.01043164771375,,,,,,,,,,-103.523,-14.848,,,,,,,,,,,,,EDT,,,AS-061025-058,0.0024558442924288,0.570954356134975,0.0127554761086975,,30,Y,,,2025-03-06 10:30:00
RI25-1159,Hungerford,03/05/2025,15:00,Isco,Stream,,,,,,,,,,,,,,,,,,,,,,,-78.663,-11.566,,,,,,,,,,,,,EST,,,,,,,,91,N,Missing PES as of 2025-06-09 MED,,2025-03-05 15:00:00
RI25-1160,Hungerford,03/05/2025,20:00,Isco,Stream,,,,,,,,,,,,,,,,,,,,,,,,,,,,,,,,,,,,,EST,,,,,,,,,N,,,2025-03-05 20:00:00
RI25-1161,Hungerford,03/06/2025,1:00,Isco,Stream,,,,,,,,,,,,,,,,,,,,,,,,,,,,,,,,,,,,,EST,,,,,,,,,N,,,2025-03-06 01:00:00
RI25-1162,Hungerford,03/06/2025,6:00,Isco,Stream,,,,,,,,,,,,,,,,,,,,,,,,,,,,,,,,,,,,,EST,,,,,,,,,N,,,2025-03-06 06:00:00
RI25-1163,Hungerford,03/06/2025,11:00,Isco,Stream,,,,,,,,,,,,,,,,,,,,,,,,,,,,,,,,,,,,,EST,,,,,,,,,N,,,2025-03-06 11:00:00
RI25-1164,Hungerford,03/06/2025,13:45,Grab,Stream,,,,,,,,,,,,,,,,,,,,,,,-97.864,-13.682,,,,,,,,,,,,,EST,,,,,,,,31,N,Missing PES as of 2025-06-09 MED,,2025-03-06 13:45:00
RI25-1165,Potash,03/14/2025,12:30,Grab,Stream,,,,,,,,,,,,,,,,,,,,,,,-81.817,-11.265,,,,,,,,,,,,,EDT,,,,,,,,32,N,Missing PES as of 2025-06-09 MED,,2025-03-14 12:30:00
RI25-1166,Hungerford,03/11/2025,18:00,Isco,Stream,,,,,,,,,,,,,,,,,,,,,,,,,,,,,,,,,,,,,EDT,,,,,,,,,Y,,,2025-03-11 18:00:00
RI25-1167,Hungerford,03/12/2025,0:00,Isco,Stream,,,,,,,,,,,,,,,,,,,,,,,,,,,,,,,,,,,,,EDT,,,,,,,,,Y,,,2025-03-12 00:00:00
RI25-1168,Hungerford,03/12/2025,11:15,Grab,Stream,,,0.0855215765193311,0.0322520444308399,,0.0227208501391124,4.19406338255835,3.04769237971169,0.0610336297686517,4.76745850549812,11.455316419064,0.024042591645148,22.7230507039778,,16.848,,,,,,,,-92.73,-12.982,,,,,,,,,,,,,EDT,,,AS-061025-059,0.0134801504169022,4.0627270698082,0.10294724585951,Run 2025-10-06,33,Y,,,2025-03-12 11:15:00
RI25-1169,Wade,03/11/2025,12:00,Isco,Stream,,,0.0223937033927976,0.0049955149304824,,0.0084895407979809,2.75155136525744,0.174946332761842,0.0046201573101304,0.42667979130245,0.559676595482497,0.0396520608502783,2.9945534820503,,,,,,,,,,-99.583,-14.35,,,,,,,,,,,,,EDT,,,AS-061025-060,0.0039576338433084,0.830056480899233,0.0186130309381133,,92,Y,,,2025-03-11 12:00:00
RI25-1170,Wade,03/11/2025,18:00,Isco,Stream,,,,,,,,,,,,,,,,,,,,,,,,,,,,,,,,,,,,,EDT,,,,,,,,,Y,,,2025-03-11 18:00:00
RI25-1171,Wade,03/12/2025,0:00,Isco,Stream,,,0.0275748044421634,0.0060498207985667,,0.341209450417935,2.45161268043986,1.73687359472542,0.0096774012901553,0.390129204695903,0.957928916071342,0.0427416878569778,2.78787355152407,,,,,,,,,,-103.113,-14.492,,,,,,,,,,,,,EDT,,,AS-061025-061,0.0028158567411389,0.842515790301798,0.0173000528727916,,93,Y,,,2025-03-12 00:00:00
RI25-1172,Wade,03/12/2025,10:15,Grab,Stream,,,0.021648977165031,0.0045201232521048,,0.152736043343338,1.99968721266895,0.913972418980111,0.0095605039573239,0.434474920561261,0.647572314686508,0.0271495793132488,2.88512559989707,,,,,,,,,,-99.765,-13.87,,,,,,,,,,,,,EDT,,,AS-061025-062,0.0024065138766611,0.83979095782918,0.0171870084542289,,34,Y,,,2025-03-12 10:15:00
RI25-1173,Wade,03/13/2025,12:00,Unknown,Stream,,,,,,,,,,,,,,,,,,,,,,,,,,,,,,,,,,,,,EDT,,,,,,,,,Y,,,2025-03-13 12:00:00
RI25-1174,Wade,03/13/2025,16:00,Unknown,Stream,,,,,,,,,,,,,,,,,,,,,,,,,,,,,,,,,,,,,EDT,,,,,,,,,Y,,,2025-03-13 16:00:00
RI25-1175,Hungerford,03/13/2025,14:45,Unknown,Stream,,,,,,,,,,,,,,,,,,,,,,,,,,,,,,,,,,,,,EDT,,,,,,,,,Y,,,2025-03-13 14:45:00
RI25-1181,Potash,03/04/2025,11:00,Baseflow,Endmember,,,0.0410559638859827,0.345541010312075,,0.0454222438598574,8.05798569874238,4.16628662716169,0.0434949232970824,23.7106117202646,446.472695181056,0.0055377806458749,71.1426591625559,,871.076,,,,,,,,-84.283,-12.089,,,,,,,,,,,,,EST,,,AS-061025-063,0.0478915594239327,8.55850597671221,0.320004419536244,Run 2025-10-06,35,Y,Pre-event grab,,2025-03-04 11:00:00
RI25-1182,Hungerford,03/04/2025,13:30,Baseflow,Endmember,,,0.0751811444293779,0.066302171333648,,0.0162875035399794,7.14900575892086,3.3404119502001,0.0488875367958694,9.03838043145902,27.241451298527,0.0084910027358623,43.122176484814,,44.872,,,,,,,,-82.639,-11.809,,,,,,,,,,,,,EST,,,AS-061025-064,0.0188363746139602,8.20691972213249,0.207195348769798,Run 2025-10-06,36,Y,Pre-event grab,,2025-03-04 13:30:00
RI25-1183,Wade,03/04/2025,15:30,Baseflow,Endmember,,,0.009092103176771,0.0026095486676182,,0.0041468426920175,3.84485177440072,0.182053032927269,0.0197199635885132,0.638458896858886,0.778910015187182,0.0139129260871779,4.35130449918243,,,,,,,,,,-89.087,-12.991,,,,,,,,,,,,,EST,,,AS-061025-065,0.0034023637081787,1.21711379744092,0.0267067794038097,,37,Y,Pre-event grab,,2025-03-04 15:30:00
RI25-1184,Potash,03/04/2025,14:00,Isco,Stream,,,0.0532336731789167,0.328119007702879,,0.22565993623335,7.60800786589501,5.13240317665123,0.041899200520751,23.186640015031,436.931737049,0.0108761570753064,67.4210620868038,,1212.859,,,,,,,,-84.069,-11.972,,,,,,,,,,,,,EST,,,AS-061025-066,0.0443952254992548,8.46639678339049,0.303894754147608,Run 2025-10-06,94,Y,,,2025-03-04 14:00:00
RI25-1185,Potash,03/04/2025,19:00,Isco,Stream,,,,,,,,,,,,,,,,,,,,,,,,,,,,,,,,,,,,,EST,,,,,,,,,Y,,,2025-03-04 19:00:00
RI25-1186,Potash,03/05/2025,0:00,Isco,Stream,,,,,,,,,,,,,,,,,,,,,,,,,,,,,,,,,,,,,EST,,,,,,,,,Y,,,2025-03-05 00:00:00
RI25-1187,Potash,03/05/2025,5:00,Isco,Stream,,,,,,,,,,,,,,,,,,,,,,,,,,,,,,,,,,,,,EST,,,,,,,,,Y,,,2025-03-05 05:00:00
RI25-1188,Potash,03/05/2025,10:00,Isco,Stream,,,,,,,,,,,,,,,,,,,,,,,,,,,,,,,,,,,,,EST,,,,,,,,,Y,,,2025-03-05 10:00:00
RI25-1189,Potash,03/05/2025,15:00,Isco,Stream,,,0.0420218476443939,0.331419100861207,,0.224724650398185,6.79481220572083,4.94898136549881,0.039700990198476,21.5609401929327,522.925351820843,0.0125648379237759,63.4363952844227,,1452.769,,,,,,,,-80.156,-11.505,,,,,,,,,,,,,EST,,,AS-061025-067,0.0485109490070274,9.38161110043533,0.314082033947134,Run 2025-10-06,95,Y,,,2025-03-05 15:00:00
RI25-1190,Potash,03/05/2025,20:00,Isco,Stream,,,,,,,,,,,,,,,,,,,,,,,,,,,,,,,,,,,,,EST,,,,,,,,,Y,,,2025-03-05 20:00:00
RI25-1191,Potash,03/06/2025,1:00,Isco,Stream,,,,,,,,,,,,,,,,,,,,,,,,,,,,,,,,,,,,,EST,,,,,,,,,Y,,,2025-03-06 01:00:00
RI25-1192,Potash,03/06/2025,6:00,Isco,Stream,,,,,,,,,,,,,,,,,,,,,,,,,,,,,,,,,,,,,EST,,,,,,,,,Y,,,2025-03-06 06:00:00
RI25-1193,Potash,03/06/2025,11:00,Isco,Stream,,,,,,,,,,,,,,,,,,,,,,,,,,,,,,,,,,,,,EST,,,,,,,,,Y,,,2025-03-06 11:00:00
RI25-1194,Potash,03/06/2025,16:00,Isco,Stream,,,0.149174433136655,0.19204269062174,,0.0030844866666093,3.74460100559478,3.36958912100208,0.055511270593935,8.79079885223306,143.042059715607,0.0219519571551464,25.8001539057531,,267.158,,,,,,,,-90.138,-13.015,,,,,,,,,,,,,EST,,,AS-061025-068,0.0199751309552987,3.45298046899028,0.112101441593841,Run 2025-10-06,96,Y,,,2025-03-06 16:00:00
RI25-1195,Potash,03/06/2025,21:00,Isco,Stream,,,,,,,,,,,,,,,,,,,,,,,,,,,,,,,,,,,,,EST,,,,,,,,,Y,,,2025-03-06 21:00:00
RI25-1196,Hungerford,03/06/2025,16:00,Isco,Stream,,,,,,,,,,,,,,,,,,,,,,,,,,,,,,,,,,,,,EST,,,,,,,,,Y,,,2025-03-06 16:00:00
RI25-1197,Hungerford,03/06/2025,21:00,Isco,Stream,,,,,,,,,,,,,,,,,,,,,,,,,,,,,,,,,,,,,EST,,,,,,,,,Y,,,2025-03-06 21:00:00
RI25-1198,Hungerford,03/07/2025,12:30,Grab,Stream,,,0.084267565605893,0.0409755543589327,,0.0018404562121752,4.20500855103409,3.58018801648071,0.0993085422801685,4.42333710608337,11.0234807351383,0.0212675466076864,22.1717394745123,,17.377,,,,,,,,-93.285,-13.469,,,,,,,,,,,,,EST,,,AS-061025-069,0.0127990104342547,4.09870558356429,0.0987139555244346,Run 2025-10-06,37,Y,All ice had melted/broken. Fast and turbid water.,,2025-03-07 12:30:00
RI25-1199,Potash,03/07/2025,11:15,Isco,Stream,,,0.10945939253627,0.13107564812756,,0.0033564431857771,4.2433774172377,3.4595675911843,0.041477203580401,11.1155757504709,172.144678392232,0.0083664701703457,29.234890909415,,342.941,,,,,,,,-90.826,-13.061,,,,,,,,,,,,,EST,,,AS-061025-070,0.0218959301909526,4.34813758820915,0.132338357737324,Run 2025-10-06,97,Y,All ice had melted/broken. Fast water.,,2025-03-07 11:15:00
RI25-1200,Potash,03/07/2025,13:00,Snowmelt lysimeter,Endmember,,,0.003306156052009,0.0052858641309003,,0.007167393122649,1.14221824890617,0.29920542380775,0.0481668231898921,0.679363463978907,2.72599185143812,0.0022513617721481,1.88573587045601,,2.533,,,,,,,,-97.252,-13.486,,,,,,,,,,,,,EST,,,AS-061025-071,0.0009122156802799,0.182541757523821,0.0074560326980783,Run 2025-10-06,38,Y,Emptied lysimeter bottles. Still a few cm of snow on Potash plastic sheet.,,2025-03-07 13:00:00
RI25-1201,Wade,03/11/2025,11:45,Baseflow,Endmember,,,0.0143214772341799,0.0022771954467288,,0.0527793702765137,3.18142354274354,0.232424167727597,0.0061969266760085,0.539838072406454,0.689185927757119,0.0237250506291488,3.52538032653245,,,,,,,,,,-92.245,-13.659,,,,,,,,,,,,,EDT,,,AS-061025-072,0.0042576689609612,0.982613097157009,0.0206199409042248,,39,Y,"Pre-event grab.  Slight chance got switched with 1201 pre-ISCO grab, should know from results MED",,2025-03-11 11:45:00
RI25-1202,Hungerford,03/11/2025,15:00,Baseflow,Endmember,,,0.0707585014398432,0.0222491754026907,,0.0176956296121753,5.9094021166089,2.46520355536095,0.0289039370490945,6.69177416765634,15.7886781306764,0.0125072861337549,31.9659786759245,,26.16,,,,,,,,-82.382,-11.898,,,,,,,,,,,,,EDT,,,AS-061025-073,0.0143519988174014,6.27239148914198,0.154495896206869,Run 2025-10-06,40,Y,Pre-event grab,,2025-03-11 15:00:00
RI25-1203,Potash,03/13/2025,10:15,Baseflow,Endmember,,,0.040223519908126,0.138145730315142,,0.0062868715789778,5.93063558890429,3.19077377625683,0.0313275186188668,16.4485849578003,225.602905478857,0.0118766767467586,44.153575828676,,419.443,,,,,,,,-85.523,-12.244,,,,,,,,,,,,,EDT,,,AS-061025-074,0.0297109490064784,6.02051757733667,0.200117214257795,Run 2025-10-06,41,Y,Pre-event grab,,2025-03-13 10:15:00
RI25-1204,Wade,03/17/2025,11:30,Grab,Stream,,,0.0256773452077715,0.0078199108708322,,0.0055282395251211,1.86561804560664,0.158398085567683,0.0062734913368125,0.282978656879348,0.552280822453907,0.0906798492881958,1.88946851031852,,,,,,,,,,-109.407,-15.655,,,,,,,,,,,,,EDT,,,AS-061025-075,0.0030053262583234,0.549582624431163,0.0119986594289822,,42,Y,,,2025-03-17 11:30:00
RI25-1205,Hungerford,03/17/2025,13:45,Grab,Stream,,,0.0839476790904132,0.0296294350083492,,0.004078059257217,4.74301663890943,3.40525971544648,0.0487442788118446,5.40717831288022,12.68346731078,0.0282961874684533,25.038428529165,,18.413,,,,,,,,-82.162,-11.842,,,,,,,,,,,,,EDT,,,AS-061025-076,0.0149032779418359,4.83970788083277,0.116951615680244,Run 2025-10-06,43,Y,Post-ISCO grab,,2025-03-17 13:45:00
RI25-1206,Wade,03/17/2025,12:00,Isco,Stream,,,0.0283963036145458,0.0061418853251473,,0.0759773240667166,2.13743252189181,0.517308788875027,0.0061675343703303,0.277360642379706,0.492883692057645,0.104304335542604,1.86872442345225,,,,,,,,,,-108.826,-15.571,,,,,,,,,,,,,EDT,,,AS-061025-077,0.0030076126963361,0.566775616110288,0.011873552245435,,99,Y,,,2025-03-17 12:00:00
RI25-1207,Wade,03/18/2025,0:00,Isco,Stream,,,,,,,,,,,,,,,,,,,,,,,,,,,,,,,,,,,,,EDT,,,,,,,,,Y,,,2025-03-18 00:00:00
RI25-1208,Wade,03/18/2025,12:00,Isco,Stream,,,,,,,,,,,,,,,,,,,,,,,,,,,,,,,,,,,,,EDT,,,,,,,,,Y,,,2025-03-18 12:00:00
RI25-1209,Wade,03/19/2025,0:00,Isco,Stream,,,,,,,,,,,,,,,,,,,,,,,,,,,,,,,,,,,,,EDT,,,,,,,,,Y,,,2025-03-19 00:00:00
RI25-1210,Wade,03/19/2025,12:00,Isco,Stream,,,0.0227502589221641,0.0138953007603043,,0.0725108049078228,2.75914551476054,0.429735392708427,0.003628246114398,0.379708822500472,0.559257175881316,0.0606319109211144,2.58624214664344,,,,,,,,,,-102.889,-14.769,,,,,,,,,,,,,EDT,,,AS-061025-078,0.0029061908597689,0.761558265919885,0.0157140504798523,,100,Y,,,2025-03-19 12:00:00
RI25-1211,Wade,03/20/2025,0:00,Isco,Stream,,,,,,,,,,,,,,,,,,,,,,,,,,,,,,,,,,,,,EDT,,,,,,,,,Y,,,2025-03-20 00:00:00
RI25-1212,Wade,03/20/2025,12:00,Isco,Stream,,,,,,,,,,,,,,,,,,,,,,,,,,,,,,,,,,,,,EDT,,,,,,,,,Y,,,2025-03-20 12:00:00
RI25-1213,Wade,03/21/2025,0:00,Isco,Stream,,,,,,,,,,,,,,,,,,,,,,,,,,,,,,,,,,,,,EDT,,,,,,,,,Y,,,2025-03-21 00:00:00
RI25-1214,Wade,03/21/2025,10:30,Grab,Stream,,,0.0202660462142286,0.0046038530398867,,0.0679377155765362,2.10339792229402,0.500292543548238,0.0059648767623282,0.270973656692082,0.442903062305972,0.0997649504729936,1.86335878788129,,,,,,,,,,-108.006,-15.463,,,,,,,,,,,,,EDT,,,AS-061025-079,0.0029635126186909,0.569095171963901,0.0113778923012058,,101,Y,,,2025-03-21 10:30:00
RI25-1215,Wade,03/28/2025,16:00,Isco,Stream,,,0.0188228490055357,0.0062613200597337,,0.120820655210148,3.11463922238103,0.503608942675776,0.0034717262005195,0.55573110098786,0.731728153347378,0.0264419937139355,3.83652960856689,,,,,,,,,,-97.139,-14.039,,,,,,,,,,,,,EDT,,,AS-061025-080,0.0036205253619755,1.14895548549161,0.0233038528736529,,123,Y,,,2025-03-28 16:00:00
RI25-1216,Wade,03/29/2025,16:00,Isco,Stream,,,0.0141448718455678,0.0109623865585995,,0.124805338062598,2.99340882654308,0.488606750076906,0.0048374441433378,0.531480110897974,0.682835057039442,0.0244247177249534,3.64333866216179,,,,,,,,,,-98.455,-14.242,,,,,,,,,,,,,EDT,,,AS-061025-081,0.0036076353844426,1.04299337245987,0.0218605883486798,,124,Y,,,2025-03-29 16:00:00
RI25-1217,Wade,03/30/2025,16:00,Isco,Stream,,,0.0254581871476977,0.0310071155585199,,0.0709904355306429,3.26970838836472,0.535012199188376,0.0044477852979184,0.629207733571181,0.804403894543082,0.0251385465197418,4.25872441464394,,,,,,,,,,-97.306,-14.064,,,,,,,,,,,,,EDT,,,AS-061025-082,0.0041458064119724,1.17434862293184,0.0262623091149711,,125,Y,,,2025-03-30 16:00:00
RI25-1218,Wade,03/31/2025,16:00,Isco,Stream,,,0.0172491458773217,0.0032943369504974,,0.0677554940662352,0.705524931342878,0.426513256805733,0.0036551138022235,0.130727363299819,0.209071350631324,0.0453110971537579,0.905585694640973,,,,,,,,,,-104.281,-15.01,,,,,,,,,,,,,EDT,,,AS-061025-083,0.0019082354361892,0.285676550438144,0.006074176439686,,126,Y,,,2025-03-31 16:00:00
RI25-1219,Wade,04/01/2025,16:00,Isco,Stream,,,0.0176125230082877,0.0053996936886839,,0.0692083116823287,2.12887255350338,0.760601568906782,0.0078061123351848,0.416704575925193,0.592885086673704,0.0527768453165105,2.82272012981563,,,,,,,,,,-103.149,-14.926,,,,,,,,,,,,,EDT,,,AS-061025-084,0.0033710990665316,0.837248836628558,0.0170905455655273,,127,Y,,,2025-04-01 16:00:00
RI25-1220,Wade,04/02/2025,16:00,Isco,Stream,,,0.0129507767931827,0.0045402825054749,,0.067801905670444,1.99692854571169,0.446848372644924,0.0070880041545448,0.461263531387287,0.59971711758944,0.0308535395517281,3.0692531680387,,,,,,,,,,-100.77,-14.61,,,,,,,,,,,,,EDT,,,AS-061025-085,0.0040404948627599,0.895602254173808,0.0182520856095621,,128,Y,,,2025-04-02 16:00:00
RI25-1221,Wade,04/03/2025,15:15,Grab,Stream,,,0.0180287041223276,0.0036144457397363,,0.0658388023903313,1.14813600872724,0.41475616333193,0.0041914849347155,0.172456750525717,0.291334796550104,0.0448002467931671,1.2648148961469,,,,,,,,,,-94.08,-13.653,,,,,,,,,,,,,EDT,,,AS-061025-086,0.0018550919617654,0.400188091847113,0.0080829829574975,,129,Y,,,2025-04-03 15:15:00
RI25-1226,Potash,03/18/2025,9:45,Grab,Stream,,,0.0927488980082975,0.19181121987292,,0.0180124594287082,5.70857162982107,2.548208669889,0.0354932990736835,15.2979889315258,209.239377376469,0.0071256162851732,44.9356760397765,,412.207,,,,,,,,-76,-11.035,,,,,,,,,,,,,EDT,,,AS-061025-087,0.027144797874997,6.10158626886811,0.194801645960583,Run 2025-10-06,44,Y,Mid-event grab,,2025-03-18 09:45:00
RI25-1227,Wade,03/07/2025,12:00,Snowmelt lysimeter,Endmember,,,0.0098635310971857,0.0140500260465246,,0.0509245017605753,0.1981908582859,0.594047623044881,0.0120155874002578,0.294648750317538,0.906987291608009,0.018329827298502,1.05126461350751,,,,,,,,,,-161.961,-22.037,,,,,,,,,,,,,EDT,,,AS-061025-088,0.0008554067434984,0.300303855810626,0.0055840668126927,,45,Y,Missing GF/F sample currently.,,2025-03-07 12:00:00
RI25-1228,Hungerford,03/07/2025,16:00,Snowmelt lysimeter,Endmember,,,0.0106527241176964,0.0100103480278188,,0.0269275473725334,0.186822453494061,0.750696603622076,0.0344458136771672,0.277737044107506,0.723701940358386,0.0121497666038943,1.1216511729118,,1.975,,,,,,,,-112.538,-15.487,,,,,,,,,,,,,EST,,,AS-061025-089,0.0023457894441581,0.137375946609836,0.0049807538078414,Run 2025-10-06,46,Y,,,2025-03-07 16:00:00
RI25-1229,Wade,03/17/2025,12:00,Snowmelt lysimeter,Endmember,,,0.0074244643645789,0.0091086709624915,,0.0165948878584498,0.173011848006445,0.487547030439495,0.0145816444168773,0.116653337932215,0.337633722564304,0.0071169169761825,0.405398585281557,,,,,,,,,,-144.825,-19.965,,,,,,,,,,,,,EDT,,,AS-061025-090,0.0008547011946214,0.141262966888262,0.0023225113028545,,47,Y,"Slight chance got switched with 1201 pre-ISCO grab, should know from results MED. Missing GF/F sample currently.",,2025-03-17 12:00:00
RI25-1230,Hungerford,03/17/2025,14:00,Snowmelt lysimeter,Endmember,,,0.0144955578055677,0.0071920655388572,,0.0038817867105999,0.368928661744995,0.755043635361557,0.023840136837084,0.468033026260817,0.924824089584703,0.0169517455685153,1.27565818036987,,1.872,,,,,,,,-116.792,-15.922,,,,,,,,,,,,,EDT,,,AS-061025-091,0.0022844961057745,0.081996201329727,0.0072821840187373,Run 2025-10-06,48,Y,Not sure about GF/F - check. Missing GF/F sample currently.,,2025-03-17 14:00:00
RI25-1231,Wade,03/13/2025,18:00,Isco,Stream,,,,,,,,,,,,,,,,,,,,,,,,,,,,,,,,,,,,,EDT,,,,,,,,,Y,Missing GF/F sample currently.,,2025-03-13 18:00:00
RI25-1232,Wade,03/14/2025,0:00,Isco,Stream,,,0.0534736682248434,0.0058234682746695,,0.0031779047164256,3.11022823668501,0.179043618906967,0.0069797221877421,0.476053793260232,0.56975649904155,0.0299034168592539,3.18070524870376,,,,,,,,,,-95.081,-13.774,,,,,,,,,,,,,EDT,,,AS-061025-092,0.0031934717189009,0.905218543684765,0.0199623059604306,,102,Y,Figure out if I sampled GF/Fs,,2025-03-14 00:00:00
RI25-1233,Wade,03/14/2025,12:00,Isco,Stream,,,,,,,,,,,,,,,,,,,,,,,-94.145,-13.583,,,,,,,,,,,,,EDT,,,,,,,,,Y,Figure out if I sampled GF/Fs,This vial didn't seem to be included in the original sample list. All info written on the vial has been entered here.,2025-03-14 12:00:00
RI25-1234,Wade,03/14/2025,18:00,Isco,Stream,,,,,,,,,,,,,,,,,,,,,,,,,,,,,,,,,,,,,EDT,,,,,,,,,Y,Figure out if I sampled GF/Fs,,2025-03-14 18:00:00
RI25-1235,Wade,03/15/2025,0:00,Isco,Stream,,,,,,,,,,,,,,,,,,,,,,,,,,,,,,,,,,,,,EDT,,,,,,,,,Y,Figure out if I sampled GF/Fs,,2025-03-15 00:00:00
RI25-1236,Wade,03/15/2025,6:00,Isco,Stream,,,,,,,,,,,,,,,,,,,,,,,,,,,,,,,,,,,,,EDT,,,,,,,,,Y,Figure out if I sampled GF/Fs,,2025-03-15 06:00:00
RI25-1237,Wade,03/15/2025,12:00,Isco,Stream,,,,,,,,,,,,,,,,,,,,,,,,,,,,,,,,,,,,,EDT,,,,,,,,,Y,Figure out if I sampled GF/Fs,,2025-03-15 12:00:00
RI25-1238,Wade,03/15/2025,18:00,Isco,Stream,,,0.032086941665418,0.0092079603938246,,0.0031200784079311,1.81594946518661,0.116138323020737,0.0045839467758176,0.277173921297911,0.373959133498145,0.0525108057021434,2.01002773741847,,,,,,,,,,-106.627,-15.144,,,,,,,,,,,,,EDT,,,AS-061025-093,0.0021097007062277,0.573681073423413,0.0132839140662846,,103,Y,Figure out if I sampled GF/Fs,,2025-03-15 18:00:00
RI25-1239,Wade,03/16/2025,0:00,Isco,Stream,,,,,,,,,,,,,,,,,,,,,,,,,,,,,,,,,,,,,EDT,,,,,,,,,Y,Figure out if I sampled GF/Fs,,2025-03-16 00:00:00
RI25-1240,Wade,03/16/2025,6:00,Isco,Stream,,,,,,,,,,,,,,,,,,,,,,,,,,,,,,,,,,,,,EDT,,,,,,,,,Y,Figure out if I sampled GF/Fs,,2025-03-16 06:00:00
RI25-1241,Wade,03/16/2025,12:00,Isco,Stream,,,,,,,,,,,,,,,,,,,,,,,,,,,,,,,,,,,,,EDT,,,,,,,,,Y,Figure out if I sampled GF/Fs,,2025-03-16 12:00:00
RI25-1242,Wade,03/16/2025,18:00,Isco,Stream,,,,,,,,,,,,,,,,,,,,,,,,,,,,,,,,,,,,,EDT,,,,,,,,,Y,Figure out if I sampled GF/Fs,,2025-03-16 18:00:00
RI25-1243,Wade,03/17/2025,0:00,Isco,Stream,,,,,,,,,,,,,,,,,,,,,,,,,,,,,,,,,,,,,EDT,,,,,,,,,Y,Figure out if I sampled GF/Fs,,2025-03-17 00:00:00
RI25-1244,Wade,03/17/2025,6:00,Isco,Stream,,,,,,,,,,,,,,,,,,,,,,,,,,,,,,,,,,,,,EDT,,,,,,,,,Y,Figure out if I sampled GF/Fs,,2025-03-17 06:00:00
RI25-1245,Hungerford,03/13/2025,18:00,Isco,Stream,,,0.0462708967840033,0.0019780969502765,,0.0078304832444535,5.93336885469821,2.3198831715291,0.0362180840134745,6.0264762357121,13.4832624594098,0.0148240869523592,28.79254385396,,18.37,,,,,,,,-84.797,-12.17,,,,,,,,,,,,,EDT,,,AS-061025-094,0.0153335819372121,5.73528289492305,0.1395019613578,Run 2025-10-06,104,Y,Missing GF/F sample currently.,,2025-03-13 18:00:00
RI25-1246,Hungerford,03/14/2025,0:00,Isco,Stream,,,,,,,,,,,,,,,,,,,,,,,,,,,,,,,,,,,,,EDT,,,,,,,,,Y,,,2025-03-14 00:00:00
RI25-1247,Hungerford,03/14/2025,6:00,Isco,Stream,,,,,,,,,,,,,,,,,,,,,,,,,,,,,,,,,,,,,EDT,,,,,,,,,Y,,,2025-03-14 06:00:00
RI25-1248,Hungerford,03/14/2025,12:00,Isco,Stream,,,,,,,,,,,,,,,,,,,,,,,,,,,,,,,,,,,,,EDT,,,,,,,,,Y,,,2025-03-14 12:00:00
RI25-1249,Hungerford,03/14/2025,18:00,Isco,Stream,,,,,,,,,,,,,,,,,,,,,,,,,,,,,,,,,,,,,EDT,,,,,,,,,Y,,,2025-03-14 18:00:00
RI25-1250,Hungerford,03/15/2025,0:00,Isco,Stream,,,0.0453507342952041,0.0032331644388746,,0.0020438221071105,5.44147857343051,2.80533286178506,0.0336465758249266,5.70922608836162,12.0726128753181,0.015521913093915,28.1846544121261,,,,,,,,,,,,,,,,,,,,,,,,EDT,,,AS-061025-095,0.013799486158659,5.22272121604563,0.129300656099922,,,Y,,,2025-03-15 00:00:00
RI25-1251,Hungerford,03/15/2025,6:00,Isco,Stream,,,,,,,,,,,,,,,,,,,,,,,-86.751,-12.373,,,,,,,,,,,,,EDT,,,,,,,,105,N,,,2025-03-15 06:00:00
RI25-1252,Hungerford,03/15/2025,12:00,Isco,Stream,,,,,,,,,,,,,,,,,,,,,,,,,,,,,,,,,,,,,EDT,,,,,,,,,N,,,2025-03-15 12:00:00
RI25-1253,Hungerford,03/15/2025,18:00,Isco,Stream,,,,,,,,,,,,,,,,,,,,,,,,,,,,,,,,,,,,,EDT,,,,,,,,,N,,,2025-03-15 18:00:00
RI25-1254,Hungerford,03/16/2025,0:00,Isco,Stream,,,,,,,,,,,,,,,,,,,,,,,,,,,,,,,,,,,,,EDT,,,,,,,,,N,,,2025-03-16 00:00:00
RI25-1255,Hungerford,03/16/2025,6:00,Isco,Stream,,,,,,,,,,,,,,,,,,,,,,,,,,,,,,,,,,,,,EDT,,,,,,,,,N,,,2025-03-16 06:00:00
RI25-1256,Hungerford,03/16/2025,12:00,Isco,Stream,,,,,,,,,,,,,,,,,,,,,,,,,,,,,,,,,,,,,EDT,,,,,,,,,N,,,2025-03-16 12:00:00
RI25-1257,Hungerford,03/16/2025,18:00,Isco,Stream,,,,,,,,,,,,,,,,,,,,,,,-87.438,-12.538,,,,,,,,,,,,,EDT,,,,,,,,106,N,Missing PES as of 2025-06-09 MED,,2025-03-16 18:00:00
RI25-1258,Hungerford,03/17/2025,0:00,Isco,Stream,,,,,,,,,,,,,,,,,,,,,,,,,,,,,,,,,,,,,EDT,,,,,,,,,N,,,2025-03-17 00:00:00
RI25-1259,Hungerford,03/17/2025,6:00,Isco,Stream,,,,,,,,,,,,,,,,,,,,,,,,,,,,,,,,,,,,,EDT,,,,,,,,,N,,,2025-03-17 06:00:00
RI25-1260,Hungerford,03/17/2025,12:00,Isco,Stream,,,,,,,,,,,,,,,,,,,,,,,,,,,,,,,,,,,,,EDT,,,,,,,,,N,,,2025-03-17 12:00:00
RI25-1261,Potash,03/21/2025,10:30,Grab,Stream,,,0.051664466976574,0.0938628401645812,,0.0462351428027325,5.63482263172187,2.34202599432851,0.0318097159808405,14.3519690868186,189.240438146443,0.0070667820576382,49.5932098059491,,414.602,,,,,,,,-70.838,-10.509,,,,,,,,,,,,,EDT,,,AS-061025-096,0.0284185101063078,6.13721002638455,0.197129219891352,Run 2025-10-06,49,Y,Post-ISCO grab,,2025-03-21 10:30:00
RI25-1262,Hungerford,03/21/2025,12:30,Grab,Stream,,,0.0632580741914537,0.0101272256491929,,0.0081483464655327,5.82288267679657,4.29853166977444,0.0511580587312288,7.35013036544509,25.6217747331431,0.0177931068283098,35.8786426072109,,41.745,,,,,,,,-74.072,-10.991,,,,,,,,,,,,,EDT,,,AS-061025-097,0.0202904829352872,6.42356200158581,0.159749038611293,Run 2025-10-06,50,Y,Post-ISCO grab,,2025-03-21 12:30:00
RI25-1263,Potash,03/14/2025,0:00,Isco,Stream,,,,,,,,,,,,,,,,,,,,,,,,,,,,,,,,,,,,,EDT,,,,,,,,,Y,,,2025-03-14 00:00:00
RI25-1264,Potash,03/14/2025,18:00,Isco,Stream,,,,,,,,,,,,,,,,,,,,,,,,,,,,,,,,,,,,,EDT,,,,,,,,,Y,,,2025-03-14 18:00:00
RI25-1265,Potash,03/15/2025,0:00,Isco,Stream,,,0.0278382770332471,0.0125533073084137,,0.0051498016337439,6.09284622065931,2.61754667960225,0.0318726473244017,15.7074751276184,215.753134300114,0.0133578812787467,50.4765321115148,,590.673,,,,,,,,-81.485,-11.707,,,,,,,,,,,,,EDT,,,AS-061025-098,0.0290592868819556,6.24181892907996,0.216012474959098,Run 2025-10-06,107,Y,,,2025-03-15 00:00:00
RI25-1266,Potash,03/15/2025,6:00,Isco,Stream,,,,,,,,,,,,,,,,,,,,,,,,,,,,,,,,,,,,,EDT,,,,,,,,,Y,,,2025-03-15 06:00:00
RI25-1267,Potash,03/15/2025,12:00,Isco,Stream,,,,,,,,,,,,,,,,,,,,,,,,,,,,,,,,,,,,,EDT,,,,,,,,,Y,,,2025-03-15 12:00:00
RI25-1268,Potash,03/15/2025,18:00,Isco,Stream,,,,,,,,,,,,,,,,,,,,,,,,,,,,,,,,,,,,,EDT,,,,,,,,,Y,,,2025-03-15 18:00:00
RI25-1269,Potash,03/16/2025,0:00,Isco,Stream,,,0.0443856118419439,0.0047938336570844,,0.0096531282439059,5.82545225048238,2.29814884321897,0.027182348730683,13.7843774876906,169.773540329855,0.0188226165481802,44.106495279878,,325.382,,,,,,,,-82.814,-11.798,,,,,,,,,,,,,EDT,,,AS-061025-099,0.0250776415182679,5.09745026350595,0.18375461326689,Run 2025-10-06,108,Y,,,2025-03-16 00:00:00
RI25-1270,Potash,03/16/2025,6:00,Isco,Stream,,,,,,,,,,,,,,,,,,,,,,,,,,,,,,,,,,,,,EDT,,,,,,,,,Y,,,2025-03-16 06:00:00
RI25-1271,Potash,03/16/2025,12:00,Isco,Stream,,,,,,,,,,,,,,,,,,,,,,,,,,,,,,,,,,,,,EDT,,,,,,,,,Y,,,2025-03-16 12:00:00
RI25-1272,Potash,03/16/2025,18:00,Isco,Stream,,,,,,,,,,,,,,,,,,,,,,,,,,,,,,,,,,,,,EDT,,,,,,,,,Y,,,2025-03-16 18:00:00
RI25-1273,Potash,03/17/2025,0:00,Isco,Stream,,,0.0545616336407328,0.06605714763499,,0.0291679269587239,5.6859188438194,2.33301540181738,0.0245414709981533,13.5201285169062,179.643274489474,0.0074618734718378,43.6565385497056,,344.863,,,,,,,,-82.533,-11.797,,,,,,,,,,,,,EDT,,,AS-061025-100,0.0246769582979236,5.21821691610352,0.184865389699341,Run 2025-10-06,109,Y,,,2025-03-17 00:00:00
RI25-1274,Potash,03/17/2025,6:00,Isco,Stream,,,,,,,,,,,,,,,,,,,,,,,,,,,,,,,,,,,,,EDT,,,,,,,,,Y,,,2025-03-17 06:00:00
RI25-1275,Potash,03/17/2025,12:00,Isco,Stream,,,,,,,,,,,,,,,,,,,,,,,,,,,,,,,,,,,,,EDT,,,,,,,,,Y,,,2025-03-17 12:00:00
RI25-1276,Potash,03/17/2025,18:00,Isco,Stream,,,,,,,,,,,,,,,,,,,,,,,,,,,,,,,,,,,,,EDT,,,,,,,,,Y,,,2025-03-17 18:00:00
RI25-1277,Potash,03/18/2025,0:00,Isco,Stream,,,,,,,,,,,,,,,,,,,,,,,,,,,,,,,,,,,,,EDT,,,,,,,,,Y,,,2025-03-18 00:00:00
RI25-1278,Potash,03/18/2025,6:00,Isco,Stream,,,0.0831404463078281,0.0481346489147027,,0.0066085381591744,5.26367408890495,2.31637050766984,0.0303893718731855,14.0064454557126,185.717257804978,0.009761173796996,45.0198429337836,,334.348,,,,,,,,-75.127,-10.963,,,,,,,,,,,,,EDT,,,AS-061025-101,0.0252231381485017,5.71041217794686,0.184660676729767,Run 2025-10-06,110,Y,,,2025-03-18 06:00:00
RI25-1279,Potash,03/18/2025,16:00,Isco,Stream,,,,,,,,,,,,,,,,,,,,,,,,,,,,,,,,,,,,,EDT,,,,,,,,,Y,,,2025-03-18 16:00:00
RI25-1280,Potash,03/19/2025,16:00,Isco,Stream,,,,,,,,,,,,,,,,,,,,,,,,,,,,,,,,,,,,,EDT,,,,,,,,,Y,,,2025-03-19 16:00:00
RI25-1281,Potash,03/20/2025,16:00,Isco,Stream,,,0.0423572469794294,0.0883771004791122,,0.0072193242697679,5.39985323339778,2.64216990979449,0.0318154097128957,17.5531925643971,239.043566303302,0.0057928440202968,52.7342444036708,,469.364,,,,,,,,-74.87,-10.876,,,,,,,,,,,,,EDT,,,AS-061025-102,0.0305552916205909,7.55734903384709,0.228480103869332,Run 2025-10-06,111,Y,,,2025-03-20 16:00:00
RI25-1282,Hungerford,03/18/2025,16:00,Isco,Stream,,,0.0417459772322199,0.0011719912998464,,0.0032631582613269,5.05331324079296,2.22017533642945,0.0246896108381832,5.46444734201751,13.2139756820314,0.0147642474249661,29.282699837962,,,,,,,,,,-81.015,-11.717,,,,,,,,,,,,,EDT,,,AS-061025-103,0.0137586807909056,5.00725537330327,0.1329884290986,,112,Y,,,2025-03-18 16:00:00
RI25-1283,Hungerford,03/19/2025,16:00,Isco,Stream,,,0.0361622486246047,0.0012389890931229,,0.0025746310251099,6.22888636021446,2.43856364441414,0.0302538962866445,7.02105739713291,17.3339491018183,0.0116827715939919,38.0960197202654,,27.088,,,,,,,,-79.91,-11.55,,,,,,,,,,,,,EDT,,,AS-061025-104,0.017979117459887,6.46086832415303,0.173180953069529,Run 2025-10-06,113,Y,,,2025-03-19 16:00:00
RI25-1284,Hungerford,03/20/2025,16:00,Isco,Stream,,,0.0384557183884101,0.0023854821573238,,0.0025320819981725,6.20119032099373,2.20152477288636,0.0250501843972445,6.97878648867797,16.1255244227731,0.0101416253977062,37.5891228917646,,24.585,,,,,,,,-78.998,-11.5,,,,,,,,,,,,,EDT,,,AS-061025-105,0.0168806531892167,6.40214366916121,0.173791700251461,Run 2025-10-06,114,Y,,,2025-03-20 16:00:00
RI25-1285,Hungerford,03/17/2025,16:00,Isco,Stream,,,0.0503330385832782,0.0010607879003867,,0.0031336427013975,4.86737500769646,2.99758733307443,0.0362700970418009,5.48562940203862,12.6417062823417,0.0164963188468922,27.9315818317438,,19.298,,,,,,,,-81.862,-11.874,,,,,,,,,,,,,EDT,,,AS-061025-106,0.0158402430112792,4.94566730877515,0.122845552563918,Run 2025-10-06,115,Y,,,2025-03-17 16:00:00
RI25-1286,Potash,03/19/2025,15:15,Soil water lysimeter dry,Endmember,,,0.0263091477739987,0.0010961804297588,,0.0172401564022104,0.536106316371191,6.24344686158433,0.359538157366964,1.22193633386238,2.70910237928903,0.0196330946261334,4.70371684514793,,5.002,,,,,,,,-104.657,-14.507,,,,,,,,,,,,,EDT,,,AS-061025-107,0.0048666176943241,0.440284955614656,0.0137741117522103,Run 2025-10-06,51,Y,,,2025-03-19 15:15:00
RI25-1287,Potash,03/19/2025,15:00,Snowmelt lysimeter,Endmember,,,0.0057769133357339,0.0035080847051434,,0.0076269883562921,1.65398643420911,0.58941927607672,0.0228083866500874,0.640358534165793,2.11162396780117,0.0037598151844479,1.94346669704879,,2.223,,,,,,,,-82.365,-10.962,,,,,,,,,,,,,EDT,,,AS-061025-108,0.0008944476819299,0.18069603184567,0.0099982970183845,Run 2025-10-06,52,Y,,I reran this sample the next day; low d-excess remained consistant. Values reported are from the original 6/10 run.,2025-03-19 15:00:00
RI25-1288,Hungerford,03/21/2025,12:30,Soil water lysimeter dry,Endmember,,,0.0196978101604263,0.0030695363116819,,0.0075680450258891,14.2149798291812,0.260458420965447,0.0891658278457207,5.19866547645978,7.4256838671046,0.0206062939539302,37.3534551404776,,11.373,,,,,,,,-69.765,-10.385,,,,,,,,,,,,,EDT,,,AS-061025-109,0.0206602268282388,11.6386971004496,0.147434582450313,Run 2025-10-06,53,Y,,,2025-03-21 12:30:00
RI25-1289,Hungerford,03/21/2025,12:30,Soil water lysimeter wet,Endmember,,,0.160410675821434,0.0032433006041952,,0.0107114344017018,8.83032090153328,0.920598577285501,0.08662352501668,1.73723820087858,2.23317605208635,0.172333779991541,8.8898938853751,,5.252,,,,,,,,-86.101,-12.481,,,,,,,,,,,,,EDT,,,AS-061025-110,0.0124023605296914,2.36938356664775,0.0460506709335277,Run 2025-10-06,54,y,,,2025-03-21 12:30:00
RI25-1290,Wade,03/03/2025,15:45,Baseflow,Endmember,,,0.00841292896883,0.0020234022367026,,0.0033540315280288,3.97862414233901,0.224145735051009,0.004689193560016,0.6530137109891,0.768350455883591,0.0124078399611881,4.40342620740259,,,,,,,,,,,,,,,,,,,,,,,,EST,,,AS-061025-111,0.0038023797782991,1.23729629692767,0.0274065378979662,,55,Y,"SB took, Megan relabeled as RI25 because good baseflow. As of 3/27 need to sticker GF/F and stable iso. Found GF/F as of 5/22/25",,2025-03-03 15:45:00
RI25-1291,Wade,03/21/2025,12:00,Isco,Stream,,,0.0224274871772467,0.0044549333503965,,0.082862352819509,2.000723165981,0.395074417233993,0.0046169239481477,0.293058969887609,0.475148885905257,0.0942448137531918,1.95134825579415,,,,,,,,,,-107.409,-15.58,,,,,,,,,,,,,EDT,,,AS-061025-112,0.0035091233430481,0.600018480310689,0.0119003707554101,,116,Y,"MED, SH",,2025-03-21 12:00:00
RI25-1292,Wade,03/22/2025,0:00,Isco,Stream,,,0.0320220009295653,0.00574925424176,,0.0804857253964732,3.33814684320299,0.467429760120666,0.0061655404358646,0.471207110364776,0.719531493455165,0.093588474309083,3.14013658271613,,,,,,,,,,-106.317,-15.3,,,,,,,,,,,,,EDT,,,AS-061025-113,0.0048572140605519,0.918972549220196,0.019118217733893,,117,Y,"MED, SH",,2025-03-22 00:00:00
RI25-1293,Wade,03/22/2025,12:00,Isco,Stream,,,0.0230678249659796,0.0053130059182342,,0.0736650647984186,2.34979810088984,0.394209717030484,0.0031142519589298,0.352260612590984,0.516602721173062,0.0644699083255899,2.41888024575619,,,,,,,,,,-104.567,-15.077,,,,,,,,,,,,,EDT,,,AS-061025-114,0.0030437538872352,0.692812027820295,0.0144572967995788,,118,Y,"MED, SH",,2025-03-22 12:00:00
RI25-1294,Wade,03/23/2025,0:00,Isco,Stream,,,0.0259986735960661,0.0062381384714795,,0.0717240085945075,2.68477706753399,0.404990714088254,0.001983893322638,0.497442977602035,0.746023998707565,0.0749199311247966,3.52361582036159,,,,,,,,,,-103.858,-14.944,,,,,,,,,,,,,EDT,,,AS-061025-115,0.0037208955958741,1.02592988940233,0.0220104138754022,,119,Y,"MED, SH",,2025-03-23 00:00:00
RI25-1295,Wade,03/26/2025,0:00,Isco,Stream,,,0.0179829851225135,0.0046295200564467,,0.0687777405372081,3.01415550142665,0.391087572417105,0.0006100521669815,0.44494454973604,0.587954956553395,0.0633550873024143,2.98053298626599,,,,,,,,,,-99.884,-14.486,,,,,,,,,,,,,EDT,,,AS-061025-116,0.0030331291542142,0.87315707507824,0.0180888685711239,,120,Y,"MED, SH",,2025-03-26 00:00:00
RI25-1296,Wade,03/26/2025,12:00,Isco,Stream,,,,,,,,,,,,,,,,,,,,,,,,,,,,,,,,,,,,,EDT,,,,,,,,,Y,"MED, SH",,2025-03-26 12:00:00
RI25-1297,Wade,03/27/2025,0:00,Isco,Stream,,,0.0248608080471373,0.0117200570982872,,0.0779223044916069,3.91094025683452,0.490395700675302,0.0045245211483252,0.677374637154079,0.892173004486074,0.0556685128569579,4.50731382471392,,,,,,,,,,-99.37,-14.488,,,,,,,,,,,,,EDT,,,AS-061025-117,0.0044277351491157,1.28623228816738,0.0272894059965774,,121,Y,"MED, SH",,2025-03-27 00:00:00
RI25-1298,Wade,03/27/2025,12:00,Isco,Stream,,,,,,,,,,,,,,,,,,,,,,,,,,,,,,,,,,,,,EDT,,,,,,,,,Y,"MED, SH",,2025-03-27 12:00:00
RI25-1299,Wade,03/28/2025,0:00,Isco,Stream,,,0.0188284111163121,0.0117015486449933,,0.0709968599786044,3.03917653651704,0.457367450540307,0.003403379018699,0.51039964379979,0.686147982617975,0.038491685229599,3.44400187875199,,,,,,,,,,-97.995,-14.21,,,,,,,,,,,,,EDT,,,AS-061025-118,0.0036445174568046,1.01041413735434,0.0209291808985159,,122,Y,"MED, SH",,2025-03-28 00:00:00
RI25-1300,Wade,03/28/2025,11:00,Grab,Stream,,,0.0187977379654516,0.0084020729882281,,0.0663641760347823,3.47223205924954,0.484997617747466,0.0048236524523137,0.664435580605262,0.899629477565935,0.044089260350916,4.48350305032789,,,,,,,,,,-97.736,-14.225,,,,,,,,,,,,,EDT,,,AS-061025-119,0.0046862374656288,1.31278627736775,0.027427888471748,,56,Y,"MED, SH Mid-event grab ",,2025-03-28 11:00:00
RI25-1301,Wade,03/28/2025,11:30,Snowmelt lysimeter,Endmember,,,0.0050293764244089,0.0113563035296846,,0.0805626222238855,0.295138241664404,0.812808715495903,0.0093352459503896,0.133976670078496,0.462552906224064,0.0249026085075288,0.489042125094086,,,,,,,,,,-113.637,-15.855,,,,,,,,,,,,,EDT,,,AS-061025-120,0.0010773422919634,0.163327994264156,0.0028466662088906,,57,Y,"MED, SH",,2025-03-28 11:30:00
RI25-1302,Wade,04/03/2025,16:00,Isco,Stream,,,0.0307232438526442,0.0054805826472359,,0.0836434362805728,2.24345059673144,0.488010416953098,0.0061283555181527,0.371243553529233,0.467016592614648,0.086891141007012,1.9498361604264,,,,,,,,,,-94.787,-13.739,,,,,,,,,,,,,EDT,,,AS-061025-121,0.0031028959847215,0.616222096664306,0.0124351378547052,,58,Y,"MED, AG",,2025-04-03 16:00:00
RI25-1303,Wade,04/04/2025,9:15,Grab,Stream,,,0.0259028554674216,0.0041147857471568,,0.0782373736519452,2.37398968305807,0.442013890044142,0.0036673350922547,0.337350524701959,0.489714481359362,0.0895911048904491,2.1452086864722,,,,,,,,,,-99.429,-14.454,,,,,,,,,,,,,EDT,,,AS-061025-122,0.0033846019949671,0.66121514600209,0.0130096217689325,,59,Y,"MED, AG Post-ISCO grab ",,2025-04-04 09:15:00
RI25-1304,Wade,04/04/2025,9:30,Snowmelt lysimeter,Endmember,,,0.0074147920842676,0.0051941881983693,,0.0868963134996833,0.562828779261674,0.576386244088574,0.0075926176319185,0.125219376272607,0.278794139651271,0.0311498138740462,0.426163773040128,,,,,,,,,,-84.147,-11.896,,,,,,,,,,,,,EDT,,,AS-061025-123,0.0013233458615952,0.14814875974295,0.0025705355171308,,60,Y,"MED, AG",,2025-04-04 09:30:00
RI25-1305,Wade,04/04/2025,9:30,Soil water lysimeter dry,Endmember,,,0.101765238034797,0.0018966321689301,,0.0751039715822787,2.40766324470149,0.379094900792271,0.0087073367186248,0.137331118412547,0.270041434547446,0.366951883474271,0.293645560855869,,,,,,,,,,-113.574,-16.037,,,,,,,,,,,,,EDT,,,AS-061025-124,0.0046436344154738,0.328974064642618,0.0025641808304098,,61,Y,"MED, AG",,2025-04-04 09:30:00
RI25-1306,Wade,04/04/2025,9:45,Soil water lysimeter wet,Endmember,,,0.0467166633663416,0.0102993751928283,,0.107306699010177,4.07116792007254,0.455648037161756,0.0171492849957877,0.182482552111723,0.302194114131295,0.575673840047998,1.00858708701716,,,,,,,,,,-110.886,-15.606,,,,,,,,,,,,,EDT,,,AS-061025-125,0.0066049392071814,0.622071542902076,0.0098863608096161,,62,Y,"MED, AG",,2025-04-04 09:45:00
